Ticker,Statement,Metric,XBRL Tag,Filing Fiscal Year,Filing Fiscal Period,Period Type,Start Date,End Date,Filing Date,Form,Value,Unit,Accession,Frame
AAPL,Balance Sheet,Accounts Payable,AccountsPayableCurrent,2009,FY,Instant,,2008-09-27,2009-10-27,10-K,5520000000,USD,0001193125-09-214859,
AAPL,Balance Sheet,Accounts Payable,AccountsPayableCurrent,2009,FY,Instant,,2009-09-26,2009-10-27,10-K,5601000000,USD,0001193125-09-214859,
AAPL,Balance Sheet,Accounts Payable,AccountsPayableCurrent,2010,FY,Instant,,2009-09-26,2010-10-27,10-K,5601000000,USD,0001193125-10-238044,CY2009Q3I
AAPL,Balance Sheet,Accounts Payable,AccountsPayableCurrent,2010,FY,Instant,,2010-09-25,2010-10-27,10-K,12015000000,USD,0001193125-10-238044,
AAPL,Balance Sheet,Accounts Payable,AccountsPayableCurrent,2011,FY,Instant,,2010-09-25,2011-10-26,10-K,12015000000,USD,0001193125-11-282113,CY2010Q3I
AAPL,Balance Sheet,Accounts Payable,AccountsPayableCurrent,2011,FY,Instant,,2011-09-24,2011-10-26,10-K,14632000000,USD,0001193125-11-282113,
AAPL,Balance Sheet,Accounts Payable,AccountsPayableCurrent,2012,FY,Instant,,2011-09-24,2012-10-31,10-K,14632000000,USD,0001193125-12-444068,
AAPL,Balance Sheet,Accounts Payable,AccountsPayableCurrent,2012,FY,Instant,,2012-09-29,2012-10-31,10-K,21175000000,USD,0001193125-12-444068,
AAPL,Balance Sheet,Accounts Payable,AccountsPayableCurrent,2013,FY,Instant,,2012-09-29,2013-10-30,10-K,21175000000,USD,0001193125-13-416534,CY2012Q3I
AAPL,Balance Sheet,Accounts Payable,AccountsPayableCurrent,2013,FY,Instant,,2013-09-28,2013-10-30,10-K,22367000000,USD,0001193125-13-416534,
AAPL,Balance Sheet,Accounts Payable,AccountsPayableCurrent,2014,FY,Instant,,2013-09-28,2014-10-27,10-K,22367000000,USD,0001193125-14-383437,
AAPL,Balance Sheet,Accounts Payable,AccountsPayableCurrent,2014,FY,Instant,,2014-09-27,2014-10-27,10-K,30196000000,USD,0001193125-14-383437,
AAPL,Balance Sheet,Accounts Payable,AccountsPayableCurrent,2015,FY,Instant,,2014-09-27,2015-10-28,10-K,30196000000,USD,0001193125-15-356351,CY2014Q3I
AAPL,Balance Sheet,Accounts Payable,AccountsPayableCurrent,2015,FY,Instant,,2015-09-26,2015-10-28,10-K,35490000000,USD,0001193125-15-356351,
AAPL,Balance Sheet,Accounts Payable,AccountsPayableCurrent,2016,FY,Instant,,2015-09-26,2016-10-26,10-K,35490000000,USD,0001628280-16-020309,CY2015Q3I
AAPL,Balance Sheet,Accounts Payable,AccountsPayableCurrent,2016,FY,Instant,,2016-09-24,2016-10-26,10-K,37294000000,USD,0001628280-16-020309,
AAPL,Balance Sheet,Accounts Payable,AccountsPayableCurrent,2017,FY,Instant,,2016-09-24,2017-11-03,10-K,37294000000,USD,0000320193-17-000070,CY2016Q3I
AAPL,Balance Sheet,Accounts Payable,AccountsPayableCurrent,2017,FY,Instant,,2017-09-30,2017-11-03,10-K,49049000000,USD,0000320193-17-000070,
AAPL,Balance Sheet,Accounts Payable,AccountsPayableCurrent,2018,FY,Instant,,2017-09-30,2018-11-05,10-K,44242000000,USD,0000320193-18-000145,CY2017Q3I
AAPL,Balance Sheet,Accounts Payable,AccountsPayableCurrent,2018,FY,Instant,,2018-09-29,2018-11-05,10-K,55888000000,USD,0000320193-18-000145,
AAPL,Balance Sheet,Accounts Payable,AccountsPayableCurrent,2019,FY,Instant,,2018-09-29,2019-10-31,10-K,55888000000,USD,0000320193-19-000119,CY2018Q3I
AAPL,Balance Sheet,Accounts Payable,AccountsPayableCurrent,2019,FY,Instant,,2019-09-28,2019-10-31,10-K,46236000000,USD,0000320193-19-000119,
AAPL,Balance Sheet,Accounts Payable,AccountsPayableCurrent,2020,FY,Instant,,2019-09-28,2020-10-30,10-K,46236000000,USD,0000320193-20-000096,CY2019Q3I
AAPL,Balance Sheet,Accounts Payable,AccountsPayableCurrent,2020,FY,Instant,,2020-09-26,2020-10-30,10-K,42296000000,USD,0000320193-20-000096,
AAPL,Balance Sheet,Accounts Payable,AccountsPayableCurrent,2021,FY,Instant,,2020-09-26,2021-10-29,10-K,42296000000,USD,0000320193-21-000105,CY2020Q3I
AAPL,Balance Sheet,Accounts Payable,AccountsPayableCurrent,2021,FY,Instant,,2021-09-25,2021-10-29,10-K,54763000000,USD,0000320193-21-000105,
AAPL,Balance Sheet,Accounts Payable,AccountsPayableCurrent,2022,FY,Instant,,2021-09-25,2022-10-28,10-K,54763000000,USD,0000320193-22-000108,CY2021Q3I
AAPL,Balance Sheet,Accounts Payable,AccountsPayableCurrent,2022,FY,Instant,,2022-09-24,2022-10-28,10-K,64115000000,USD,0000320193-22-000108,
AAPL,Balance Sheet,Accounts Payable,AccountsPayableCurrent,2023,FY,Instant,,2022-09-24,2023-11-03,10-K,64115000000,USD,0000320193-23-000106,CY2022Q3I
AAPL,Balance Sheet,Accounts Payable,AccountsPayableCurrent,2023,FY,Instant,,2023-09-30,2023-11-03,10-K,62611000000,USD,0000320193-23-000106,
AAPL,Balance Sheet,Accounts Payable,AccountsPayableCurrent,2024,FY,Instant,,2023-09-30,2024-11-01,10-K,62611000000,USD,0000320193-24-000123,CY2023Q3I
AAPL,Balance Sheet,Accounts Payable,AccountsPayableCurrent,2024,FY,Instant,,2024-09-28,2024-11-01,10-K,68960000000,USD,0000320193-24-000123,
AAPL,Balance Sheet,Accounts Payable,AccountsPayableCurrent,2025,FY,Instant,,2024-09-28,2025-10-31,10-K,68960000000,USD,0000320193-25-000079,CY2024Q3I
AAPL,Balance Sheet,Accounts Payable,AccountsPayableCurrent,2025,FY,Instant,,2025-09-27,2025-10-31,10-K,69860000000,USD,0000320193-25-000079,
AAPL,Balance Sheet,Accounts Payable,AccountsPayableCurrent,2010,Q1,Instant,,2009-09-26,2010-01-25,10-Q,5601000000,USD,0001193125-10-012085,
AAPL,Balance Sheet,Accounts Payable,AccountsPayableCurrent,2010,Q1,Instant,,2009-12-26,2010-01-25,10-Q,6511000000,USD,0001193125-10-012085,CY2009Q4I
AAPL,Balance Sheet,Accounts Payable,AccountsPayableCurrent,2011,Q1,Instant,,2010-09-25,2011-01-19,10-Q,12015000000,USD,0001193125-11-010144,
AAPL,Balance Sheet,Accounts Payable,AccountsPayableCurrent,2011,Q1,Instant,,2010-12-25,2011-01-19,10-Q,14301000000,USD,0001193125-11-010144,CY2010Q4I
AAPL,Balance Sheet,Accounts Payable,AccountsPayableCurrent,2012,Q1,Instant,,2011-09-24,2012-01-25,10-Q,14632000000,USD,0001193125-12-023398,
AAPL,Balance Sheet,Accounts Payable,AccountsPayableCurrent,2012,Q1,Instant,,2011-12-31,2012-01-25,10-Q,18221000000,USD,0001193125-12-023398,CY2011Q4I
AAPL,Balance Sheet,Accounts Payable,AccountsPayableCurrent,2013,Q1,Instant,,2012-09-29,2013-01-24,10-Q,21175000000,USD,0001193125-13-022339,
AAPL,Balance Sheet,Accounts Payable,AccountsPayableCurrent,2013,Q1,Instant,,2012-12-29,2013-01-24,10-Q,26398000000,USD,0001193125-13-022339,CY2012Q4I
AAPL,Balance Sheet,Accounts Payable,AccountsPayableCurrent,2014,Q1,Instant,,2013-09-28,2014-01-28,10-Q,22367000000,USD,0001193125-14-024487,
AAPL,Balance Sheet,Accounts Payable,AccountsPayableCurrent,2014,Q1,Instant,,2013-12-28,2014-01-28,10-Q,29588000000,USD,0001193125-14-024487,CY2013Q4I
AAPL,Balance Sheet,Accounts Payable,AccountsPayableCurrent,2015,Q1,Instant,,2014-09-27,2015-01-28,10-Q,30196000000,USD,0001193125-15-023697,
AAPL,Balance Sheet,Accounts Payable,AccountsPayableCurrent,2015,Q1,Instant,,2014-12-27,2015-01-28,10-Q,38001000000,USD,0001193125-15-023697,CY2014Q4I
AAPL,Balance Sheet,Accounts Payable,AccountsPayableCurrent,2016,Q1,Instant,,2015-09-26,2016-01-27,10-Q,35490000000,USD,0001193125-16-439878,
AAPL,Balance Sheet,Accounts Payable,AccountsPayableCurrent,2016,Q1,Instant,,2015-12-26,2016-01-27,10-Q,33312000000,USD,0001193125-16-439878,CY2015Q4I
AAPL,Balance Sheet,Accounts Payable,AccountsPayableCurrent,2017,Q1,Instant,,2016-09-24,2017-02-01,10-Q,37294000000,USD,0001628280-17-000717,
AAPL,Balance Sheet,Accounts Payable,AccountsPayableCurrent,2017,Q1,Instant,,2016-12-31,2017-02-01,10-Q,38510000000,USD,0001628280-17-000717,CY2016Q4I
AAPL,Balance Sheet,Accounts Payable,AccountsPayableCurrent,2018,Q1,Instant,,2017-09-30,2018-02-02,10-Q,49049000000,USD,0000320193-18-000007,
AAPL,Balance Sheet,Accounts Payable,AccountsPayableCurrent,2018,Q1,Instant,,2017-12-30,2018-02-02,10-Q,62985000000,USD,0000320193-18-000007,CY2017Q4I
AAPL,Balance Sheet,Accounts Payable,AccountsPayableCurrent,2019,Q1,Instant,,2018-09-29,2019-01-30,10-Q,55888000000,USD,0000320193-19-000010,
AAPL,Balance Sheet,Accounts Payable,AccountsPayableCurrent,2019,Q1,Instant,,2018-12-29,2019-01-30,10-Q,44293000000,USD,0000320193-19-000010,CY2018Q4I
AAPL,Balance Sheet,Accounts Payable,AccountsPayableCurrent,2020,Q1,Instant,,2019-09-28,2020-01-29,10-Q,46236000000,USD,0000320193-20-000010,
AAPL,Balance Sheet,Accounts Payable,AccountsPayableCurrent,2020,Q1,Instant,,2019-12-28,2020-01-29,10-Q,45111000000,USD,0000320193-20-000010,CY2019Q4I
AAPL,Balance Sheet,Accounts Payable,AccountsPayableCurrent,2021,Q1,Instant,,2020-09-26,2021-01-28,10-Q,42296000000,USD,0000320193-21-000010,
AAPL,Balance Sheet,Accounts Payable,AccountsPayableCurrent,2021,Q1,Instant,,2020-12-26,2021-01-28,10-Q,63846000000,USD,0000320193-21-000010,CY2020Q4I
AAPL,Balance Sheet,Accounts Payable,AccountsPayableCurrent,2022,Q1,Instant,,2021-09-25,2022-01-28,10-Q,54763000000,USD,0000320193-22-000007,
AAPL,Balance Sheet,Accounts Payable,AccountsPayableCurrent,2022,Q1,Instant,,2021-12-25,2022-01-28,10-Q,74362000000,USD,0000320193-22-000007,CY2021Q4I
AAPL,Balance Sheet,Accounts Payable,AccountsPayableCurrent,2023,Q1,Instant,,2022-09-24,2023-02-03,10-Q,64115000000,USD,0000320193-23-000006,
AAPL,Balance Sheet,Accounts Payable,AccountsPayableCurrent,2023,Q1,Instant,,2022-12-31,2023-02-03,10-Q,57918000000,USD,0000320193-23-000006,CY2022Q4I
AAPL,Balance Sheet,Accounts Payable,AccountsPayableCurrent,2024,Q1,Instant,,2023-09-30,2024-02-02,10-Q,62611000000,USD,0000320193-24-000006,
AAPL,Balance Sheet,Accounts Payable,AccountsPayableCurrent,2024,Q1,Instant,,2023-12-30,2024-02-02,10-Q,58146000000,USD,0000320193-24-000006,CY2023Q4I
AAPL,Balance Sheet,Accounts Payable,AccountsPayableCurrent,2025,Q1,Instant,,2024-09-28,2025-01-31,10-Q,68960000000,USD,0000320193-25-000008,
AAPL,Balance Sheet,Accounts Payable,AccountsPayableCurrent,2025,Q1,Instant,,2024-12-28,2025-01-31,10-Q,61910000000,USD,0000320193-25-000008,CY2024Q4I
AAPL,Balance Sheet,Accounts Payable,AccountsPayableCurrent,2026,Q1,Instant,,2025-09-27,2026-01-30,10-Q,69860000000,USD,0000320193-26-000006,
AAPL,Balance Sheet,Accounts Payable,AccountsPayableCurrent,2026,Q1,Instant,,2025-12-27,2026-01-30,10-Q,70587000000,USD,0000320193-26-000006,CY2025Q4I
AAPL,Balance Sheet,Accounts Payable,AccountsPayableCurrent,2010,Q2,Instant,,2009-09-26,2010-04-21,10-Q,5601000000,USD,0001193125-10-088957,
AAPL,Balance Sheet,Accounts Payable,AccountsPayableCurrent,2010,Q2,Instant,,2010-03-27,2010-04-21,10-Q,5666000000,USD,0001193125-10-088957,CY2010Q1I
AAPL,Balance Sheet,Accounts Payable,AccountsPayableCurrent,2011,Q2,Instant,,2010-09-25,2011-04-21,10-Q,12015000000,USD,0001193125-11-104388,
AAPL,Balance Sheet,Accounts Payable,AccountsPayableCurrent,2011,Q2,Instant,,2011-03-26,2011-04-21,10-Q,13714000000,USD,0001193125-11-104388,CY2011Q1I
AAPL,Balance Sheet,Accounts Payable,AccountsPayableCurrent,2012,Q2,Instant,,2011-09-24,2012-04-25,10-Q,14632000000,USD,0001193125-12-182321,
AAPL,Balance Sheet,Accounts Payable,AccountsPayableCurrent,2012,Q2,Instant,,2012-03-31,2012-04-25,10-Q,17011000000,USD,0001193125-12-182321,CY2012Q1I
AAPL,Balance Sheet,Accounts Payable,AccountsPayableCurrent,2013,Q2,Instant,,2012-09-29,2013-04-24,10-Q,21175000000,USD,0001193125-13-168288,
AAPL,Balance Sheet,Accounts Payable,AccountsPayableCurrent,2013,Q2,Instant,,2013-03-30,2013-04-24,10-Q,14912000000,USD,0001193125-13-168288,CY2013Q1I
AAPL,Balance Sheet,Accounts Payable,AccountsPayableCurrent,2014,Q2,Instant,,2013-09-28,2014-04-24,10-Q,22367000000,USD,0001193125-14-157311,
AAPL,Balance Sheet,Accounts Payable,AccountsPayableCurrent,2014,Q2,Instant,,2014-03-29,2014-04-24,10-Q,18914000000,USD,0001193125-14-157311,CY2014Q1I
AAPL,Balance Sheet,Accounts Payable,AccountsPayableCurrent,2015,Q2,Instant,,2014-09-27,2015-04-28,10-Q,30196000000,USD,0001193125-15-153166,
AAPL,Balance Sheet,Accounts Payable,AccountsPayableCurrent,2015,Q2,Instant,,2015-03-28,2015-04-28,10-Q,23159000000,USD,0001193125-15-153166,CY2015Q1I
AAPL,Balance Sheet,Accounts Payable,AccountsPayableCurrent,2016,Q2,Instant,,2015-09-26,2016-04-27,10-Q,35490000000,USD,0001193125-16-559625,
AAPL,Balance Sheet,Accounts Payable,AccountsPayableCurrent,2016,Q2,Instant,,2016-03-26,2016-04-27,10-Q,25098000000,USD,0001193125-16-559625,CY2016Q1I
AAPL,Balance Sheet,Accounts Payable,AccountsPayableCurrent,2017,Q2,Instant,,2016-09-24,2017-05-03,10-Q,37294000000,USD,0001628280-17-004790,
AAPL,Balance Sheet,Accounts Payable,AccountsPayableCurrent,2017,Q2,Instant,,2017-04-01,2017-05-03,10-Q,28573000000,USD,0001628280-17-004790,CY2017Q1I
AAPL,Balance Sheet,Accounts Payable,AccountsPayableCurrent,2018,Q2,Instant,,2017-09-30,2018-05-02,10-Q,49049000000,USD,0000320193-18-000070,
AAPL,Balance Sheet,Accounts Payable,AccountsPayableCurrent,2018,Q2,Instant,,2018-03-31,2018-05-02,10-Q,34311000000,USD,0000320193-18-000070,CY2018Q1I
AAPL,Balance Sheet,Accounts Payable,AccountsPayableCurrent,2019,Q2,Instant,,2018-09-29,2019-05-01,10-Q,55888000000,USD,0000320193-19-000066,
AAPL,Balance Sheet,Accounts Payable,AccountsPayableCurrent,2019,Q2,Instant,,2019-03-30,2019-05-01,10-Q,30443000000,USD,0000320193-19-000066,CY2019Q1I
AAPL,Balance Sheet,Accounts Payable,AccountsPayableCurrent,2020,Q2,Instant,,2019-09-28,2020-05-01,10-Q,46236000000,USD,0000320193-20-000052,
AAPL,Balance Sheet,Accounts Payable,AccountsPayableCurrent,2020,Q2,Instant,,2020-03-28,2020-05-01,10-Q,32421000000,USD,0000320193-20-000052,CY2020Q1I
AAPL,Balance Sheet,Accounts Payable,AccountsPayableCurrent,2021,Q2,Instant,,2020-09-26,2021-04-29,10-Q,42296000000,USD,0000320193-21-000056,
AAPL,Balance Sheet,Accounts Payable,AccountsPayableCurrent,2021,Q2,Instant,,2021-03-27,2021-04-29,10-Q,40127000000,USD,0000320193-21-000056,CY2021Q1I
AAPL,Balance Sheet,Accounts Payable,AccountsPayableCurrent,2022,Q2,Instant,,2021-09-25,2022-04-29,10-Q,54763000000,USD,0000320193-22-000059,
AAPL,Balance Sheet,Accounts Payable,AccountsPayableCurrent,2022,Q2,Instant,,2022-03-26,2022-04-29,10-Q,52682000000,USD,0000320193-22-000059,CY2022Q1I
AAPL,Balance Sheet,Accounts Payable,AccountsPayableCurrent,2023,Q2,Instant,,2022-09-24,2023-05-05,10-Q,64115000000,USD,0000320193-23-000064,
AAPL,Balance Sheet,Accounts Payable,AccountsPayableCurrent,2023,Q2,Instant,,2023-04-01,2023-05-05,10-Q,42945000000,USD,0000320193-23-000064,CY2023Q1I
AAPL,Balance Sheet,Accounts Payable,AccountsPayableCurrent,2024,Q2,Instant,,2023-09-30,2024-05-03,10-Q,62611000000,USD,0000320193-24-000069,
AAPL,Balance Sheet,Accounts Payable,AccountsPayableCurrent,2024,Q2,Instant,,2024-03-30,2024-05-03,10-Q,45753000000,USD,0000320193-24-000069,CY2024Q1I
AAPL,Balance Sheet,Accounts Payable,AccountsPayableCurrent,2025,Q2,Instant,,2024-09-28,2025-05-02,10-Q,68960000000,USD,0000320193-25-000057,
AAPL,Balance Sheet,Accounts Payable,AccountsPayableCurrent,2025,Q2,Instant,,2025-03-29,2025-05-02,10-Q,54126000000,USD,0000320193-25-000057,CY2025Q1I
AAPL,Balance Sheet,Accounts Payable,AccountsPayableCurrent,2026,Q2,Instant,,2025-09-27,2026-05-01,10-Q,69860000000,USD,0000320193-26-000013,
AAPL,Balance Sheet,Accounts Payable,AccountsPayableCurrent,2026,Q2,Instant,,2026-03-28,2026-05-01,10-Q,57349000000,USD,0000320193-26-000013,CY2026Q1I
AAPL,Balance Sheet,Accounts Payable,AccountsPayableCurrent,2010,Q3,Instant,,2009-09-26,2010-07-21,10-Q,5601000000,USD,0001193125-10-162840,
AAPL,Balance Sheet,Accounts Payable,AccountsPayableCurrent,2010,Q3,Instant,,2010-06-26,2010-07-21,10-Q,8469000000,USD,0001193125-10-162840,CY2010Q2I
AAPL,Balance Sheet,Accounts Payable,AccountsPayableCurrent,2011,Q3,Instant,,2010-09-25,2011-07-20,10-Q,12015000000,USD,0001193125-11-192493,
AAPL,Balance Sheet,Accounts Payable,AccountsPayableCurrent,2011,Q3,Instant,,2011-06-25,2011-07-20,10-Q,15270000000,USD,0001193125-11-192493,CY2011Q2I
AAPL,Balance Sheet,Accounts Payable,AccountsPayableCurrent,2012,Q3,Instant,,2011-09-24,2012-07-25,10-Q,14632000000,USD,0001193125-12-314552,
AAPL,Balance Sheet,Accounts Payable,AccountsPayableCurrent,2012,Q3,Instant,,2012-06-30,2012-07-25,10-Q,16808000000,USD,0001193125-12-314552,CY2012Q2I
AAPL,Balance Sheet,Accounts Payable,AccountsPayableCurrent,2013,Q3,Instant,,2012-09-29,2013-07-24,10-Q,21175000000,USD,0001193125-13-300670,
AAPL,Balance Sheet,Accounts Payable,AccountsPayableCurrent,2013,Q3,Instant,,2013-06-29,2013-07-24,10-Q,15516000000,USD,0001193125-13-300670,CY2013Q2I
AAPL,Balance Sheet,Accounts Payable,AccountsPayableCurrent,2014,Q3,Instant,,2013-09-28,2014-07-23,10-Q,22367000000,USD,0001193125-14-277160,
AAPL,Balance Sheet,Accounts Payable,AccountsPayableCurrent,2014,Q3,Instant,,2014-06-28,2014-07-23,10-Q,20535000000,USD,0001193125-14-277160,CY2014Q2I
AAPL,Balance Sheet,Accounts Payable,AccountsPayableCurrent,2015,Q3,Instant,,2014-09-27,2015-07-22,10-Q,30196000000,USD,0001193125-15-259935,
AAPL,Balance Sheet,Accounts Payable,AccountsPayableCurrent,2015,Q3,Instant,,2015-06-27,2015-07-22,10-Q,26474000000,USD,0001193125-15-259935,CY2015Q2I
AAPL,Balance Sheet,Accounts Payable,AccountsPayableCurrent,2016,Q3,Instant,,2015-09-26,2016-07-27,10-Q,35490000000,USD,0001628280-16-017809,
AAPL,Balance Sheet,Accounts Payable,AccountsPayableCurrent,2016,Q3,Instant,,2016-06-25,2016-07-27,10-Q,26318000000,USD,0001628280-16-017809,CY2016Q2I
AAPL,Balance Sheet,Accounts Payable,AccountsPayableCurrent,2017,Q3,Instant,,2016-09-24,2017-08-02,10-Q,37294000000,USD,0000320193-17-000009,
AAPL,Balance Sheet,Accounts Payable,AccountsPayableCurrent,2017,Q3,Instant,,2017-07-01,2017-08-02,10-Q,31915000000,USD,0000320193-17-000009,CY2017Q2I
AAPL,Balance Sheet,Accounts Payable,AccountsPayableCurrent,2018,Q3,Instant,,2017-09-30,2018-08-01,10-Q,49049000000,USD,0000320193-18-000100,
AAPL,Balance Sheet,Accounts Payable,AccountsPayableCurrent,2018,Q3,Instant,,2018-06-30,2018-08-01,10-Q,38489000000,USD,0000320193-18-000100,CY2018Q2I
AAPL,Balance Sheet,Accounts Payable,AccountsPayableCurrent,2019,Q3,Instant,,2018-09-29,2019-07-31,10-Q,55888000000,USD,0000320193-19-000076,
AAPL,Balance Sheet,Accounts Payable,AccountsPayableCurrent,2019,Q3,Instant,,2019-06-29,2019-07-31,10-Q,29115000000,USD,0000320193-19-000076,CY2019Q2I
AAPL,Balance Sheet,Accounts Payable,AccountsPayableCurrent,2020,Q3,Instant,,2019-09-28,2020-07-31,10-Q,46236000000,USD,0000320193-20-000062,
AAPL,Balance Sheet,Accounts Payable,AccountsPayableCurrent,2020,Q3,Instant,,2020-06-27,2020-07-31,10-Q,35325000000,USD,0000320193-20-000062,CY2020Q2I
AAPL,Balance Sheet,Accounts Payable,AccountsPayableCurrent,2021,Q3,Instant,,2020-09-26,2021-07-28,10-Q,42296000000,USD,0000320193-21-000065,
AAPL,Balance Sheet,Accounts Payable,AccountsPayableCurrent,2021,Q3,Instant,,2021-06-26,2021-07-28,10-Q,40409000000,USD,0000320193-21-000065,CY2021Q2I
AAPL,Balance Sheet,Accounts Payable,AccountsPayableCurrent,2022,Q3,Instant,,2021-09-25,2022-07-29,10-Q,54763000000,USD,0000320193-22-000070,
AAPL,Balance Sheet,Accounts Payable,AccountsPayableCurrent,2022,Q3,Instant,,2022-06-25,2022-07-29,10-Q,48343000000,USD,0000320193-22-000070,CY2022Q2I
AAPL,Balance Sheet,Accounts Payable,AccountsPayableCurrent,2023,Q3,Instant,,2022-09-24,2023-08-04,10-Q,64115000000,USD,0000320193-23-000077,
AAPL,Balance Sheet,Accounts Payable,AccountsPayableCurrent,2023,Q3,Instant,,2023-07-01,2023-08-04,10-Q,46699000000,USD,0000320193-23-000077,CY2023Q2I
AAPL,Balance Sheet,Accounts Payable,AccountsPayableCurrent,2024,Q3,Instant,,2023-09-30,2024-08-02,10-Q,62611000000,USD,0000320193-24-000081,
AAPL,Balance Sheet,Accounts Payable,AccountsPayableCurrent,2024,Q3,Instant,,2024-06-29,2024-08-02,10-Q,47574000000,USD,0000320193-24-000081,CY2024Q2I
AAPL,Balance Sheet,Accounts Payable,AccountsPayableCurrent,2025,Q3,Instant,,2024-09-28,2025-08-01,10-Q,68960000000,USD,0000320193-25-000073,
AAPL,Balance Sheet,Accounts Payable,AccountsPayableCurrent,2025,Q3,Instant,,2025-06-28,2025-08-01,10-Q,50374000000,USD,0000320193-25-000073,CY2025Q2I
AAPL,Balance Sheet,Accounts Payable,AccountsPayableCurrent,2026,Q3,Instant,,2025-09-27,2026-07-31,10-Q,69860000000,USD,0000320193-26-000020,CY2025Q3I
AAPL,Balance Sheet,Accounts Payable,AccountsPayableCurrent,2026,Q3,Instant,,2026-06-27,2026-07-31,10-Q,64525000000,USD,0000320193-26-000020,CY2026Q2I
AAPL,Balance Sheet,Accounts Receivable,AccountsReceivableNetCurrent,2009,FY,Instant,,2008-09-27,2009-10-27,10-K,2422000000,USD,0001193125-09-214859,
AAPL,Balance Sheet,Accounts Receivable,AccountsReceivableNetCurrent,2009,FY,Instant,,2009-09-26,2009-10-27,10-K,3361000000,USD,0001193125-09-214859,
AAPL,Balance Sheet,Accounts Receivable,AccountsReceivableNetCurrent,2010,FY,Instant,,2009-09-26,2010-10-27,10-K,3361000000,USD,0001193125-10-238044,CY2009Q3I
AAPL,Balance Sheet,Accounts Receivable,AccountsReceivableNetCurrent,2010,FY,Instant,,2010-09-25,2010-10-27,10-K,5510000000,USD,0001193125-10-238044,
AAPL,Balance Sheet,Accounts Receivable,AccountsReceivableNetCurrent,2011,FY,Instant,,2010-09-25,2011-10-26,10-K,5510000000,USD,0001193125-11-282113,CY2010Q3I
AAPL,Balance Sheet,Accounts Receivable,AccountsReceivableNetCurrent,2011,FY,Instant,,2011-09-24,2011-10-26,10-K,5369000000,USD,0001193125-11-282113,
AAPL,Balance Sheet,Accounts Receivable,AccountsReceivableNetCurrent,2012,FY,Instant,,2011-09-24,2012-10-31,10-K,5369000000,USD,0001193125-12-444068,
AAPL,Balance Sheet,Accounts Receivable,AccountsReceivableNetCurrent,2012,FY,Instant,,2012-09-29,2012-10-31,10-K,10930000000,USD,0001193125-12-444068,
AAPL,Balance Sheet,Accounts Receivable,AccountsReceivableNetCurrent,2013,FY,Instant,,2012-09-29,2013-10-30,10-K,10930000000,USD,0001193125-13-416534,CY2012Q3I
AAPL,Balance Sheet,Accounts Receivable,AccountsReceivableNetCurrent,2013,FY,Instant,,2013-09-28,2013-10-30,10-K,13102000000,USD,0001193125-13-416534,
AAPL,Balance Sheet,Accounts Receivable,AccountsReceivableNetCurrent,2014,FY,Instant,,2013-09-28,2014-10-27,10-K,13102000000,USD,0001193125-14-383437,
AAPL,Balance Sheet,Accounts Receivable,AccountsReceivableNetCurrent,2014,FY,Instant,,2014-09-27,2014-10-27,10-K,17460000000,USD,0001193125-14-383437,
AAPL,Balance Sheet,Accounts Receivable,AccountsReceivableNetCurrent,2015,FY,Instant,,2014-09-27,2015-10-28,10-K,17460000000,USD,0001193125-15-356351,CY2014Q3I
AAPL,Balance Sheet,Accounts Receivable,AccountsReceivableNetCurrent,2015,FY,Instant,,2015-09-26,2015-10-28,10-K,16849000000,USD,0001193125-15-356351,
AAPL,Balance Sheet,Accounts Receivable,AccountsReceivableNetCurrent,2016,FY,Instant,,2015-09-26,2016-10-26,10-K,16849000000,USD,0001628280-16-020309,CY2015Q3I
AAPL,Balance Sheet,Accounts Receivable,AccountsReceivableNetCurrent,2016,FY,Instant,,2016-09-24,2016-10-26,10-K,15754000000,USD,0001628280-16-020309,
AAPL,Balance Sheet,Accounts Receivable,AccountsReceivableNetCurrent,2017,FY,Instant,,2016-09-24,2017-11-03,10-K,15754000000,USD,0000320193-17-000070,CY2016Q3I
AAPL,Balance Sheet,Accounts Receivable,AccountsReceivableNetCurrent,2017,FY,Instant,,2017-09-30,2017-11-03,10-K,17874000000,USD,0000320193-17-000070,
AAPL,Balance Sheet,Accounts Receivable,AccountsReceivableNetCurrent,2018,FY,Instant,,2017-09-30,2018-11-05,10-K,17874000000,USD,0000320193-18-000145,CY2017Q3I
AAPL,Balance Sheet,Accounts Receivable,AccountsReceivableNetCurrent,2018,FY,Instant,,2018-09-29,2018-11-05,10-K,23186000000,USD,0000320193-18-000145,
AAPL,Balance Sheet,Accounts Receivable,AccountsReceivableNetCurrent,2019,FY,Instant,,2018-09-29,2019-10-31,10-K,23186000000,USD,0000320193-19-000119,CY2018Q3I
AAPL,Balance Sheet,Accounts Receivable,AccountsReceivableNetCurrent,2019,FY,Instant,,2019-09-28,2019-10-31,10-K,22926000000,USD,0000320193-19-000119,
AAPL,Balance Sheet,Accounts Receivable,AccountsReceivableNetCurrent,2020,FY,Instant,,2019-09-28,2020-10-30,10-K,22926000000,USD,0000320193-20-000096,CY2019Q3I
AAPL,Balance Sheet,Accounts Receivable,AccountsReceivableNetCurrent,2020,FY,Instant,,2020-09-26,2020-10-30,10-K,16120000000,USD,0000320193-20-000096,
AAPL,Balance Sheet,Accounts Receivable,AccountsReceivableNetCurrent,2021,FY,Instant,,2020-09-26,2021-10-29,10-K,16120000000,USD,0000320193-21-000105,CY2020Q3I
AAPL,Balance Sheet,Accounts Receivable,AccountsReceivableNetCurrent,2021,FY,Instant,,2021-09-25,2021-10-29,10-K,26278000000,USD,0000320193-21-000105,
AAPL,Balance Sheet,Accounts Receivable,AccountsReceivableNetCurrent,2022,FY,Instant,,2021-09-25,2022-10-28,10-K,26278000000,USD,0000320193-22-000108,CY2021Q3I
AAPL,Balance Sheet,Accounts Receivable,AccountsReceivableNetCurrent,2022,FY,Instant,,2022-09-24,2022-10-28,10-K,28184000000,USD,0000320193-22-000108,
AAPL,Balance Sheet,Accounts Receivable,AccountsReceivableNetCurrent,2023,FY,Instant,,2022-09-24,2023-11-03,10-K,28184000000,USD,0000320193-23-000106,CY2022Q3I
AAPL,Balance Sheet,Accounts Receivable,AccountsReceivableNetCurrent,2023,FY,Instant,,2023-09-30,2023-11-03,10-K,29508000000,USD,0000320193-23-000106,
AAPL,Balance Sheet,Accounts Receivable,AccountsReceivableNetCurrent,2024,FY,Instant,,2023-09-30,2024-11-01,10-K,29508000000,USD,0000320193-24-000123,CY2023Q3I
AAPL,Balance Sheet,Accounts Receivable,AccountsReceivableNetCurrent,2024,FY,Instant,,2024-09-28,2024-11-01,10-K,33410000000,USD,0000320193-24-000123,
AAPL,Balance Sheet,Accounts Receivable,AccountsReceivableNetCurrent,2025,FY,Instant,,2024-09-28,2025-10-31,10-K,33410000000,USD,0000320193-25-000079,CY2024Q3I
AAPL,Balance Sheet,Accounts Receivable,AccountsReceivableNetCurrent,2025,FY,Instant,,2025-09-27,2025-10-31,10-K,39777000000,USD,0000320193-25-000079,
AAPL,Balance Sheet,Accounts Receivable,AccountsReceivableNetCurrent,2010,Q1,Instant,,2009-09-26,2010-01-25,10-Q,3361000000,USD,0001193125-10-012085,
AAPL,Balance Sheet,Accounts Receivable,AccountsReceivableNetCurrent,2010,Q1,Instant,,2009-12-26,2010-01-25,10-Q,3090000000,USD,0001193125-10-012085,CY2009Q4I
AAPL,Balance Sheet,Accounts Receivable,AccountsReceivableNetCurrent,2011,Q1,Instant,,2010-09-25,2011-01-19,10-Q,5510000000,USD,0001193125-11-010144,
AAPL,Balance Sheet,Accounts Receivable,AccountsReceivableNetCurrent,2011,Q1,Instant,,2010-12-25,2011-01-19,10-Q,6027000000,USD,0001193125-11-010144,CY2010Q4I
AAPL,Balance Sheet,Accounts Receivable,AccountsReceivableNetCurrent,2012,Q1,Instant,,2011-09-24,2012-01-25,10-Q,5369000000,USD,0001193125-12-023398,
AAPL,Balance Sheet,Accounts Receivable,AccountsReceivableNetCurrent,2012,Q1,Instant,,2011-12-31,2012-01-25,10-Q,8930000000,USD,0001193125-12-023398,CY2011Q4I
AAPL,Balance Sheet,Accounts Receivable,AccountsReceivableNetCurrent,2013,Q1,Instant,,2012-09-29,2013-01-24,10-Q,10930000000,USD,0001193125-13-022339,
AAPL,Balance Sheet,Accounts Receivable,AccountsReceivableNetCurrent,2013,Q1,Instant,,2012-12-29,2013-01-24,10-Q,11598000000,USD,0001193125-13-022339,CY2012Q4I
AAPL,Balance Sheet,Accounts Receivable,AccountsReceivableNetCurrent,2014,Q1,Instant,,2013-09-28,2014-01-28,10-Q,13102000000,USD,0001193125-14-024487,
AAPL,Balance Sheet,Accounts Receivable,AccountsReceivableNetCurrent,2014,Q1,Instant,,2013-12-28,2014-01-28,10-Q,14200000000,USD,0001193125-14-024487,CY2013Q4I
AAPL,Balance Sheet,Accounts Receivable,AccountsReceivableNetCurrent,2015,Q1,Instant,,2014-09-27,2015-01-28,10-Q,17460000000,USD,0001193125-15-023697,
AAPL,Balance Sheet,Accounts Receivable,AccountsReceivableNetCurrent,2015,Q1,Instant,,2014-12-27,2015-01-28,10-Q,16709000000,USD,0001193125-15-023697,CY2014Q4I
AAPL,Balance Sheet,Accounts Receivable,AccountsReceivableNetCurrent,2016,Q1,Instant,,2015-09-26,2016-01-27,10-Q,16849000000,USD,0001193125-16-439878,
AAPL,Balance Sheet,Accounts Receivable,AccountsReceivableNetCurrent,2016,Q1,Instant,,2015-12-26,2016-01-27,10-Q,12953000000,USD,0001193125-16-439878,CY2015Q4I
AAPL,Balance Sheet,Accounts Receivable,AccountsReceivableNetCurrent,2017,Q1,Instant,,2016-09-24,2017-02-01,10-Q,15754000000,USD,0001628280-17-000717,
AAPL,Balance Sheet,Accounts Receivable,AccountsReceivableNetCurrent,2017,Q1,Instant,,2016-12-31,2017-02-01,10-Q,14057000000,USD,0001628280-17-000717,CY2016Q4I
AAPL,Balance Sheet,Accounts Receivable,AccountsReceivableNetCurrent,2018,Q1,Instant,,2017-09-30,2018-02-02,10-Q,17874000000,USD,0000320193-18-000007,
AAPL,Balance Sheet,Accounts Receivable,AccountsReceivableNetCurrent,2018,Q1,Instant,,2017-12-30,2018-02-02,10-Q,23440000000,USD,0000320193-18-000007,CY2017Q4I
AAPL,Balance Sheet,Accounts Receivable,AccountsReceivableNetCurrent,2019,Q1,Instant,,2018-09-29,2019-01-30,10-Q,23186000000,USD,0000320193-19-000010,
AAPL,Balance Sheet,Accounts Receivable,AccountsReceivableNetCurrent,2019,Q1,Instant,,2018-12-29,2019-01-30,10-Q,18077000000,USD,0000320193-19-000010,CY2018Q4I
AAPL,Balance Sheet,Accounts Receivable,AccountsReceivableNetCurrent,2020,Q1,Instant,,2019-09-28,2020-01-29,10-Q,22926000000,USD,0000320193-20-000010,
AAPL,Balance Sheet,Accounts Receivable,AccountsReceivableNetCurrent,2020,Q1,Instant,,2019-12-28,2020-01-29,10-Q,20970000000,USD,0000320193-20-000010,CY2019Q4I
AAPL,Balance Sheet,Accounts Receivable,AccountsReceivableNetCurrent,2021,Q1,Instant,,2020-09-26,2021-01-28,10-Q,16120000000,USD,0000320193-21-000010,
AAPL,Balance Sheet,Accounts Receivable,AccountsReceivableNetCurrent,2021,Q1,Instant,,2020-12-26,2021-01-28,10-Q,27101000000,USD,0000320193-21-000010,CY2020Q4I
AAPL,Balance Sheet,Accounts Receivable,AccountsReceivableNetCurrent,2022,Q1,Instant,,2021-09-25,2022-01-28,10-Q,26278000000,USD,0000320193-22-000007,
AAPL,Balance Sheet,Accounts Receivable,AccountsReceivableNetCurrent,2022,Q1,Instant,,2021-12-25,2022-01-28,10-Q,30213000000,USD,0000320193-22-000007,CY2021Q4I
AAPL,Balance Sheet,Accounts Receivable,AccountsReceivableNetCurrent,2023,Q1,Instant,,2022-09-24,2023-02-03,10-Q,28184000000,USD,0000320193-23-000006,
AAPL,Balance Sheet,Accounts Receivable,AccountsReceivableNetCurrent,2023,Q1,Instant,,2022-12-31,2023-02-03,10-Q,23752000000,USD,0000320193-23-000006,CY2022Q4I
AAPL,Balance Sheet,Accounts Receivable,AccountsReceivableNetCurrent,2024,Q1,Instant,,2023-09-30,2024-02-02,10-Q,29508000000,USD,0000320193-24-000006,
AAPL,Balance Sheet,Accounts Receivable,AccountsReceivableNetCurrent,2024,Q1,Instant,,2023-12-30,2024-02-02,10-Q,23194000000,USD,0000320193-24-000006,CY2023Q4I
AAPL,Balance Sheet,Accounts Receivable,AccountsReceivableNetCurrent,2025,Q1,Instant,,2024-09-28,2025-01-31,10-Q,33410000000,USD,0000320193-25-000008,
AAPL,Balance Sheet,Accounts Receivable,AccountsReceivableNetCurrent,2025,Q1,Instant,,2024-12-28,2025-01-31,10-Q,29639000000,USD,0000320193-25-000008,CY2024Q4I
AAPL,Balance Sheet,Accounts Receivable,AccountsReceivableNetCurrent,2026,Q1,Instant,,2025-09-27,2026-01-30,10-Q,39777000000,USD,0000320193-26-000006,
AAPL,Balance Sheet,Accounts Receivable,AccountsReceivableNetCurrent,2026,Q1,Instant,,2025-12-27,2026-01-30,10-Q,39921000000,USD,0000320193-26-000006,CY2025Q4I
AAPL,Balance Sheet,Accounts Receivable,AccountsReceivableNetCurrent,2010,Q2,Instant,,2009-09-26,2010-04-21,10-Q,3361000000,USD,0001193125-10-088957,
AAPL,Balance Sheet,Accounts Receivable,AccountsReceivableNetCurrent,2010,Q2,Instant,,2010-03-27,2010-04-21,10-Q,2886000000,USD,0001193125-10-088957,CY2010Q1I
AAPL,Balance Sheet,Accounts Receivable,AccountsReceivableNetCurrent,2011,Q2,Instant,,2010-09-25,2011-04-21,10-Q,5510000000,USD,0001193125-11-104388,
AAPL,Balance Sheet,Accounts Receivable,AccountsReceivableNetCurrent,2011,Q2,Instant,,2011-03-26,2011-04-21,10-Q,5798000000,USD,0001193125-11-104388,CY2011Q1I
AAPL,Balance Sheet,Accounts Receivable,AccountsReceivableNetCurrent,2012,Q2,Instant,,2011-09-24,2012-04-25,10-Q,5369000000,USD,0001193125-12-182321,
AAPL,Balance Sheet,Accounts Receivable,AccountsReceivableNetCurrent,2012,Q2,Instant,,2012-03-31,2012-04-25,10-Q,7042000000,USD,0001193125-12-182321,CY2012Q1I
AAPL,Balance Sheet,Accounts Receivable,AccountsReceivableNetCurrent,2013,Q2,Instant,,2012-09-29,2013-04-24,10-Q,10930000000,USD,0001193125-13-168288,
AAPL,Balance Sheet,Accounts Receivable,AccountsReceivableNetCurrent,2013,Q2,Instant,,2013-03-30,2013-04-24,10-Q,7084000000,USD,0001193125-13-168288,CY2013Q1I
AAPL,Balance Sheet,Accounts Receivable,AccountsReceivableNetCurrent,2014,Q2,Instant,,2013-09-28,2014-04-24,10-Q,13102000000,USD,0001193125-14-157311,
AAPL,Balance Sheet,Accounts Receivable,AccountsReceivableNetCurrent,2014,Q2,Instant,,2014-03-29,2014-04-24,10-Q,9700000000,USD,0001193125-14-157311,CY2014Q1I
AAPL,Balance Sheet,Accounts Receivable,AccountsReceivableNetCurrent,2015,Q2,Instant,,2014-09-27,2015-04-28,10-Q,17460000000,USD,0001193125-15-153166,
AAPL,Balance Sheet,Accounts Receivable,AccountsReceivableNetCurrent,2015,Q2,Instant,,2015-03-28,2015-04-28,10-Q,10905000000,USD,0001193125-15-153166,CY2015Q1I
AAPL,Balance Sheet,Accounts Receivable,AccountsReceivableNetCurrent,2016,Q2,Instant,,2015-09-26,2016-04-27,10-Q,16849000000,USD,0001193125-16-559625,
AAPL,Balance Sheet,Accounts Receivable,AccountsReceivableNetCurrent,2016,Q2,Instant,,2016-03-26,2016-04-27,10-Q,12229000000,USD,0001193125-16-559625,CY2016Q1I
AAPL,Balance Sheet,Accounts Receivable,AccountsReceivableNetCurrent,2017,Q2,Instant,,2016-09-24,2017-05-03,10-Q,15754000000,USD,0001628280-17-004790,
AAPL,Balance Sheet,Accounts Receivable,AccountsReceivableNetCurrent,2017,Q2,Instant,,2017-04-01,2017-05-03,10-Q,11579000000,USD,0001628280-17-004790,CY2017Q1I
AAPL,Balance Sheet,Accounts Receivable,AccountsReceivableNetCurrent,2018,Q2,Instant,,2017-09-30,2018-05-02,10-Q,17874000000,USD,0000320193-18-000070,
AAPL,Balance Sheet,Accounts Receivable,AccountsReceivableNetCurrent,2018,Q2,Instant,,2018-03-31,2018-05-02,10-Q,14324000000,USD,0000320193-18-000070,CY2018Q1I
AAPL,Balance Sheet,Accounts Receivable,AccountsReceivableNetCurrent,2019,Q2,Instant,,2018-09-29,2019-05-01,10-Q,23186000000,USD,0000320193-19-000066,
AAPL,Balance Sheet,Accounts Receivable,AccountsReceivableNetCurrent,2019,Q2,Instant,,2019-03-30,2019-05-01,10-Q,15085000000,USD,0000320193-19-000066,CY2019Q1I
AAPL,Balance Sheet,Accounts Receivable,AccountsReceivableNetCurrent,2020,Q2,Instant,,2019-09-28,2020-05-01,10-Q,22926000000,USD,0000320193-20-000052,
AAPL,Balance Sheet,Accounts Receivable,AccountsReceivableNetCurrent,2020,Q2,Instant,,2020-03-28,2020-05-01,10-Q,15722000000,USD,0000320193-20-000052,CY2020Q1I
AAPL,Balance Sheet,Accounts Receivable,AccountsReceivableNetCurrent,2021,Q2,Instant,,2020-09-26,2021-04-29,10-Q,16120000000,USD,0000320193-21-000056,
AAPL,Balance Sheet,Accounts Receivable,AccountsReceivableNetCurrent,2021,Q2,Instant,,2021-03-27,2021-04-29,10-Q,18503000000,USD,0000320193-21-000056,CY2021Q1I
AAPL,Balance Sheet,Accounts Receivable,AccountsReceivableNetCurrent,2022,Q2,Instant,,2021-09-25,2022-04-29,10-Q,26278000000,USD,0000320193-22-000059,
AAPL,Balance Sheet,Accounts Receivable,AccountsReceivableNetCurrent,2022,Q2,Instant,,2022-03-26,2022-04-29,10-Q,20815000000,USD,0000320193-22-000059,CY2022Q1I
AAPL,Balance Sheet,Accounts Receivable,AccountsReceivableNetCurrent,2023,Q2,Instant,,2022-09-24,2023-05-05,10-Q,28184000000,USD,0000320193-23-000064,
AAPL,Balance Sheet,Accounts Receivable,AccountsReceivableNetCurrent,2023,Q2,Instant,,2023-04-01,2023-05-05,10-Q,17936000000,USD,0000320193-23-000064,CY2023Q1I
AAPL,Balance Sheet,Accounts Receivable,AccountsReceivableNetCurrent,2024,Q2,Instant,,2023-09-30,2024-05-03,10-Q,29508000000,USD,0000320193-24-000069,
AAPL,Balance Sheet,Accounts Receivable,AccountsReceivableNetCurrent,2024,Q2,Instant,,2024-03-30,2024-05-03,10-Q,21837000000,USD,0000320193-24-000069,CY2024Q1I
AAPL,Balance Sheet,Accounts Receivable,AccountsReceivableNetCurrent,2025,Q2,Instant,,2024-09-28,2025-05-02,10-Q,33410000000,USD,0000320193-25-000057,
AAPL,Balance Sheet,Accounts Receivable,AccountsReceivableNetCurrent,2025,Q2,Instant,,2025-03-29,2025-05-02,10-Q,26136000000,USD,0000320193-25-000057,CY2025Q1I
AAPL,Balance Sheet,Accounts Receivable,AccountsReceivableNetCurrent,2026,Q2,Instant,,2025-09-27,2026-05-01,10-Q,39777000000,USD,0000320193-26-000013,
AAPL,Balance Sheet,Accounts Receivable,AccountsReceivableNetCurrent,2026,Q2,Instant,,2026-03-28,2026-05-01,10-Q,30339000000,USD,0000320193-26-000013,CY2026Q1I
AAPL,Balance Sheet,Accounts Receivable,AccountsReceivableNetCurrent,2009,Q3,Instant,,2008-09-27,2009-07-22,10-Q,2422000000,USD,0001193125-09-153165,
AAPL,Balance Sheet,Accounts Receivable,AccountsReceivableNetCurrent,2009,Q3,Instant,,2009-06-27,2009-07-22,10-Q,2686000000,USD,0001193125-09-153165,CY2009Q2I
AAPL,Balance Sheet,Accounts Receivable,AccountsReceivableNetCurrent,2010,Q3,Instant,,2009-09-26,2010-07-21,10-Q,3361000000,USD,0001193125-10-162840,
AAPL,Balance Sheet,Accounts Receivable,AccountsReceivableNetCurrent,2010,Q3,Instant,,2010-06-26,2010-07-21,10-Q,3447000000,USD,0001193125-10-162840,CY2010Q2I
AAPL,Balance Sheet,Accounts Receivable,AccountsReceivableNetCurrent,2011,Q3,Instant,,2010-09-25,2011-07-20,10-Q,5510000000,USD,0001193125-11-192493,
AAPL,Balance Sheet,Accounts Receivable,AccountsReceivableNetCurrent,2011,Q3,Instant,,2011-06-25,2011-07-20,10-Q,6102000000,USD,0001193125-11-192493,CY2011Q2I
AAPL,Balance Sheet,Accounts Receivable,AccountsReceivableNetCurrent,2012,Q3,Instant,,2011-09-24,2012-07-25,10-Q,5369000000,USD,0001193125-12-314552,
AAPL,Balance Sheet,Accounts Receivable,AccountsReceivableNetCurrent,2012,Q3,Instant,,2012-06-30,2012-07-25,10-Q,7657000000,USD,0001193125-12-314552,CY2012Q2I
AAPL,Balance Sheet,Accounts Receivable,AccountsReceivableNetCurrent,2013,Q3,Instant,,2012-09-29,2013-07-24,10-Q,10930000000,USD,0001193125-13-300670,
AAPL,Balance Sheet,Accounts Receivable,AccountsReceivableNetCurrent,2013,Q3,Instant,,2013-06-29,2013-07-24,10-Q,8839000000,USD,0001193125-13-300670,CY2013Q2I
AAPL,Balance Sheet,Accounts Receivable,AccountsReceivableNetCurrent,2014,Q3,Instant,,2013-09-28,2014-07-23,10-Q,13102000000,USD,0001193125-14-277160,
AAPL,Balance Sheet,Accounts Receivable,AccountsReceivableNetCurrent,2014,Q3,Instant,,2014-06-28,2014-07-23,10-Q,10788000000,USD,0001193125-14-277160,CY2014Q2I
AAPL,Balance Sheet,Accounts Receivable,AccountsReceivableNetCurrent,2015,Q3,Instant,,2014-09-27,2015-07-22,10-Q,17460000000,USD,0001193125-15-259935,
AAPL,Balance Sheet,Accounts Receivable,AccountsReceivableNetCurrent,2015,Q3,Instant,,2015-06-27,2015-07-22,10-Q,10370000000,USD,0001193125-15-259935,CY2015Q2I
AAPL,Balance Sheet,Accounts Receivable,AccountsReceivableNetCurrent,2016,Q3,Instant,,2015-09-26,2016-07-27,10-Q,16849000000,USD,0001628280-16-017809,
AAPL,Balance Sheet,Accounts Receivable,AccountsReceivableNetCurrent,2016,Q3,Instant,,2016-06-25,2016-07-27,10-Q,11714000000,USD,0001628280-16-017809,CY2016Q2I
AAPL,Balance Sheet,Accounts Receivable,AccountsReceivableNetCurrent,2017,Q3,Instant,,2016-09-24,2017-08-02,10-Q,15754000000,USD,0000320193-17-000009,
AAPL,Balance Sheet,Accounts Receivable,AccountsReceivableNetCurrent,2017,Q3,Instant,,2017-07-01,2017-08-02,10-Q,12399000000,USD,0000320193-17-000009,CY2017Q2I
AAPL,Balance Sheet,Accounts Receivable,AccountsReceivableNetCurrent,2018,Q3,Instant,,2017-09-30,2018-08-01,10-Q,17874000000,USD,0000320193-18-000100,
AAPL,Balance Sheet,Accounts Receivable,AccountsReceivableNetCurrent,2018,Q3,Instant,,2018-06-30,2018-08-01,10-Q,14104000000,USD,0000320193-18-000100,CY2018Q2I
AAPL,Balance Sheet,Accounts Receivable,AccountsReceivableNetCurrent,2019,Q3,Instant,,2018-09-29,2019-07-31,10-Q,23186000000,USD,0000320193-19-000076,
AAPL,Balance Sheet,Accounts Receivable,AccountsReceivableNetCurrent,2019,Q3,Instant,,2019-06-29,2019-07-31,10-Q,14148000000,USD,0000320193-19-000076,CY2019Q2I
AAPL,Balance Sheet,Accounts Receivable,AccountsReceivableNetCurrent,2020,Q3,Instant,,2019-09-28,2020-07-31,10-Q,22926000000,USD,0000320193-20-000062,
AAPL,Balance Sheet,Accounts Receivable,AccountsReceivableNetCurrent,2020,Q3,Instant,,2020-06-27,2020-07-31,10-Q,17882000000,USD,0000320193-20-000062,CY2020Q2I
AAPL,Balance Sheet,Accounts Receivable,AccountsReceivableNetCurrent,2021,Q3,Instant,,2020-09-26,2021-07-28,10-Q,16120000000,USD,0000320193-21-000065,
AAPL,Balance Sheet,Accounts Receivable,AccountsReceivableNetCurrent,2021,Q3,Instant,,2021-06-26,2021-07-28,10-Q,17475000000,USD,0000320193-21-000065,CY2021Q2I
AAPL,Balance Sheet,Accounts Receivable,AccountsReceivableNetCurrent,2022,Q3,Instant,,2021-09-25,2022-07-29,10-Q,26278000000,USD,0000320193-22-000070,
AAPL,Balance Sheet,Accounts Receivable,AccountsReceivableNetCurrent,2022,Q3,Instant,,2022-06-25,2022-07-29,10-Q,21803000000,USD,0000320193-22-000070,CY2022Q2I
AAPL,Balance Sheet,Accounts Receivable,AccountsReceivableNetCurrent,2023,Q3,Instant,,2022-09-24,2023-08-04,10-Q,28184000000,USD,0000320193-23-000077,
AAPL,Balance Sheet,Accounts Receivable,AccountsReceivableNetCurrent,2023,Q3,Instant,,2023-07-01,2023-08-04,10-Q,19549000000,USD,0000320193-23-000077,CY2023Q2I
AAPL,Balance Sheet,Accounts Receivable,AccountsReceivableNetCurrent,2024,Q3,Instant,,2023-09-30,2024-08-02,10-Q,29508000000,USD,0000320193-24-000081,
AAPL,Balance Sheet,Accounts Receivable,AccountsReceivableNetCurrent,2024,Q3,Instant,,2024-06-29,2024-08-02,10-Q,22795000000,USD,0000320193-24-000081,CY2024Q2I
AAPL,Balance Sheet,Accounts Receivable,AccountsReceivableNetCurrent,2025,Q3,Instant,,2024-09-28,2025-08-01,10-Q,33410000000,USD,0000320193-25-000073,
AAPL,Balance Sheet,Accounts Receivable,AccountsReceivableNetCurrent,2025,Q3,Instant,,2025-06-28,2025-08-01,10-Q,27557000000,USD,0000320193-25-000073,CY2025Q2I
AAPL,Balance Sheet,Accounts Receivable,AccountsReceivableNetCurrent,2026,Q3,Instant,,2025-09-27,2026-07-31,10-Q,39777000000,USD,0000320193-26-000020,CY2025Q3I
AAPL,Balance Sheet,Accounts Receivable,AccountsReceivableNetCurrent,2026,Q3,Instant,,2026-06-27,2026-07-31,10-Q,31398000000,USD,0000320193-26-000020,CY2026Q2I
AAPL,Balance Sheet,Cash & Equivalents,CashAndCashEquivalentsAtCarryingValue,2009,FY,Instant,,2006-09-30,2009-10-27,10-K,6392000000,USD,0001193125-09-214859,
AAPL,Balance Sheet,Cash & Equivalents,CashAndCashEquivalentsAtCarryingValue,2009,FY,Instant,,2007-09-29,2009-10-27,10-K,9352000000,USD,0001193125-09-214859,
AAPL,Balance Sheet,Cash & Equivalents,CashAndCashEquivalentsAtCarryingValue,2010,FY,Instant,,2007-09-29,2010-10-27,10-K,9352000000,USD,0001193125-10-238044,CY2007Q3I
AAPL,Balance Sheet,Cash & Equivalents,CashAndCashEquivalentsAtCarryingValue,2009,FY,Instant,,2008-09-27,2009-10-27,10-K,11875000000,USD,0001193125-09-214859,
AAPL,Balance Sheet,Cash & Equivalents,CashAndCashEquivalentsAtCarryingValue,2010,FY,Instant,,2008-09-27,2010-10-27,10-K,11875000000,USD,0001193125-10-238044,
AAPL,Balance Sheet,Cash & Equivalents,CashAndCashEquivalentsAtCarryingValue,2011,FY,Instant,,2008-09-27,2011-10-26,10-K,11875000000,USD,0001193125-11-282113,CY2008Q3I
AAPL,Balance Sheet,Cash & Equivalents,CashAndCashEquivalentsAtCarryingValue,2009,FY,Instant,,2009-09-26,2009-10-27,10-K,5263000000,USD,0001193125-09-214859,
AAPL,Balance Sheet,Cash & Equivalents,CashAndCashEquivalentsAtCarryingValue,2010,FY,Instant,,2009-09-26,2010-10-27,10-K,5263000000,USD,0001193125-10-238044,
AAPL,Balance Sheet,Cash & Equivalents,CashAndCashEquivalentsAtCarryingValue,2011,FY,Instant,,2009-09-26,2011-10-26,10-K,5263000000,USD,0001193125-11-282113,
AAPL,Balance Sheet,Cash & Equivalents,CashAndCashEquivalentsAtCarryingValue,2012,FY,Instant,,2009-09-26,2012-10-31,10-K,5263000000,USD,0001193125-12-444068,
AAPL,Balance Sheet,Cash & Equivalents,CashAndCashEquivalentsAtCarryingValue,2010,FY,Instant,,2010-09-25,2010-10-27,10-K,11261000000,USD,0001193125-10-238044,
AAPL,Balance Sheet,Cash & Equivalents,CashAndCashEquivalentsAtCarryingValue,2011,FY,Instant,,2010-09-25,2011-10-26,10-K,11261000000,USD,0001193125-11-282113,
AAPL,Balance Sheet,Cash & Equivalents,CashAndCashEquivalentsAtCarryingValue,2012,FY,Instant,,2010-09-25,2012-10-31,10-K,11261000000,USD,0001193125-12-444068,
AAPL,Balance Sheet,Cash & Equivalents,CashAndCashEquivalentsAtCarryingValue,2013,FY,Instant,,2010-09-25,2013-10-30,10-K,11261000000,USD,0001193125-13-416534,CY2010Q3I
AAPL,Balance Sheet,Cash & Equivalents,CashAndCashEquivalentsAtCarryingValue,2011,FY,Instant,,2011-09-24,2011-10-26,10-K,9815000000,USD,0001193125-11-282113,
AAPL,Balance Sheet,Cash & Equivalents,CashAndCashEquivalentsAtCarryingValue,2012,FY,Instant,,2011-09-24,2012-10-31,10-K,9815000000,USD,0001193125-12-444068,
AAPL,Balance Sheet,Cash & Equivalents,CashAndCashEquivalentsAtCarryingValue,2013,FY,Instant,,2011-09-24,2013-10-30,10-K,9815000000,USD,0001193125-13-416534,
AAPL,Balance Sheet,Cash & Equivalents,CashAndCashEquivalentsAtCarryingValue,2014,FY,Instant,,2011-09-24,2014-10-27,10-K,9815000000,USD,0001193125-14-383437,
AAPL,Balance Sheet,Cash & Equivalents,CashAndCashEquivalentsAtCarryingValue,2012,FY,Instant,,2012-09-29,2012-10-31,10-K,10746000000,USD,0001193125-12-444068,
AAPL,Balance Sheet,Cash & Equivalents,CashAndCashEquivalentsAtCarryingValue,2013,FY,Instant,,2012-09-29,2013-10-30,10-K,10746000000,USD,0001193125-13-416534,
AAPL,Balance Sheet,Cash & Equivalents,CashAndCashEquivalentsAtCarryingValue,2014,FY,Instant,,2012-09-29,2014-10-27,10-K,10746000000,USD,0001193125-14-383437,
AAPL,Balance Sheet,Cash & Equivalents,CashAndCashEquivalentsAtCarryingValue,2015,FY,Instant,,2012-09-29,2015-10-28,10-K,10746000000,USD,0001193125-15-356351,CY2012Q3I
AAPL,Balance Sheet,Cash & Equivalents,CashAndCashEquivalentsAtCarryingValue,2013,FY,Instant,,2013-09-28,2013-10-30,10-K,14259000000,USD,0001193125-13-416534,
AAPL,Balance Sheet,Cash & Equivalents,CashAndCashEquivalentsAtCarryingValue,2014,FY,Instant,,2013-09-28,2014-10-27,10-K,14259000000,USD,0001193125-14-383437,
AAPL,Balance Sheet,Cash & Equivalents,CashAndCashEquivalentsAtCarryingValue,2015,FY,Instant,,2013-09-28,2015-10-28,10-K,14259000000,USD,0001193125-15-356351,
AAPL,Balance Sheet,Cash & Equivalents,CashAndCashEquivalentsAtCarryingValue,2016,FY,Instant,,2013-09-28,2016-10-26,10-K,14259000000,USD,0001628280-16-020309,CY2013Q3I
AAPL,Balance Sheet,Cash & Equivalents,CashAndCashEquivalentsAtCarryingValue,2014,FY,Instant,,2014-09-27,2014-10-27,10-K,13844000000,USD,0001193125-14-383437,
AAPL,Balance Sheet,Cash & Equivalents,CashAndCashEquivalentsAtCarryingValue,2015,FY,Instant,,2014-09-27,2015-10-28,10-K,13844000000,USD,0001193125-15-356351,
AAPL,Balance Sheet,Cash & Equivalents,CashAndCashEquivalentsAtCarryingValue,2016,FY,Instant,,2014-09-27,2016-10-26,10-K,13844000000,USD,0001628280-16-020309,
AAPL,Balance Sheet,Cash & Equivalents,CashAndCashEquivalentsAtCarryingValue,2017,FY,Instant,,2014-09-27,2017-11-03,10-K,13844000000,USD,0000320193-17-000070,CY2014Q3I
AAPL,Balance Sheet,Cash & Equivalents,CashAndCashEquivalentsAtCarryingValue,2015,FY,Instant,,2015-09-26,2015-10-28,10-K,21120000000,USD,0001193125-15-356351,
AAPL,Balance Sheet,Cash & Equivalents,CashAndCashEquivalentsAtCarryingValue,2016,FY,Instant,,2015-09-26,2016-10-26,10-K,21120000000,USD,0001628280-16-020309,
AAPL,Balance Sheet,Cash & Equivalents,CashAndCashEquivalentsAtCarryingValue,2017,FY,Instant,,2015-09-26,2017-11-03,10-K,21120000000,USD,0000320193-17-000070,
AAPL,Balance Sheet,Cash & Equivalents,CashAndCashEquivalentsAtCarryingValue,2018,FY,Instant,,2015-09-26,2018-11-05,10-K,21120000000,USD,0000320193-18-000145,CY2015Q3I
AAPL,Balance Sheet,Cash & Equivalents,CashAndCashEquivalentsAtCarryingValue,2016,FY,Instant,,2016-09-24,2016-10-26,10-K,20484000000,USD,0001628280-16-020309,
AAPL,Balance Sheet,Cash & Equivalents,CashAndCashEquivalentsAtCarryingValue,2017,FY,Instant,,2016-09-24,2017-11-03,10-K,20484000000,USD,0000320193-17-000070,
AAPL,Balance Sheet,Cash & Equivalents,CashAndCashEquivalentsAtCarryingValue,2018,FY,Instant,,2016-09-24,2018-11-05,10-K,20484000000,USD,0000320193-18-000145,CY2016Q3I
AAPL,Balance Sheet,Cash & Equivalents,CashAndCashEquivalentsAtCarryingValue,2017,FY,Instant,,2017-09-30,2017-11-03,10-K,20289000000,USD,0000320193-17-000070,
AAPL,Balance Sheet,Cash & Equivalents,CashAndCashEquivalentsAtCarryingValue,2018,FY,Instant,,2017-09-30,2018-11-05,10-K,20289000000,USD,0000320193-18-000145,
AAPL,Balance Sheet,Cash & Equivalents,CashAndCashEquivalentsAtCarryingValue,2018,FY,Instant,,2018-09-29,2018-11-05,10-K,25913000000,USD,0000320193-18-000145,
AAPL,Balance Sheet,Cash & Equivalents,CashAndCashEquivalentsAtCarryingValue,2019,FY,Instant,,2018-09-29,2019-10-31,10-K,25913000000,USD,0000320193-19-000119,CY2018Q3I
AAPL,Balance Sheet,Cash & Equivalents,CashAndCashEquivalentsAtCarryingValue,2019,FY,Instant,,2019-09-28,2019-10-31,10-K,48844000000,USD,0000320193-19-000119,
AAPL,Balance Sheet,Cash & Equivalents,CashAndCashEquivalentsAtCarryingValue,2020,FY,Instant,,2019-09-28,2020-10-30,10-K,48844000000,USD,0000320193-20-000096,CY2019Q3I
AAPL,Balance Sheet,Cash & Equivalents,CashAndCashEquivalentsAtCarryingValue,2020,FY,Instant,,2020-09-26,2020-10-30,10-K,38016000000,USD,0000320193-20-000096,
AAPL,Balance Sheet,Cash & Equivalents,CashAndCashEquivalentsAtCarryingValue,2021,FY,Instant,,2020-09-26,2021-10-29,10-K,38016000000,USD,0000320193-21-000105,CY2020Q3I
AAPL,Balance Sheet,Cash & Equivalents,CashAndCashEquivalentsAtCarryingValue,2021,FY,Instant,,2021-09-25,2021-10-29,10-K,34940000000,USD,0000320193-21-000105,
AAPL,Balance Sheet,Cash & Equivalents,CashAndCashEquivalentsAtCarryingValue,2022,FY,Instant,,2021-09-25,2022-10-28,10-K,34940000000,USD,0000320193-22-000108,CY2021Q3I
AAPL,Balance Sheet,Cash & Equivalents,CashAndCashEquivalentsAtCarryingValue,2022,FY,Instant,,2022-09-24,2022-10-28,10-K,23646000000,USD,0000320193-22-000108,
AAPL,Balance Sheet,Cash & Equivalents,CashAndCashEquivalentsAtCarryingValue,2023,FY,Instant,,2022-09-24,2023-11-03,10-K,23646000000,USD,0000320193-23-000106,CY2022Q3I
AAPL,Balance Sheet,Cash & Equivalents,CashAndCashEquivalentsAtCarryingValue,2023,FY,Instant,,2023-09-30,2023-11-03,10-K,29965000000,USD,0000320193-23-000106,
AAPL,Balance Sheet,Cash & Equivalents,CashAndCashEquivalentsAtCarryingValue,2024,FY,Instant,,2023-09-30,2024-11-01,10-K,29965000000,USD,0000320193-24-000123,CY2023Q3I
AAPL,Balance Sheet,Cash & Equivalents,CashAndCashEquivalentsAtCarryingValue,2024,FY,Instant,,2024-09-28,2024-11-01,10-K,29943000000,USD,0000320193-24-000123,
AAPL,Balance Sheet,Cash & Equivalents,CashAndCashEquivalentsAtCarryingValue,2025,FY,Instant,,2024-09-28,2025-10-31,10-K,29943000000,USD,0000320193-25-000079,CY2024Q3I
AAPL,Balance Sheet,Cash & Equivalents,CashAndCashEquivalentsAtCarryingValue,2025,FY,Instant,,2025-09-27,2025-10-31,10-K,35934000000,USD,0000320193-25-000079,
AAPL,Balance Sheet,Cash & Equivalents,CashAndCashEquivalentsAtCarryingValue,2010,Q1,Instant,,2008-09-27,2010-01-25,10-Q,11875000000,USD,0001193125-10-012085,
AAPL,Balance Sheet,Cash & Equivalents,CashAndCashEquivalentsAtCarryingValue,2010,Q1,Instant,,2008-12-27,2010-01-25,10-Q,7236000000,USD,0001193125-10-012085,CY2008Q4I
AAPL,Balance Sheet,Cash & Equivalents,CashAndCashEquivalentsAtCarryingValue,2010,Q1,Instant,,2009-09-26,2010-01-25,10-Q,5263000000,USD,0001193125-10-012085,
AAPL,Balance Sheet,Cash & Equivalents,CashAndCashEquivalentsAtCarryingValue,2011,Q1,Instant,,2009-09-26,2011-01-19,10-Q,5263000000,USD,0001193125-11-010144,
AAPL,Balance Sheet,Cash & Equivalents,CashAndCashEquivalentsAtCarryingValue,2010,Q1,Instant,,2009-12-26,2010-01-25,10-Q,7609000000,USD,0001193125-10-012085,
AAPL,Balance Sheet,Cash & Equivalents,CashAndCashEquivalentsAtCarryingValue,2011,Q1,Instant,,2009-12-26,2011-01-19,10-Q,7609000000,USD,0001193125-11-010144,CY2009Q4I
AAPL,Balance Sheet,Cash & Equivalents,CashAndCashEquivalentsAtCarryingValue,2011,Q1,Instant,,2010-09-25,2011-01-19,10-Q,11261000000,USD,0001193125-11-010144,
AAPL,Balance Sheet,Cash & Equivalents,CashAndCashEquivalentsAtCarryingValue,2012,Q1,Instant,,2010-09-25,2012-01-25,10-Q,11261000000,USD,0001193125-12-023398,
AAPL,Balance Sheet,Cash & Equivalents,CashAndCashEquivalentsAtCarryingValue,2011,Q1,Instant,,2010-12-25,2011-01-19,10-Q,10734000000,USD,0001193125-11-010144,
AAPL,Balance Sheet,Cash & Equivalents,CashAndCashEquivalentsAtCarryingValue,2012,Q1,Instant,,2010-12-25,2012-01-25,10-Q,10734000000,USD,0001193125-12-023398,CY2010Q4I
AAPL,Balance Sheet,Cash & Equivalents,CashAndCashEquivalentsAtCarryingValue,2012,Q1,Instant,,2011-09-24,2012-01-25,10-Q,9815000000,USD,0001193125-12-023398,
AAPL,Balance Sheet,Cash & Equivalents,CashAndCashEquivalentsAtCarryingValue,2013,Q1,Instant,,2011-09-24,2013-01-24,10-Q,9815000000,USD,0001193125-13-022339,
AAPL,Balance Sheet,Cash & Equivalents,CashAndCashEquivalentsAtCarryingValue,2012,Q1,Instant,,2011-12-31,2012-01-25,10-Q,10310000000,USD,0001193125-12-023398,
AAPL,Balance Sheet,Cash & Equivalents,CashAndCashEquivalentsAtCarryingValue,2013,Q1,Instant,,2011-12-31,2013-01-24,10-Q,10310000000,USD,0001193125-13-022339,CY2011Q4I
AAPL,Balance Sheet,Cash & Equivalents,CashAndCashEquivalentsAtCarryingValue,2013,Q1,Instant,,2012-09-29,2013-01-24,10-Q,10746000000,USD,0001193125-13-022339,
AAPL,Balance Sheet,Cash & Equivalents,CashAndCashEquivalentsAtCarryingValue,2014,Q1,Instant,,2012-09-29,2014-01-28,10-Q,10746000000,USD,0001193125-14-024487,
AAPL,Balance Sheet,Cash & Equivalents,CashAndCashEquivalentsAtCarryingValue,2013,Q1,Instant,,2012-12-29,2013-01-24,10-Q,16154000000,USD,0001193125-13-022339,
AAPL,Balance Sheet,Cash & Equivalents,CashAndCashEquivalentsAtCarryingValue,2014,Q1,Instant,,2012-12-29,2014-01-28,10-Q,16154000000,USD,0001193125-14-024487,CY2012Q4I
AAPL,Balance Sheet,Cash & Equivalents,CashAndCashEquivalentsAtCarryingValue,2014,Q1,Instant,,2013-09-28,2014-01-28,10-Q,14259000000,USD,0001193125-14-024487,
AAPL,Balance Sheet,Cash & Equivalents,CashAndCashEquivalentsAtCarryingValue,2015,Q1,Instant,,2013-09-28,2015-01-28,10-Q,14259000000,USD,0001193125-15-023697,
AAPL,Balance Sheet,Cash & Equivalents,CashAndCashEquivalentsAtCarryingValue,2014,Q1,Instant,,2013-12-28,2014-01-28,10-Q,14077000000,USD,0001193125-14-024487,
AAPL,Balance Sheet,Cash & Equivalents,CashAndCashEquivalentsAtCarryingValue,2015,Q1,Instant,,2013-12-28,2015-01-28,10-Q,14077000000,USD,0001193125-15-023697,CY2013Q4I
AAPL,Balance Sheet,Cash & Equivalents,CashAndCashEquivalentsAtCarryingValue,2015,Q1,Instant,,2014-09-27,2015-01-28,10-Q,13844000000,USD,0001193125-15-023697,
AAPL,Balance Sheet,Cash & Equivalents,CashAndCashEquivalentsAtCarryingValue,2016,Q1,Instant,,2014-09-27,2016-01-27,10-Q,13844000000,USD,0001193125-16-439878,
AAPL,Balance Sheet,Cash & Equivalents,CashAndCashEquivalentsAtCarryingValue,2015,Q1,Instant,,2014-12-27,2015-01-28,10-Q,19478000000,USD,0001193125-15-023697,
AAPL,Balance Sheet,Cash & Equivalents,CashAndCashEquivalentsAtCarryingValue,2016,Q1,Instant,,2014-12-27,2016-01-27,10-Q,19478000000,USD,0001193125-16-439878,CY2014Q4I
AAPL,Balance Sheet,Cash & Equivalents,CashAndCashEquivalentsAtCarryingValue,2016,Q1,Instant,,2015-09-26,2016-01-27,10-Q,21120000000,USD,0001193125-16-439878,
AAPL,Balance Sheet,Cash & Equivalents,CashAndCashEquivalentsAtCarryingValue,2017,Q1,Instant,,2015-09-26,2017-02-01,10-Q,21120000000,USD,0001628280-17-000717,
AAPL,Balance Sheet,Cash & Equivalents,CashAndCashEquivalentsAtCarryingValue,2016,Q1,Instant,,2015-12-26,2016-01-27,10-Q,16689000000,USD,0001193125-16-439878,
AAPL,Balance Sheet,Cash & Equivalents,CashAndCashEquivalentsAtCarryingValue,2017,Q1,Instant,,2015-12-26,2017-02-01,10-Q,16689000000,USD,0001628280-17-000717,CY2015Q4I
AAPL,Balance Sheet,Cash & Equivalents,CashAndCashEquivalentsAtCarryingValue,2017,Q1,Instant,,2016-09-24,2017-02-01,10-Q,20484000000,USD,0001628280-17-000717,
AAPL,Balance Sheet,Cash & Equivalents,CashAndCashEquivalentsAtCarryingValue,2018,Q1,Instant,,2016-09-24,2018-02-02,10-Q,20484000000,USD,0000320193-18-000007,
AAPL,Balance Sheet,Cash & Equivalents,CashAndCashEquivalentsAtCarryingValue,2017,Q1,Instant,,2016-12-31,2017-02-01,10-Q,16371000000,USD,0001628280-17-000717,
AAPL,Balance Sheet,Cash & Equivalents,CashAndCashEquivalentsAtCarryingValue,2018,Q1,Instant,,2016-12-31,2018-02-02,10-Q,16371000000,USD,0000320193-18-000007,CY2016Q4I
AAPL,Balance Sheet,Cash & Equivalents,CashAndCashEquivalentsAtCarryingValue,2018,Q1,Instant,,2017-09-30,2018-02-02,10-Q,20289000000,USD,0000320193-18-000007,
AAPL,Balance Sheet,Cash & Equivalents,CashAndCashEquivalentsAtCarryingValue,2019,Q1,Instant,,2017-09-30,2019-01-30,10-Q,20289000000,USD,0000320193-19-000010,CY2017Q3I
AAPL,Balance Sheet,Cash & Equivalents,CashAndCashEquivalentsAtCarryingValue,2018,Q1,Instant,,2017-12-30,2018-02-02,10-Q,27491000000,USD,0000320193-18-000007,
AAPL,Balance Sheet,Cash & Equivalents,CashAndCashEquivalentsAtCarryingValue,2019,Q1,Instant,,2017-12-30,2019-01-30,10-Q,27491000000,USD,0000320193-19-000010,CY2017Q4I
AAPL,Balance Sheet,Cash & Equivalents,CashAndCashEquivalentsAtCarryingValue,2019,Q1,Instant,,2018-09-29,2019-01-30,10-Q,25913000000,USD,0000320193-19-000010,
AAPL,Balance Sheet,Cash & Equivalents,CashAndCashEquivalentsAtCarryingValue,2019,Q1,Instant,,2018-12-29,2019-01-30,10-Q,44771000000,USD,0000320193-19-000010,CY2018Q4I
AAPL,Balance Sheet,Cash & Equivalents,CashAndCashEquivalentsAtCarryingValue,2020,Q1,Instant,,2019-09-28,2020-01-29,10-Q,48844000000,USD,0000320193-20-000010,
AAPL,Balance Sheet,Cash & Equivalents,CashAndCashEquivalentsAtCarryingValue,2020,Q1,Instant,,2019-12-28,2020-01-29,10-Q,39771000000,USD,0000320193-20-000010,CY2019Q4I
AAPL,Balance Sheet,Cash & Equivalents,CashAndCashEquivalentsAtCarryingValue,2021,Q1,Instant,,2020-09-26,2021-01-28,10-Q,38016000000,USD,0000320193-21-000010,
AAPL,Balance Sheet,Cash & Equivalents,CashAndCashEquivalentsAtCarryingValue,2021,Q1,Instant,,2020-12-26,2021-01-28,10-Q,36010000000,USD,0000320193-21-000010,CY2020Q4I
AAPL,Balance Sheet,Cash & Equivalents,CashAndCashEquivalentsAtCarryingValue,2022,Q1,Instant,,2021-09-25,2022-01-28,10-Q,34940000000,USD,0000320193-22-000007,
AAPL,Balance Sheet,Cash & Equivalents,CashAndCashEquivalentsAtCarryingValue,2022,Q1,Instant,,2021-12-25,2022-01-28,10-Q,37119000000,USD,0000320193-22-000007,CY2021Q4I
AAPL,Balance Sheet,Cash & Equivalents,CashAndCashEquivalentsAtCarryingValue,2023,Q1,Instant,,2022-09-24,2023-02-03,10-Q,23646000000,USD,0000320193-23-000006,
AAPL,Balance Sheet,Cash & Equivalents,CashAndCashEquivalentsAtCarryingValue,2023,Q1,Instant,,2022-12-31,2023-02-03,10-Q,20535000000,USD,0000320193-23-000006,CY2022Q4I
AAPL,Balance Sheet,Cash & Equivalents,CashAndCashEquivalentsAtCarryingValue,2024,Q1,Instant,,2023-09-30,2024-02-02,10-Q,29965000000,USD,0000320193-24-000006,
AAPL,Balance Sheet,Cash & Equivalents,CashAndCashEquivalentsAtCarryingValue,2024,Q1,Instant,,2023-12-30,2024-02-02,10-Q,40760000000,USD,0000320193-24-000006,CY2023Q4I
AAPL,Balance Sheet,Cash & Equivalents,CashAndCashEquivalentsAtCarryingValue,2025,Q1,Instant,,2024-09-28,2025-01-31,10-Q,29943000000,USD,0000320193-25-000008,
AAPL,Balance Sheet,Cash & Equivalents,CashAndCashEquivalentsAtCarryingValue,2025,Q1,Instant,,2024-12-28,2025-01-31,10-Q,30299000000,USD,0000320193-25-000008,CY2024Q4I
AAPL,Balance Sheet,Cash & Equivalents,CashAndCashEquivalentsAtCarryingValue,2026,Q1,Instant,,2025-09-27,2026-01-30,10-Q,35934000000,USD,0000320193-26-000006,
AAPL,Balance Sheet,Cash & Equivalents,CashAndCashEquivalentsAtCarryingValue,2026,Q1,Instant,,2025-12-27,2026-01-30,10-Q,45317000000,USD,0000320193-26-000006,CY2025Q4I
AAPL,Balance Sheet,Cash & Equivalents,CashAndCashEquivalentsAtCarryingValue,2010,Q2,Instant,,2008-09-27,2010-04-21,10-Q,11875000000,USD,0001193125-10-088957,
AAPL,Balance Sheet,Cash & Equivalents,CashAndCashEquivalentsAtCarryingValue,2010,Q2,Instant,,2009-03-28,2010-04-21,10-Q,4466000000,USD,0001193125-10-088957,CY2009Q1I
AAPL,Balance Sheet,Cash & Equivalents,CashAndCashEquivalentsAtCarryingValue,2010,Q2,Instant,,2009-09-26,2010-04-21,10-Q,5263000000,USD,0001193125-10-088957,
AAPL,Balance Sheet,Cash & Equivalents,CashAndCashEquivalentsAtCarryingValue,2011,Q2,Instant,,2009-09-26,2011-04-21,10-Q,5263000000,USD,0001193125-11-104388,
AAPL,Balance Sheet,Cash & Equivalents,CashAndCashEquivalentsAtCarryingValue,2010,Q2,Instant,,2010-03-27,2010-04-21,10-Q,10018000000,USD,0001193125-10-088957,
AAPL,Balance Sheet,Cash & Equivalents,CashAndCashEquivalentsAtCarryingValue,2011,Q2,Instant,,2010-03-27,2011-04-21,10-Q,10018000000,USD,0001193125-11-104388,CY2010Q1I
AAPL,Balance Sheet,Cash & Equivalents,CashAndCashEquivalentsAtCarryingValue,2011,Q2,Instant,,2010-09-25,2011-04-21,10-Q,11261000000,USD,0001193125-11-104388,
AAPL,Balance Sheet,Cash & Equivalents,CashAndCashEquivalentsAtCarryingValue,2012,Q2,Instant,,2010-09-25,2012-04-25,10-Q,11261000000,USD,0001193125-12-182321,
AAPL,Balance Sheet,Cash & Equivalents,CashAndCashEquivalentsAtCarryingValue,2011,Q2,Instant,,2011-03-26,2011-04-21,10-Q,15978000000,USD,0001193125-11-104388,
AAPL,Balance Sheet,Cash & Equivalents,CashAndCashEquivalentsAtCarryingValue,2012,Q2,Instant,,2011-03-26,2012-04-25,10-Q,15978000000,USD,0001193125-12-182321,CY2011Q1I
AAPL,Balance Sheet,Cash & Equivalents,CashAndCashEquivalentsAtCarryingValue,2012,Q2,Instant,,2011-09-24,2012-04-25,10-Q,9815000000,USD,0001193125-12-182321,
AAPL,Balance Sheet,Cash & Equivalents,CashAndCashEquivalentsAtCarryingValue,2013,Q2,Instant,,2011-09-24,2013-04-24,10-Q,9815000000,USD,0001193125-13-168288,
AAPL,Balance Sheet,Cash & Equivalents,CashAndCashEquivalentsAtCarryingValue,2012,Q2,Instant,,2012-03-31,2012-04-25,10-Q,10121000000,USD,0001193125-12-182321,
AAPL,Balance Sheet,Cash & Equivalents,CashAndCashEquivalentsAtCarryingValue,2013,Q2,Instant,,2012-03-31,2013-04-24,10-Q,10121000000,USD,0001193125-13-168288,CY2012Q1I
AAPL,Balance Sheet,Cash & Equivalents,CashAndCashEquivalentsAtCarryingValue,2013,Q2,Instant,,2012-09-29,2013-04-24,10-Q,10746000000,USD,0001193125-13-168288,
AAPL,Balance Sheet,Cash & Equivalents,CashAndCashEquivalentsAtCarryingValue,2014,Q2,Instant,,2012-09-29,2014-04-24,10-Q,10746000000,USD,0001193125-14-157311,
AAPL,Balance Sheet,Cash & Equivalents,CashAndCashEquivalentsAtCarryingValue,2013,Q2,Instant,,2013-03-30,2013-04-24,10-Q,12053000000,USD,0001193125-13-168288,
AAPL,Balance Sheet,Cash & Equivalents,CashAndCashEquivalentsAtCarryingValue,2014,Q2,Instant,,2013-03-30,2014-04-24,10-Q,12053000000,USD,0001193125-14-157311,CY2013Q1I
AAPL,Balance Sheet,Cash & Equivalents,CashAndCashEquivalentsAtCarryingValue,2014,Q2,Instant,,2013-09-28,2014-04-24,10-Q,14259000000,USD,0001193125-14-157311,
AAPL,Balance Sheet,Cash & Equivalents,CashAndCashEquivalentsAtCarryingValue,2015,Q2,Instant,,2013-09-28,2015-04-28,10-Q,14259000000,USD,0001193125-15-153166,
AAPL,Balance Sheet,Cash & Equivalents,CashAndCashEquivalentsAtCarryingValue,2014,Q2,Instant,,2014-03-29,2014-04-24,10-Q,18949000000,USD,0001193125-14-157311,
AAPL,Balance Sheet,Cash & Equivalents,CashAndCashEquivalentsAtCarryingValue,2015,Q2,Instant,,2014-03-29,2015-04-28,10-Q,18949000000,USD,0001193125-15-153166,CY2014Q1I
AAPL,Balance Sheet,Cash & Equivalents,CashAndCashEquivalentsAtCarryingValue,2015,Q2,Instant,,2014-09-27,2015-04-28,10-Q,13844000000,USD,0001193125-15-153166,
AAPL,Balance Sheet,Cash & Equivalents,CashAndCashEquivalentsAtCarryingValue,2016,Q2,Instant,,2014-09-27,2016-04-27,10-Q,13844000000,USD,0001193125-16-559625,
AAPL,Balance Sheet,Cash & Equivalents,CashAndCashEquivalentsAtCarryingValue,2015,Q2,Instant,,2015-03-28,2015-04-28,10-Q,14489000000,USD,0001193125-15-153166,
AAPL,Balance Sheet,Cash & Equivalents,CashAndCashEquivalentsAtCarryingValue,2016,Q2,Instant,,2015-03-28,2016-04-27,10-Q,14489000000,USD,0001193125-16-559625,CY2015Q1I
AAPL,Balance Sheet,Cash & Equivalents,CashAndCashEquivalentsAtCarryingValue,2016,Q2,Instant,,2015-09-26,2016-04-27,10-Q,21120000000,USD,0001193125-16-559625,
AAPL,Balance Sheet,Cash & Equivalents,CashAndCashEquivalentsAtCarryingValue,2017,Q2,Instant,,2015-09-26,2017-05-03,10-Q,21120000000,USD,0001628280-17-004790,
AAPL,Balance Sheet,Cash & Equivalents,CashAndCashEquivalentsAtCarryingValue,2016,Q2,Instant,,2016-03-26,2016-04-27,10-Q,21514000000,USD,0001193125-16-559625,
AAPL,Balance Sheet,Cash & Equivalents,CashAndCashEquivalentsAtCarryingValue,2017,Q2,Instant,,2016-03-26,2017-05-03,10-Q,21514000000,USD,0001628280-17-004790,CY2016Q1I
AAPL,Balance Sheet,Cash & Equivalents,CashAndCashEquivalentsAtCarryingValue,2017,Q2,Instant,,2016-09-24,2017-05-03,10-Q,20484000000,USD,0001628280-17-004790,
AAPL,Balance Sheet,Cash & Equivalents,CashAndCashEquivalentsAtCarryingValue,2018,Q2,Instant,,2016-09-24,2018-05-02,10-Q,20484000000,USD,0000320193-18-000070,
AAPL,Balance Sheet,Cash & Equivalents,CashAndCashEquivalentsAtCarryingValue,2017,Q2,Instant,,2017-04-01,2017-05-03,10-Q,15157000000,USD,0001628280-17-004790,
AAPL,Balance Sheet,Cash & Equivalents,CashAndCashEquivalentsAtCarryingValue,2018,Q2,Instant,,2017-04-01,2018-05-02,10-Q,15157000000,USD,0000320193-18-000070,CY2017Q1I
AAPL,Balance Sheet,Cash & Equivalents,CashAndCashEquivalentsAtCarryingValue,2018,Q2,Instant,,2017-09-30,2018-05-02,10-Q,20289000000,USD,0000320193-18-000070,
AAPL,Balance Sheet,Cash & Equivalents,CashAndCashEquivalentsAtCarryingValue,2018,Q2,Instant,,2018-03-31,2018-05-02,10-Q,45059000000,USD,0000320193-18-000070,CY2018Q1I
AAPL,Balance Sheet,Cash & Equivalents,CashAndCashEquivalentsAtCarryingValue,2019,Q2,Instant,,2018-09-29,2019-05-01,10-Q,25913000000,USD,0000320193-19-000066,
AAPL,Balance Sheet,Cash & Equivalents,CashAndCashEquivalentsAtCarryingValue,2019,Q2,Instant,,2019-03-30,2019-05-01,10-Q,37988000000,USD,0000320193-19-000066,CY2019Q1I
AAPL,Balance Sheet,Cash & Equivalents,CashAndCashEquivalentsAtCarryingValue,2020,Q2,Instant,,2019-09-28,2020-05-01,10-Q,48844000000,USD,0000320193-20-000052,
AAPL,Balance Sheet,Cash & Equivalents,CashAndCashEquivalentsAtCarryingValue,2020,Q2,Instant,,2020-03-28,2020-05-01,10-Q,40174000000,USD,0000320193-20-000052,CY2020Q1I
AAPL,Balance Sheet,Cash & Equivalents,CashAndCashEquivalentsAtCarryingValue,2021,Q2,Instant,,2020-09-26,2021-04-29,10-Q,38016000000,USD,0000320193-21-000056,
AAPL,Balance Sheet,Cash & Equivalents,CashAndCashEquivalentsAtCarryingValue,2021,Q2,Instant,,2021-03-27,2021-04-29,10-Q,38466000000,USD,0000320193-21-000056,CY2021Q1I
AAPL,Balance Sheet,Cash & Equivalents,CashAndCashEquivalentsAtCarryingValue,2022,Q2,Instant,,2021-09-25,2022-04-29,10-Q,34940000000,USD,0000320193-22-000059,
AAPL,Balance Sheet,Cash & Equivalents,CashAndCashEquivalentsAtCarryingValue,2022,Q2,Instant,,2022-03-26,2022-04-29,10-Q,28098000000,USD,0000320193-22-000059,CY2022Q1I
AAPL,Balance Sheet,Cash & Equivalents,CashAndCashEquivalentsAtCarryingValue,2023,Q2,Instant,,2022-09-24,2023-05-05,10-Q,23646000000,USD,0000320193-23-000064,
AAPL,Balance Sheet,Cash & Equivalents,CashAndCashEquivalentsAtCarryingValue,2023,Q2,Instant,,2023-04-01,2023-05-05,10-Q,24687000000,USD,0000320193-23-000064,CY2023Q1I
AAPL,Balance Sheet,Cash & Equivalents,CashAndCashEquivalentsAtCarryingValue,2024,Q2,Instant,,2023-09-30,2024-05-03,10-Q,29965000000,USD,0000320193-24-000069,
AAPL,Balance Sheet,Cash & Equivalents,CashAndCashEquivalentsAtCarryingValue,2024,Q2,Instant,,2024-03-30,2024-05-03,10-Q,32695000000,USD,0000320193-24-000069,CY2024Q1I
AAPL,Balance Sheet,Cash & Equivalents,CashAndCashEquivalentsAtCarryingValue,2025,Q2,Instant,,2024-09-28,2025-05-02,10-Q,29943000000,USD,0000320193-25-000057,
AAPL,Balance Sheet,Cash & Equivalents,CashAndCashEquivalentsAtCarryingValue,2025,Q2,Instant,,2025-03-29,2025-05-02,10-Q,28162000000,USD,0000320193-25-000057,CY2025Q1I
AAPL,Balance Sheet,Cash & Equivalents,CashAndCashEquivalentsAtCarryingValue,2026,Q2,Instant,,2025-09-27,2026-05-01,10-Q,35934000000,USD,0000320193-26-000013,
AAPL,Balance Sheet,Cash & Equivalents,CashAndCashEquivalentsAtCarryingValue,2026,Q2,Instant,,2026-03-28,2026-05-01,10-Q,45572000000,USD,0000320193-26-000013,CY2026Q1I
AAPL,Balance Sheet,Cash & Equivalents,CashAndCashEquivalentsAtCarryingValue,2009,Q3,Instant,,2007-09-29,2009-07-22,10-Q,9352000000,USD,0001193125-09-153165,
AAPL,Balance Sheet,Cash & Equivalents,CashAndCashEquivalentsAtCarryingValue,2009,Q3,Instant,,2008-06-28,2009-07-22,10-Q,9373000000,USD,0001193125-09-153165,CY2008Q2I
AAPL,Balance Sheet,Cash & Equivalents,CashAndCashEquivalentsAtCarryingValue,2009,Q3,Instant,,2008-09-27,2009-07-22,10-Q,11875000000,USD,0001193125-09-153165,
AAPL,Balance Sheet,Cash & Equivalents,CashAndCashEquivalentsAtCarryingValue,2010,Q3,Instant,,2008-09-27,2010-07-21,10-Q,11875000000,USD,0001193125-10-162840,
AAPL,Balance Sheet,Cash & Equivalents,CashAndCashEquivalentsAtCarryingValue,2009,Q3,Instant,,2009-06-27,2009-07-22,10-Q,5605000000,USD,0001193125-09-153165,
AAPL,Balance Sheet,Cash & Equivalents,CashAndCashEquivalentsAtCarryingValue,2010,Q3,Instant,,2009-06-27,2010-07-21,10-Q,5605000000,USD,0001193125-10-162840,CY2009Q2I
AAPL,Balance Sheet,Cash & Equivalents,CashAndCashEquivalentsAtCarryingValue,2010,Q3,Instant,,2009-09-26,2010-07-21,10-Q,5263000000,USD,0001193125-10-162840,
AAPL,Balance Sheet,Cash & Equivalents,CashAndCashEquivalentsAtCarryingValue,2011,Q3,Instant,,2009-09-26,2011-07-20,10-Q,5263000000,USD,0001193125-11-192493,
AAPL,Balance Sheet,Cash & Equivalents,CashAndCashEquivalentsAtCarryingValue,2010,Q3,Instant,,2010-06-26,2010-07-21,10-Q,9705000000,USD,0001193125-10-162840,
AAPL,Balance Sheet,Cash & Equivalents,CashAndCashEquivalentsAtCarryingValue,2011,Q3,Instant,,2010-06-26,2011-07-20,10-Q,9705000000,USD,0001193125-11-192493,CY2010Q2I
AAPL,Balance Sheet,Cash & Equivalents,CashAndCashEquivalentsAtCarryingValue,2011,Q3,Instant,,2010-09-25,2011-07-20,10-Q,11261000000,USD,0001193125-11-192493,
AAPL,Balance Sheet,Cash & Equivalents,CashAndCashEquivalentsAtCarryingValue,2012,Q3,Instant,,2010-09-25,2012-07-25,10-Q,11261000000,USD,0001193125-12-314552,
AAPL,Balance Sheet,Cash & Equivalents,CashAndCashEquivalentsAtCarryingValue,2011,Q3,Instant,,2011-06-25,2011-07-20,10-Q,12091000000,USD,0001193125-11-192493,
AAPL,Balance Sheet,Cash & Equivalents,CashAndCashEquivalentsAtCarryingValue,2012,Q3,Instant,,2011-06-25,2012-07-25,10-Q,12091000000,USD,0001193125-12-314552,CY2011Q2I
AAPL,Balance Sheet,Cash & Equivalents,CashAndCashEquivalentsAtCarryingValue,2012,Q3,Instant,,2011-09-24,2012-07-25,10-Q,9815000000,USD,0001193125-12-314552,
AAPL,Balance Sheet,Cash & Equivalents,CashAndCashEquivalentsAtCarryingValue,2013,Q3,Instant,,2011-09-24,2013-07-24,10-Q,9815000000,USD,0001193125-13-300670,
AAPL,Balance Sheet,Cash & Equivalents,CashAndCashEquivalentsAtCarryingValue,2012,Q3,Instant,,2012-06-30,2012-07-25,10-Q,7945000000,USD,0001193125-12-314552,
AAPL,Balance Sheet,Cash & Equivalents,CashAndCashEquivalentsAtCarryingValue,2013,Q3,Instant,,2012-06-30,2013-07-24,10-Q,7945000000,USD,0001193125-13-300670,CY2012Q2I
AAPL,Balance Sheet,Cash & Equivalents,CashAndCashEquivalentsAtCarryingValue,2013,Q3,Instant,,2012-09-29,2013-07-24,10-Q,10746000000,USD,0001193125-13-300670,
AAPL,Balance Sheet,Cash & Equivalents,CashAndCashEquivalentsAtCarryingValue,2014,Q3,Instant,,2012-09-29,2014-07-23,10-Q,10746000000,USD,0001193125-14-277160,
AAPL,Balance Sheet,Cash & Equivalents,CashAndCashEquivalentsAtCarryingValue,2013,Q3,Instant,,2013-06-29,2013-07-24,10-Q,11248000000,USD,0001193125-13-300670,
AAPL,Balance Sheet,Cash & Equivalents,CashAndCashEquivalentsAtCarryingValue,2014,Q3,Instant,,2013-06-29,2014-07-23,10-Q,11248000000,USD,0001193125-14-277160,CY2013Q2I
AAPL,Balance Sheet,Cash & Equivalents,CashAndCashEquivalentsAtCarryingValue,2014,Q3,Instant,,2013-09-28,2014-07-23,10-Q,14259000000,USD,0001193125-14-277160,
AAPL,Balance Sheet,Cash & Equivalents,CashAndCashEquivalentsAtCarryingValue,2015,Q3,Instant,,2013-09-28,2015-07-22,10-Q,14259000000,USD,0001193125-15-259935,
AAPL,Balance Sheet,Cash & Equivalents,CashAndCashEquivalentsAtCarryingValue,2014,Q3,Instant,,2014-06-28,2014-07-23,10-Q,12977000000,USD,0001193125-14-277160,
AAPL,Balance Sheet,Cash & Equivalents,CashAndCashEquivalentsAtCarryingValue,2015,Q3,Instant,,2014-06-28,2015-07-22,10-Q,12977000000,USD,0001193125-15-259935,CY2014Q2I
AAPL,Balance Sheet,Cash & Equivalents,CashAndCashEquivalentsAtCarryingValue,2015,Q3,Instant,,2014-09-27,2015-07-22,10-Q,13844000000,USD,0001193125-15-259935,
AAPL,Balance Sheet,Cash & Equivalents,CashAndCashEquivalentsAtCarryingValue,2016,Q3,Instant,,2014-09-27,2016-07-27,10-Q,13844000000,USD,0001628280-16-017809,
AAPL,Balance Sheet,Cash & Equivalents,CashAndCashEquivalentsAtCarryingValue,2015,Q3,Instant,,2015-06-27,2015-07-22,10-Q,15319000000,USD,0001193125-15-259935,
AAPL,Balance Sheet,Cash & Equivalents,CashAndCashEquivalentsAtCarryingValue,2016,Q3,Instant,,2015-06-27,2016-07-27,10-Q,15319000000,USD,0001628280-16-017809,CY2015Q2I
AAPL,Balance Sheet,Cash & Equivalents,CashAndCashEquivalentsAtCarryingValue,2016,Q3,Instant,,2015-09-26,2016-07-27,10-Q,21120000000,USD,0001628280-16-017809,
AAPL,Balance Sheet,Cash & Equivalents,CashAndCashEquivalentsAtCarryingValue,2017,Q3,Instant,,2015-09-26,2017-08-02,10-Q,21120000000,USD,0000320193-17-000009,
AAPL,Balance Sheet,Cash & Equivalents,CashAndCashEquivalentsAtCarryingValue,2016,Q3,Instant,,2016-06-25,2016-07-27,10-Q,18237000000,USD,0001628280-16-017809,
AAPL,Balance Sheet,Cash & Equivalents,CashAndCashEquivalentsAtCarryingValue,2017,Q3,Instant,,2016-06-25,2017-08-02,10-Q,18237000000,USD,0000320193-17-000009,CY2016Q2I
AAPL,Balance Sheet,Cash & Equivalents,CashAndCashEquivalentsAtCarryingValue,2017,Q3,Instant,,2016-09-24,2017-08-02,10-Q,20484000000,USD,0000320193-17-000009,
AAPL,Balance Sheet,Cash & Equivalents,CashAndCashEquivalentsAtCarryingValue,2018,Q3,Instant,,2016-09-24,2018-08-01,10-Q,20484000000,USD,0000320193-18-000100,
AAPL,Balance Sheet,Cash & Equivalents,CashAndCashEquivalentsAtCarryingValue,2017,Q3,Instant,,2017-07-01,2017-08-02,10-Q,18571000000,USD,0000320193-17-000009,
AAPL,Balance Sheet,Cash & Equivalents,CashAndCashEquivalentsAtCarryingValue,2018,Q3,Instant,,2017-07-01,2018-08-01,10-Q,18571000000,USD,0000320193-18-000100,CY2017Q2I
AAPL,Balance Sheet,Cash & Equivalents,CashAndCashEquivalentsAtCarryingValue,2018,Q3,Instant,,2017-09-30,2018-08-01,10-Q,20289000000,USD,0000320193-18-000100,
AAPL,Balance Sheet,Cash & Equivalents,CashAndCashEquivalentsAtCarryingValue,2018,Q3,Instant,,2018-06-30,2018-08-01,10-Q,31971000000,USD,0000320193-18-000100,CY2018Q2I
AAPL,Balance Sheet,Cash & Equivalents,CashAndCashEquivalentsAtCarryingValue,2019,Q3,Instant,,2018-09-29,2019-07-31,10-Q,25913000000,USD,0000320193-19-000076,
AAPL,Balance Sheet,Cash & Equivalents,CashAndCashEquivalentsAtCarryingValue,2019,Q3,Instant,,2019-06-29,2019-07-31,10-Q,50530000000,USD,0000320193-19-000076,CY2019Q2I
AAPL,Balance Sheet,Cash & Equivalents,CashAndCashEquivalentsAtCarryingValue,2020,Q3,Instant,,2019-09-28,2020-07-31,10-Q,48844000000,USD,0000320193-20-000062,
AAPL,Balance Sheet,Cash & Equivalents,CashAndCashEquivalentsAtCarryingValue,2020,Q3,Instant,,2020-06-27,2020-07-31,10-Q,33383000000,USD,0000320193-20-000062,CY2020Q2I
AAPL,Balance Sheet,Cash & Equivalents,CashAndCashEquivalentsAtCarryingValue,2021,Q3,Instant,,2020-09-26,2021-07-28,10-Q,38016000000,USD,0000320193-21-000065,
AAPL,Balance Sheet,Cash & Equivalents,CashAndCashEquivalentsAtCarryingValue,2021,Q3,Instant,,2021-06-26,2021-07-28,10-Q,34050000000,USD,0000320193-21-000065,CY2021Q2I
AAPL,Balance Sheet,Cash & Equivalents,CashAndCashEquivalentsAtCarryingValue,2022,Q3,Instant,,2021-09-25,2022-07-29,10-Q,34940000000,USD,0000320193-22-000070,
AAPL,Balance Sheet,Cash & Equivalents,CashAndCashEquivalentsAtCarryingValue,2022,Q3,Instant,,2022-06-25,2022-07-29,10-Q,27502000000,USD,0000320193-22-000070,CY2022Q2I
AAPL,Balance Sheet,Cash & Equivalents,CashAndCashEquivalentsAtCarryingValue,2023,Q3,Instant,,2022-09-24,2023-08-04,10-Q,23646000000,USD,0000320193-23-000077,
AAPL,Balance Sheet,Cash & Equivalents,CashAndCashEquivalentsAtCarryingValue,2023,Q3,Instant,,2023-07-01,2023-08-04,10-Q,28408000000,USD,0000320193-23-000077,CY2023Q2I
AAPL,Balance Sheet,Cash & Equivalents,CashAndCashEquivalentsAtCarryingValue,2024,Q3,Instant,,2023-09-30,2024-08-02,10-Q,29965000000,USD,0000320193-24-000081,
AAPL,Balance Sheet,Cash & Equivalents,CashAndCashEquivalentsAtCarryingValue,2024,Q3,Instant,,2024-06-29,2024-08-02,10-Q,25565000000,USD,0000320193-24-000081,CY2024Q2I
AAPL,Balance Sheet,Cash & Equivalents,CashAndCashEquivalentsAtCarryingValue,2025,Q3,Instant,,2024-09-28,2025-08-01,10-Q,29943000000,USD,0000320193-25-000073,
AAPL,Balance Sheet,Cash & Equivalents,CashAndCashEquivalentsAtCarryingValue,2025,Q3,Instant,,2025-06-28,2025-08-01,10-Q,36269000000,USD,0000320193-25-000073,CY2025Q2I
AAPL,Balance Sheet,Cash & Equivalents,CashAndCashEquivalentsAtCarryingValue,2026,Q3,Instant,,2025-09-27,2026-07-31,10-Q,35934000000,USD,0000320193-26-000020,CY2025Q3I
AAPL,Balance Sheet,Cash & Equivalents,CashAndCashEquivalentsAtCarryingValue,2026,Q3,Instant,,2026-06-27,2026-07-31,10-Q,39544000000,USD,0000320193-26-000020,CY2026Q2I
AAPL,Balance Sheet,Current Assets,AssetsCurrent,2009,FY,Instant,,2008-09-27,2009-10-27,10-K,32311000000,USD,0001193125-09-214859,
AAPL,Balance Sheet,Current Assets,AssetsCurrent,2009,FY,Instant,,2009-09-26,2009-10-27,10-K,36265000000,USD,0001193125-09-214859,
AAPL,Balance Sheet,Current Assets,AssetsCurrent,2010,FY,Instant,,2009-09-26,2010-10-27,10-K,31555000000,USD,0001193125-10-238044,CY2009Q3I
AAPL,Balance Sheet,Current Assets,AssetsCurrent,2010,FY,Instant,,2010-09-25,2010-10-27,10-K,41678000000,USD,0001193125-10-238044,
AAPL,Balance Sheet,Current Assets,AssetsCurrent,2011,FY,Instant,,2010-09-25,2011-10-26,10-K,41678000000,USD,0001193125-11-282113,CY2010Q3I
AAPL,Balance Sheet,Current Assets,AssetsCurrent,2011,FY,Instant,,2011-09-24,2011-10-26,10-K,44988000000,USD,0001193125-11-282113,
AAPL,Balance Sheet,Current Assets,AssetsCurrent,2012,FY,Instant,,2011-09-24,2012-10-31,10-K,44988000000,USD,0001193125-12-444068,
AAPL,Balance Sheet,Current Assets,AssetsCurrent,2012,FY,Instant,,2012-09-29,2012-10-31,10-K,57653000000,USD,0001193125-12-444068,
AAPL,Balance Sheet,Current Assets,AssetsCurrent,2013,FY,Instant,,2012-09-29,2013-10-30,10-K,57653000000,USD,0001193125-13-416534,CY2012Q3I
AAPL,Balance Sheet,Current Assets,AssetsCurrent,2013,FY,Instant,,2013-09-28,2013-10-30,10-K,73286000000,USD,0001193125-13-416534,
AAPL,Balance Sheet,Current Assets,AssetsCurrent,2014,FY,Instant,,2013-09-28,2014-10-27,10-K,73286000000,USD,0001193125-14-383437,
AAPL,Balance Sheet,Current Assets,AssetsCurrent,2014,FY,Instant,,2014-09-27,2014-10-27,10-K,68531000000,USD,0001193125-14-383437,
AAPL,Balance Sheet,Current Assets,AssetsCurrent,2015,FY,Instant,,2014-09-27,2015-10-28,10-K,68531000000,USD,0001193125-15-356351,CY2014Q3I
AAPL,Balance Sheet,Current Assets,AssetsCurrent,2015,FY,Instant,,2015-09-26,2015-10-28,10-K,89378000000,USD,0001193125-15-356351,
AAPL,Balance Sheet,Current Assets,AssetsCurrent,2016,FY,Instant,,2015-09-26,2016-10-26,10-K,89378000000,USD,0001628280-16-020309,CY2015Q3I
AAPL,Balance Sheet,Current Assets,AssetsCurrent,2016,FY,Instant,,2016-09-24,2016-10-26,10-K,106869000000,USD,0001628280-16-020309,
AAPL,Balance Sheet,Current Assets,AssetsCurrent,2017,FY,Instant,,2016-09-24,2017-11-03,10-K,106869000000,USD,0000320193-17-000070,CY2016Q3I
AAPL,Balance Sheet,Current Assets,AssetsCurrent,2017,FY,Instant,,2017-09-30,2017-11-03,10-K,128645000000,USD,0000320193-17-000070,
AAPL,Balance Sheet,Current Assets,AssetsCurrent,2018,FY,Instant,,2017-09-30,2018-11-05,10-K,128645000000,USD,0000320193-18-000145,CY2017Q3I
AAPL,Balance Sheet,Current Assets,AssetsCurrent,2018,FY,Instant,,2018-09-29,2018-11-05,10-K,131339000000,USD,0000320193-18-000145,
AAPL,Balance Sheet,Current Assets,AssetsCurrent,2019,FY,Instant,,2018-09-29,2019-10-31,10-K,131339000000,USD,0000320193-19-000119,CY2018Q3I
AAPL,Balance Sheet,Current Assets,AssetsCurrent,2019,FY,Instant,,2019-09-28,2019-10-31,10-K,162819000000,USD,0000320193-19-000119,
AAPL,Balance Sheet,Current Assets,AssetsCurrent,2020,FY,Instant,,2019-09-28,2020-10-30,10-K,162819000000,USD,0000320193-20-000096,CY2019Q3I
AAPL,Balance Sheet,Current Assets,AssetsCurrent,2020,FY,Instant,,2020-09-26,2020-10-30,10-K,143713000000,USD,0000320193-20-000096,
AAPL,Balance Sheet,Current Assets,AssetsCurrent,2021,FY,Instant,,2020-09-26,2021-10-29,10-K,143713000000,USD,0000320193-21-000105,CY2020Q3I
AAPL,Balance Sheet,Current Assets,AssetsCurrent,2021,FY,Instant,,2021-09-25,2021-10-29,10-K,134836000000,USD,0000320193-21-000105,
AAPL,Balance Sheet,Current Assets,AssetsCurrent,2022,FY,Instant,,2021-09-25,2022-10-28,10-K,134836000000,USD,0000320193-22-000108,CY2021Q3I
AAPL,Balance Sheet,Current Assets,AssetsCurrent,2022,FY,Instant,,2022-09-24,2022-10-28,10-K,135405000000,USD,0000320193-22-000108,
AAPL,Balance Sheet,Current Assets,AssetsCurrent,2023,FY,Instant,,2022-09-24,2023-11-03,10-K,135405000000,USD,0000320193-23-000106,CY2022Q3I
AAPL,Balance Sheet,Current Assets,AssetsCurrent,2023,FY,Instant,,2023-09-30,2023-11-03,10-K,143566000000,USD,0000320193-23-000106,
AAPL,Balance Sheet,Current Assets,AssetsCurrent,2024,FY,Instant,,2023-09-30,2024-11-01,10-K,143566000000,USD,0000320193-24-000123,CY2023Q3I
AAPL,Balance Sheet,Current Assets,AssetsCurrent,2024,FY,Instant,,2024-09-28,2024-11-01,10-K,152987000000,USD,0000320193-24-000123,
AAPL,Balance Sheet,Current Assets,AssetsCurrent,2025,FY,Instant,,2024-09-28,2025-10-31,10-K,152987000000,USD,0000320193-25-000079,CY2024Q3I
AAPL,Balance Sheet,Current Assets,AssetsCurrent,2025,FY,Instant,,2025-09-27,2025-10-31,10-K,147957000000,USD,0000320193-25-000079,
AAPL,Balance Sheet,Current Assets,AssetsCurrent,2010,Q1,Instant,,2009-09-26,2010-01-25,10-Q,31555000000,USD,0001193125-10-012085,
AAPL,Balance Sheet,Current Assets,AssetsCurrent,2010,Q1,Instant,,2009-12-26,2010-01-25,10-Q,33332000000,USD,0001193125-10-012085,CY2009Q4I
AAPL,Balance Sheet,Current Assets,AssetsCurrent,2011,Q1,Instant,,2010-09-25,2011-01-19,10-Q,41678000000,USD,0001193125-11-010144,
AAPL,Balance Sheet,Current Assets,AssetsCurrent,2011,Q1,Instant,,2010-12-25,2011-01-19,10-Q,43927000000,USD,0001193125-11-010144,CY2010Q4I
AAPL,Balance Sheet,Current Assets,AssetsCurrent,2012,Q1,Instant,,2011-09-24,2012-01-25,10-Q,44988000000,USD,0001193125-12-023398,
AAPL,Balance Sheet,Current Assets,AssetsCurrent,2012,Q1,Instant,,2011-12-31,2012-01-25,10-Q,54771000000,USD,0001193125-12-023398,CY2011Q4I
AAPL,Balance Sheet,Current Assets,AssetsCurrent,2013,Q1,Instant,,2012-09-29,2013-01-24,10-Q,57653000000,USD,0001193125-13-022339,
AAPL,Balance Sheet,Current Assets,AssetsCurrent,2013,Q1,Instant,,2012-12-29,2013-01-24,10-Q,72348000000,USD,0001193125-13-022339,CY2012Q4I
AAPL,Balance Sheet,Current Assets,AssetsCurrent,2014,Q1,Instant,,2013-09-28,2014-01-28,10-Q,73286000000,USD,0001193125-14-024487,
AAPL,Balance Sheet,Current Assets,AssetsCurrent,2014,Q1,Instant,,2013-12-28,2014-01-28,10-Q,80347000000,USD,0001193125-14-024487,CY2013Q4I
AAPL,Balance Sheet,Current Assets,AssetsCurrent,2015,Q1,Instant,,2014-09-27,2015-01-28,10-Q,68531000000,USD,0001193125-15-023697,
AAPL,Balance Sheet,Current Assets,AssetsCurrent,2015,Q1,Instant,,2014-12-27,2015-01-28,10-Q,83403000000,USD,0001193125-15-023697,CY2014Q4I
AAPL,Balance Sheet,Current Assets,AssetsCurrent,2016,Q1,Instant,,2015-09-26,2016-01-27,10-Q,89378000000,USD,0001193125-16-439878,
AAPL,Balance Sheet,Current Assets,AssetsCurrent,2016,Q1,Instant,,2015-12-26,2016-01-27,10-Q,76219000000,USD,0001193125-16-439878,CY2015Q4I
AAPL,Balance Sheet,Current Assets,AssetsCurrent,2017,Q1,Instant,,2016-09-24,2017-02-01,10-Q,106869000000,USD,0001628280-17-000717,
AAPL,Balance Sheet,Current Assets,AssetsCurrent,2017,Q1,Instant,,2016-12-31,2017-02-01,10-Q,103332000000,USD,0001628280-17-000717,CY2016Q4I
AAPL,Balance Sheet,Current Assets,AssetsCurrent,2018,Q1,Instant,,2017-09-30,2018-02-02,10-Q,128645000000,USD,0000320193-18-000007,
AAPL,Balance Sheet,Current Assets,AssetsCurrent,2018,Q1,Instant,,2017-12-30,2018-02-02,10-Q,143810000000,USD,0000320193-18-000007,CY2017Q4I
AAPL,Balance Sheet,Current Assets,AssetsCurrent,2019,Q1,Instant,,2018-09-29,2019-01-30,10-Q,131339000000,USD,0000320193-19-000010,
AAPL,Balance Sheet,Current Assets,AssetsCurrent,2019,Q1,Instant,,2018-12-29,2019-01-30,10-Q,140828000000,USD,0000320193-19-000010,CY2018Q4I
AAPL,Balance Sheet,Current Assets,AssetsCurrent,2020,Q1,Instant,,2019-09-28,2020-01-29,10-Q,162819000000,USD,0000320193-20-000010,
AAPL,Balance Sheet,Current Assets,AssetsCurrent,2020,Q1,Instant,,2019-12-28,2020-01-29,10-Q,163231000000,USD,0000320193-20-000010,CY2019Q4I
AAPL,Balance Sheet,Current Assets,AssetsCurrent,2021,Q1,Instant,,2020-09-26,2021-01-28,10-Q,143713000000,USD,0000320193-21-000010,
AAPL,Balance Sheet,Current Assets,AssetsCurrent,2021,Q1,Instant,,2020-12-26,2021-01-28,10-Q,154106000000,USD,0000320193-21-000010,CY2020Q4I
AAPL,Balance Sheet,Current Assets,AssetsCurrent,2022,Q1,Instant,,2021-09-25,2022-01-28,10-Q,134836000000,USD,0000320193-22-000007,
AAPL,Balance Sheet,Current Assets,AssetsCurrent,2022,Q1,Instant,,2021-12-25,2022-01-28,10-Q,153154000000,USD,0000320193-22-000007,CY2021Q4I
AAPL,Balance Sheet,Current Assets,AssetsCurrent,2023,Q1,Instant,,2022-09-24,2023-02-03,10-Q,135405000000,USD,0000320193-23-000006,
AAPL,Balance Sheet,Current Assets,AssetsCurrent,2023,Q1,Instant,,2022-12-31,2023-02-03,10-Q,128777000000,USD,0000320193-23-000006,CY2022Q4I
AAPL,Balance Sheet,Current Assets,AssetsCurrent,2024,Q1,Instant,,2023-09-30,2024-02-02,10-Q,143566000000,USD,0000320193-24-000006,
AAPL,Balance Sheet,Current Assets,AssetsCurrent,2024,Q1,Instant,,2023-12-30,2024-02-02,10-Q,143692000000,USD,0000320193-24-000006,CY2023Q4I
AAPL,Balance Sheet,Current Assets,AssetsCurrent,2025,Q1,Instant,,2024-09-28,2025-01-31,10-Q,152987000000,USD,0000320193-25-000008,
AAPL,Balance Sheet,Current Assets,AssetsCurrent,2025,Q1,Instant,,2024-12-28,2025-01-31,10-Q,133240000000,USD,0000320193-25-000008,CY2024Q4I
AAPL,Balance Sheet,Current Assets,AssetsCurrent,2026,Q1,Instant,,2025-09-27,2026-01-30,10-Q,147957000000,USD,0000320193-26-000006,
AAPL,Balance Sheet,Current Assets,AssetsCurrent,2026,Q1,Instant,,2025-12-27,2026-01-30,10-Q,158104000000,USD,0000320193-26-000006,CY2025Q4I
AAPL,Balance Sheet,Current Assets,AssetsCurrent,2010,Q2,Instant,,2009-09-26,2010-04-21,10-Q,31555000000,USD,0001193125-10-088957,
AAPL,Balance Sheet,Current Assets,AssetsCurrent,2010,Q2,Instant,,2010-03-27,2010-04-21,10-Q,32336000000,USD,0001193125-10-088957,CY2010Q1I
AAPL,Balance Sheet,Current Assets,AssetsCurrent,2011,Q2,Instant,,2010-09-25,2011-04-21,10-Q,41678000000,USD,0001193125-11-104388,
AAPL,Balance Sheet,Current Assets,AssetsCurrent,2011,Q2,Instant,,2011-03-26,2011-04-21,10-Q,46997000000,USD,0001193125-11-104388,CY2011Q1I
AAPL,Balance Sheet,Current Assets,AssetsCurrent,2012,Q2,Instant,,2011-09-24,2012-04-25,10-Q,44988000000,USD,0001193125-12-182321,
AAPL,Balance Sheet,Current Assets,AssetsCurrent,2012,Q2,Instant,,2012-03-31,2012-04-25,10-Q,50712000000,USD,0001193125-12-182321,CY2012Q1I
AAPL,Balance Sheet,Current Assets,AssetsCurrent,2013,Q2,Instant,,2012-09-29,2013-04-24,10-Q,57653000000,USD,0001193125-13-168288,
AAPL,Balance Sheet,Current Assets,AssetsCurrent,2013,Q2,Instant,,2013-03-30,2013-04-24,10-Q,63337000000,USD,0001193125-13-168288,CY2013Q1I
AAPL,Balance Sheet,Current Assets,AssetsCurrent,2014,Q2,Instant,,2013-09-28,2014-04-24,10-Q,73286000000,USD,0001193125-14-157311,
AAPL,Balance Sheet,Current Assets,AssetsCurrent,2014,Q2,Instant,,2014-03-29,2014-04-24,10-Q,70541000000,USD,0001193125-14-157311,CY2014Q1I
AAPL,Balance Sheet,Current Assets,AssetsCurrent,2015,Q2,Instant,,2014-09-27,2015-04-28,10-Q,68531000000,USD,0001193125-15-153166,
AAPL,Balance Sheet,Current Assets,AssetsCurrent,2015,Q2,Instant,,2015-03-28,2015-04-28,10-Q,67891000000,USD,0001193125-15-153166,CY2015Q1I
AAPL,Balance Sheet,Current Assets,AssetsCurrent,2016,Q2,Instant,,2015-09-26,2016-04-27,10-Q,89378000000,USD,0001193125-16-559625,
AAPL,Balance Sheet,Current Assets,AssetsCurrent,2016,Q2,Instant,,2016-03-26,2016-04-27,10-Q,87592000000,USD,0001193125-16-559625,CY2016Q1I
AAPL,Balance Sheet,Current Assets,AssetsCurrent,2017,Q2,Instant,,2016-09-24,2017-05-03,10-Q,106869000000,USD,0001628280-17-004790,
AAPL,Balance Sheet,Current Assets,AssetsCurrent,2017,Q2,Instant,,2017-04-01,2017-05-03,10-Q,101990000000,USD,0001628280-17-004790,CY2017Q1I
AAPL,Balance Sheet,Current Assets,AssetsCurrent,2018,Q2,Instant,,2017-09-30,2018-05-02,10-Q,128645000000,USD,0000320193-18-000070,
AAPL,Balance Sheet,Current Assets,AssetsCurrent,2018,Q2,Instant,,2018-03-31,2018-05-02,10-Q,130053000000,USD,0000320193-18-000070,CY2018Q1I
AAPL,Balance Sheet,Current Assets,AssetsCurrent,2019,Q2,Instant,,2018-09-29,2019-05-01,10-Q,131339000000,USD,0000320193-19-000066,
AAPL,Balance Sheet,Current Assets,AssetsCurrent,2019,Q2,Instant,,2019-03-30,2019-05-01,10-Q,123346000000,USD,0000320193-19-000066,CY2019Q1I
AAPL,Balance Sheet,Current Assets,AssetsCurrent,2020,Q2,Instant,,2019-09-28,2020-05-01,10-Q,162819000000,USD,0000320193-20-000052,
AAPL,Balance Sheet,Current Assets,AssetsCurrent,2020,Q2,Instant,,2020-03-28,2020-05-01,10-Q,143753000000,USD,0000320193-20-000052,CY2020Q1I
AAPL,Balance Sheet,Current Assets,AssetsCurrent,2021,Q2,Instant,,2020-09-26,2021-04-29,10-Q,143713000000,USD,0000320193-21-000056,
AAPL,Balance Sheet,Current Assets,AssetsCurrent,2021,Q2,Instant,,2021-03-27,2021-04-29,10-Q,121465000000,USD,0000320193-21-000056,CY2021Q1I
AAPL,Balance Sheet,Current Assets,AssetsCurrent,2022,Q2,Instant,,2021-09-25,2022-04-29,10-Q,134836000000,USD,0000320193-22-000059,
AAPL,Balance Sheet,Current Assets,AssetsCurrent,2022,Q2,Instant,,2022-03-26,2022-04-29,10-Q,118180000000,USD,0000320193-22-000059,CY2022Q1I
AAPL,Balance Sheet,Current Assets,AssetsCurrent,2023,Q2,Instant,,2022-09-24,2023-05-05,10-Q,135405000000,USD,0000320193-23-000064,
AAPL,Balance Sheet,Current Assets,AssetsCurrent,2023,Q2,Instant,,2023-04-01,2023-05-05,10-Q,112913000000,USD,0000320193-23-000064,CY2023Q1I
AAPL,Balance Sheet,Current Assets,AssetsCurrent,2024,Q2,Instant,,2023-09-30,2024-05-03,10-Q,143566000000,USD,0000320193-24-000069,
AAPL,Balance Sheet,Current Assets,AssetsCurrent,2024,Q2,Instant,,2024-03-30,2024-05-03,10-Q,128416000000,USD,0000320193-24-000069,CY2024Q1I
AAPL,Balance Sheet,Current Assets,AssetsCurrent,2025,Q2,Instant,,2024-09-28,2025-05-02,10-Q,152987000000,USD,0000320193-25-000057,
AAPL,Balance Sheet,Current Assets,AssetsCurrent,2025,Q2,Instant,,2025-03-29,2025-05-02,10-Q,118674000000,USD,0000320193-25-000057,CY2025Q1I
AAPL,Balance Sheet,Current Assets,AssetsCurrent,2026,Q2,Instant,,2025-09-27,2026-05-01,10-Q,147957000000,USD,0000320193-26-000013,
AAPL,Balance Sheet,Current Assets,AssetsCurrent,2026,Q2,Instant,,2026-03-28,2026-05-01,10-Q,144114000000,USD,0000320193-26-000013,CY2026Q1I
AAPL,Balance Sheet,Current Assets,AssetsCurrent,2009,Q3,Instant,,2008-09-27,2009-07-22,10-Q,32311000000,USD,0001193125-09-153165,
AAPL,Balance Sheet,Current Assets,AssetsCurrent,2009,Q3,Instant,,2009-06-27,2009-07-22,10-Q,35170000000,USD,0001193125-09-153165,CY2009Q2I
AAPL,Balance Sheet,Current Assets,AssetsCurrent,2010,Q3,Instant,,2009-09-26,2010-07-21,10-Q,31555000000,USD,0001193125-10-162840,
AAPL,Balance Sheet,Current Assets,AssetsCurrent,2010,Q3,Instant,,2010-06-26,2010-07-21,10-Q,36033000000,USD,0001193125-10-162840,CY2010Q2I
AAPL,Balance Sheet,Current Assets,AssetsCurrent,2011,Q3,Instant,,2010-09-25,2011-07-20,10-Q,41678000000,USD,0001193125-11-192493,
AAPL,Balance Sheet,Current Assets,AssetsCurrent,2011,Q3,Instant,,2011-06-25,2011-07-20,10-Q,46898000000,USD,0001193125-11-192493,CY2011Q2I
AAPL,Balance Sheet,Current Assets,AssetsCurrent,2012,Q3,Instant,,2011-09-24,2012-07-25,10-Q,44988000000,USD,0001193125-12-314552,
AAPL,Balance Sheet,Current Assets,AssetsCurrent,2012,Q3,Instant,,2012-06-30,2012-07-25,10-Q,51943000000,USD,0001193125-12-314552,CY2012Q2I
AAPL,Balance Sheet,Current Assets,AssetsCurrent,2013,Q3,Instant,,2012-09-29,2013-07-24,10-Q,57653000000,USD,0001193125-13-300670,
AAPL,Balance Sheet,Current Assets,AssetsCurrent,2013,Q3,Instant,,2013-06-29,2013-07-24,10-Q,68219000000,USD,0001193125-13-300670,CY2013Q2I
AAPL,Balance Sheet,Current Assets,AssetsCurrent,2014,Q3,Instant,,2013-09-28,2014-07-23,10-Q,73286000000,USD,0001193125-14-277160,
AAPL,Balance Sheet,Current Assets,AssetsCurrent,2014,Q3,Instant,,2014-06-28,2014-07-23,10-Q,67949000000,USD,0001193125-14-277160,CY2014Q2I
AAPL,Balance Sheet,Current Assets,AssetsCurrent,2015,Q3,Instant,,2014-09-27,2015-07-22,10-Q,68531000000,USD,0001193125-15-259935,
AAPL,Balance Sheet,Current Assets,AssetsCurrent,2015,Q3,Instant,,2015-06-27,2015-07-22,10-Q,70953000000,USD,0001193125-15-259935,CY2015Q2I
AAPL,Balance Sheet,Current Assets,AssetsCurrent,2016,Q3,Instant,,2015-09-26,2016-07-27,10-Q,89378000000,USD,0001628280-16-017809,
AAPL,Balance Sheet,Current Assets,AssetsCurrent,2016,Q3,Instant,,2016-06-25,2016-07-27,10-Q,93761000000,USD,0001628280-16-017809,CY2016Q2I
AAPL,Balance Sheet,Current Assets,AssetsCurrent,2017,Q3,Instant,,2016-09-24,2017-08-02,10-Q,106869000000,USD,0000320193-17-000009,
AAPL,Balance Sheet,Current Assets,AssetsCurrent,2017,Q3,Instant,,2017-07-01,2017-08-02,10-Q,112875000000,USD,0000320193-17-000009,CY2017Q2I
AAPL,Balance Sheet,Current Assets,AssetsCurrent,2018,Q3,Instant,,2017-09-30,2018-08-01,10-Q,128645000000,USD,0000320193-18-000100,
AAPL,Balance Sheet,Current Assets,AssetsCurrent,2018,Q3,Instant,,2018-06-30,2018-08-01,10-Q,115761000000,USD,0000320193-18-000100,CY2018Q2I
AAPL,Balance Sheet,Current Assets,AssetsCurrent,2019,Q3,Instant,,2018-09-29,2019-07-31,10-Q,131339000000,USD,0000320193-19-000076,
AAPL,Balance Sheet,Current Assets,AssetsCurrent,2019,Q3,Instant,,2019-06-29,2019-07-31,10-Q,134973000000,USD,0000320193-19-000076,CY2019Q2I
AAPL,Balance Sheet,Current Assets,AssetsCurrent,2020,Q3,Instant,,2019-09-28,2020-07-31,10-Q,162819000000,USD,0000320193-20-000062,
AAPL,Balance Sheet,Current Assets,AssetsCurrent,2020,Q3,Instant,,2020-06-27,2020-07-31,10-Q,140065000000,USD,0000320193-20-000062,CY2020Q2I
AAPL,Balance Sheet,Current Assets,AssetsCurrent,2021,Q3,Instant,,2020-09-26,2021-07-28,10-Q,143713000000,USD,0000320193-21-000065,
AAPL,Balance Sheet,Current Assets,AssetsCurrent,2021,Q3,Instant,,2021-06-26,2021-07-28,10-Q,114423000000,USD,0000320193-21-000065,CY2021Q2I
AAPL,Balance Sheet,Current Assets,AssetsCurrent,2022,Q3,Instant,,2021-09-25,2022-07-29,10-Q,134836000000,USD,0000320193-22-000070,
AAPL,Balance Sheet,Current Assets,AssetsCurrent,2022,Q3,Instant,,2022-06-25,2022-07-29,10-Q,112292000000,USD,0000320193-22-000070,CY2022Q2I
AAPL,Balance Sheet,Current Assets,AssetsCurrent,2023,Q3,Instant,,2022-09-24,2023-08-04,10-Q,135405000000,USD,0000320193-23-000077,
AAPL,Balance Sheet,Current Assets,AssetsCurrent,2023,Q3,Instant,,2023-07-01,2023-08-04,10-Q,122659000000,USD,0000320193-23-000077,CY2023Q2I
AAPL,Balance Sheet,Current Assets,AssetsCurrent,2024,Q3,Instant,,2023-09-30,2024-08-02,10-Q,143566000000,USD,0000320193-24-000081,
AAPL,Balance Sheet,Current Assets,AssetsCurrent,2024,Q3,Instant,,2024-06-29,2024-08-02,10-Q,125435000000,USD,0000320193-24-000081,CY2024Q2I
AAPL,Balance Sheet,Current Assets,AssetsCurrent,2025,Q3,Instant,,2024-09-28,2025-08-01,10-Q,152987000000,USD,0000320193-25-000073,
AAPL,Balance Sheet,Current Assets,AssetsCurrent,2025,Q3,Instant,,2025-06-28,2025-08-01,10-Q,122491000000,USD,0000320193-25-000073,CY2025Q2I
AAPL,Balance Sheet,Current Assets,AssetsCurrent,2026,Q3,Instant,,2025-09-27,2026-07-31,10-Q,147957000000,USD,0000320193-26-000020,CY2025Q3I
AAPL,Balance Sheet,Current Assets,AssetsCurrent,2026,Q3,Instant,,2026-06-27,2026-07-31,10-Q,149818000000,USD,0000320193-26-000020,CY2026Q2I
AAPL,Balance Sheet,Current Liabilities,LiabilitiesCurrent,2009,FY,Instant,,2008-09-27,2009-10-27,10-K,14092000000,USD,0001193125-09-214859,
AAPL,Balance Sheet,Current Liabilities,LiabilitiesCurrent,2009,FY,Instant,,2009-09-26,2009-10-27,10-K,19282000000,USD,0001193125-09-214859,
AAPL,Balance Sheet,Current Liabilities,LiabilitiesCurrent,2010,FY,Instant,,2009-09-26,2010-10-27,10-K,11506000000,USD,0001193125-10-238044,CY2009Q3I
AAPL,Balance Sheet,Current Liabilities,LiabilitiesCurrent,2010,FY,Instant,,2010-09-25,2010-10-27,10-K,20722000000,USD,0001193125-10-238044,
AAPL,Balance Sheet,Current Liabilities,LiabilitiesCurrent,2011,FY,Instant,,2010-09-25,2011-10-26,10-K,20722000000,USD,0001193125-11-282113,CY2010Q3I
AAPL,Balance Sheet,Current Liabilities,LiabilitiesCurrent,2011,FY,Instant,,2011-09-24,2011-10-26,10-K,27970000000,USD,0001193125-11-282113,
AAPL,Balance Sheet,Current Liabilities,LiabilitiesCurrent,2012,FY,Instant,,2011-09-24,2012-10-31,10-K,27970000000,USD,0001193125-12-444068,
AAPL,Balance Sheet,Current Liabilities,LiabilitiesCurrent,2012,FY,Instant,,2012-09-29,2012-10-31,10-K,38542000000,USD,0001193125-12-444068,
AAPL,Balance Sheet,Current Liabilities,LiabilitiesCurrent,2013,FY,Instant,,2012-09-29,2013-10-30,10-K,38542000000,USD,0001193125-13-416534,CY2012Q3I
AAPL,Balance Sheet,Current Liabilities,LiabilitiesCurrent,2013,FY,Instant,,2013-09-28,2013-10-30,10-K,43658000000,USD,0001193125-13-416534,
AAPL,Balance Sheet,Current Liabilities,LiabilitiesCurrent,2014,FY,Instant,,2013-09-28,2014-10-27,10-K,43658000000,USD,0001193125-14-383437,
AAPL,Balance Sheet,Current Liabilities,LiabilitiesCurrent,2014,FY,Instant,,2014-09-27,2014-10-27,10-K,63448000000,USD,0001193125-14-383437,
AAPL,Balance Sheet,Current Liabilities,LiabilitiesCurrent,2015,FY,Instant,,2014-09-27,2015-10-28,10-K,63448000000,USD,0001193125-15-356351,CY2014Q3I
AAPL,Balance Sheet,Current Liabilities,LiabilitiesCurrent,2015,FY,Instant,,2015-09-26,2015-10-28,10-K,80610000000,USD,0001193125-15-356351,
AAPL,Balance Sheet,Current Liabilities,LiabilitiesCurrent,2016,FY,Instant,,2015-09-26,2016-10-26,10-K,80610000000,USD,0001628280-16-020309,CY2015Q3I
AAPL,Balance Sheet,Current Liabilities,LiabilitiesCurrent,2016,FY,Instant,,2016-09-24,2016-10-26,10-K,79006000000,USD,0001628280-16-020309,
AAPL,Balance Sheet,Current Liabilities,LiabilitiesCurrent,2017,FY,Instant,,2016-09-24,2017-11-03,10-K,79006000000,USD,0000320193-17-000070,CY2016Q3I
AAPL,Balance Sheet,Current Liabilities,LiabilitiesCurrent,2017,FY,Instant,,2017-09-30,2017-11-03,10-K,100814000000,USD,0000320193-17-000070,
AAPL,Balance Sheet,Current Liabilities,LiabilitiesCurrent,2018,FY,Instant,,2017-09-30,2018-11-05,10-K,100814000000,USD,0000320193-18-000145,CY2017Q3I
AAPL,Balance Sheet,Current Liabilities,LiabilitiesCurrent,2018,FY,Instant,,2018-09-29,2018-11-05,10-K,116866000000,USD,0000320193-18-000145,
AAPL,Balance Sheet,Current Liabilities,LiabilitiesCurrent,2019,FY,Instant,,2018-09-29,2019-10-31,10-K,115929000000,USD,0000320193-19-000119,CY2018Q3I
AAPL,Balance Sheet,Current Liabilities,LiabilitiesCurrent,2019,FY,Instant,,2019-09-28,2019-10-31,10-K,105718000000,USD,0000320193-19-000119,
AAPL,Balance Sheet,Current Liabilities,LiabilitiesCurrent,2020,FY,Instant,,2019-09-28,2020-10-30,10-K,105718000000,USD,0000320193-20-000096,CY2019Q3I
AAPL,Balance Sheet,Current Liabilities,LiabilitiesCurrent,2020,FY,Instant,,2020-09-26,2020-10-30,10-K,105392000000,USD,0000320193-20-000096,
AAPL,Balance Sheet,Current Liabilities,LiabilitiesCurrent,2021,FY,Instant,,2020-09-26,2021-10-29,10-K,105392000000,USD,0000320193-21-000105,CY2020Q3I
AAPL,Balance Sheet,Current Liabilities,LiabilitiesCurrent,2021,FY,Instant,,2021-09-25,2021-10-29,10-K,125481000000,USD,0000320193-21-000105,
AAPL,Balance Sheet,Current Liabilities,LiabilitiesCurrent,2022,FY,Instant,,2021-09-25,2022-10-28,10-K,125481000000,USD,0000320193-22-000108,CY2021Q3I
AAPL,Balance Sheet,Current Liabilities,LiabilitiesCurrent,2022,FY,Instant,,2022-09-24,2022-10-28,10-K,153982000000,USD,0000320193-22-000108,
AAPL,Balance Sheet,Current Liabilities,LiabilitiesCurrent,2023,FY,Instant,,2022-09-24,2023-11-03,10-K,153982000000,USD,0000320193-23-000106,CY2022Q3I
AAPL,Balance Sheet,Current Liabilities,LiabilitiesCurrent,2023,FY,Instant,,2023-09-30,2023-11-03,10-K,145308000000,USD,0000320193-23-000106,
AAPL,Balance Sheet,Current Liabilities,LiabilitiesCurrent,2024,FY,Instant,,2023-09-30,2024-11-01,10-K,145308000000,USD,0000320193-24-000123,CY2023Q3I
AAPL,Balance Sheet,Current Liabilities,LiabilitiesCurrent,2024,FY,Instant,,2024-09-28,2024-11-01,10-K,176392000000,USD,0000320193-24-000123,
AAPL,Balance Sheet,Current Liabilities,LiabilitiesCurrent,2025,FY,Instant,,2024-09-28,2025-10-31,10-K,176392000000,USD,0000320193-25-000079,CY2024Q3I
AAPL,Balance Sheet,Current Liabilities,LiabilitiesCurrent,2025,FY,Instant,,2025-09-27,2025-10-31,10-K,165631000000,USD,0000320193-25-000079,
AAPL,Balance Sheet,Current Liabilities,LiabilitiesCurrent,2010,Q1,Instant,,2009-09-26,2010-01-25,10-Q,11506000000,USD,0001193125-10-012085,
AAPL,Balance Sheet,Current Liabilities,LiabilitiesCurrent,2010,Q1,Instant,,2009-12-26,2010-01-25,10-Q,13097000000,USD,0001193125-10-012085,CY2009Q4I
AAPL,Balance Sheet,Current Liabilities,LiabilitiesCurrent,2011,Q1,Instant,,2010-09-25,2011-01-19,10-Q,20722000000,USD,0001193125-11-010144,
AAPL,Balance Sheet,Current Liabilities,LiabilitiesCurrent,2011,Q1,Instant,,2010-12-25,2011-01-19,10-Q,23795000000,USD,0001193125-11-010144,CY2010Q4I
AAPL,Balance Sheet,Current Liabilities,LiabilitiesCurrent,2012,Q1,Instant,,2011-09-24,2012-01-25,10-Q,27970000000,USD,0001193125-12-023398,
AAPL,Balance Sheet,Current Liabilities,LiabilitiesCurrent,2012,Q1,Instant,,2011-12-31,2012-01-25,10-Q,34607000000,USD,0001193125-12-023398,CY2011Q4I
AAPL,Balance Sheet,Current Liabilities,LiabilitiesCurrent,2013,Q1,Instant,,2012-09-29,2013-01-24,10-Q,38542000000,USD,0001193125-13-022339,
AAPL,Balance Sheet,Current Liabilities,LiabilitiesCurrent,2013,Q1,Instant,,2012-12-29,2013-01-24,10-Q,46879000000,USD,0001193125-13-022339,CY2012Q4I
AAPL,Balance Sheet,Current Liabilities,LiabilitiesCurrent,2014,Q1,Instant,,2013-09-28,2014-01-28,10-Q,43658000000,USD,0001193125-14-024487,
AAPL,Balance Sheet,Current Liabilities,LiabilitiesCurrent,2014,Q1,Instant,,2013-12-28,2014-01-28,10-Q,53769000000,USD,0001193125-14-024487,CY2013Q4I
AAPL,Balance Sheet,Current Liabilities,LiabilitiesCurrent,2015,Q1,Instant,,2014-09-27,2015-01-28,10-Q,63448000000,USD,0001193125-15-023697,
AAPL,Balance Sheet,Current Liabilities,LiabilitiesCurrent,2015,Q1,Instant,,2014-12-27,2015-01-28,10-Q,73611000000,USD,0001193125-15-023697,CY2014Q4I
AAPL,Balance Sheet,Current Liabilities,LiabilitiesCurrent,2016,Q1,Instant,,2015-09-26,2016-01-27,10-Q,80610000000,USD,0001193125-16-439878,
AAPL,Balance Sheet,Current Liabilities,LiabilitiesCurrent,2016,Q1,Instant,,2015-12-26,2016-01-27,10-Q,76092000000,USD,0001193125-16-439878,CY2015Q4I
AAPL,Balance Sheet,Current Liabilities,LiabilitiesCurrent,2017,Q1,Instant,,2016-09-24,2017-02-01,10-Q,79006000000,USD,0001628280-17-000717,
AAPL,Balance Sheet,Current Liabilities,LiabilitiesCurrent,2017,Q1,Instant,,2016-12-31,2017-02-01,10-Q,84130000000,USD,0001628280-17-000717,CY2016Q4I
AAPL,Balance Sheet,Current Liabilities,LiabilitiesCurrent,2018,Q1,Instant,,2017-09-30,2018-02-02,10-Q,100814000000,USD,0000320193-18-000007,
AAPL,Balance Sheet,Current Liabilities,LiabilitiesCurrent,2018,Q1,Instant,,2017-12-30,2018-02-02,10-Q,115788000000,USD,0000320193-18-000007,CY2017Q4I
AAPL,Balance Sheet,Current Liabilities,LiabilitiesCurrent,2019,Q1,Instant,,2018-09-29,2019-01-30,10-Q,115929000000,USD,0000320193-19-000010,
AAPL,Balance Sheet,Current Liabilities,LiabilitiesCurrent,2019,Q1,Instant,,2018-12-29,2019-01-30,10-Q,108283000000,USD,0000320193-19-000010,CY2018Q4I
AAPL,Balance Sheet,Current Liabilities,LiabilitiesCurrent,2020,Q1,Instant,,2019-09-28,2020-01-29,10-Q,105718000000,USD,0000320193-20-000010,
AAPL,Balance Sheet,Current Liabilities,LiabilitiesCurrent,2020,Q1,Instant,,2019-12-28,2020-01-29,10-Q,102161000000,USD,0000320193-20-000010,CY2019Q4I
AAPL,Balance Sheet,Current Liabilities,LiabilitiesCurrent,2021,Q1,Instant,,2020-09-26,2021-01-28,10-Q,105392000000,USD,0000320193-21-000010,
AAPL,Balance Sheet,Current Liabilities,LiabilitiesCurrent,2021,Q1,Instant,,2020-12-26,2021-01-28,10-Q,132507000000,USD,0000320193-21-000010,CY2020Q4I
AAPL,Balance Sheet,Current Liabilities,LiabilitiesCurrent,2022,Q1,Instant,,2021-09-25,2022-01-28,10-Q,125481000000,USD,0000320193-22-000007,
AAPL,Balance Sheet,Current Liabilities,LiabilitiesCurrent,2022,Q1,Instant,,2021-12-25,2022-01-28,10-Q,147574000000,USD,0000320193-22-000007,CY2021Q4I
AAPL,Balance Sheet,Current Liabilities,LiabilitiesCurrent,2023,Q1,Instant,,2022-09-24,2023-02-03,10-Q,153982000000,USD,0000320193-23-000006,
AAPL,Balance Sheet,Current Liabilities,LiabilitiesCurrent,2023,Q1,Instant,,2022-12-31,2023-02-03,10-Q,137286000000,USD,0000320193-23-000006,CY2022Q4I
AAPL,Balance Sheet,Current Liabilities,LiabilitiesCurrent,2024,Q1,Instant,,2023-09-30,2024-02-02,10-Q,145308000000,USD,0000320193-24-000006,
AAPL,Balance Sheet,Current Liabilities,LiabilitiesCurrent,2024,Q1,Instant,,2023-12-30,2024-02-02,10-Q,133973000000,USD,0000320193-24-000006,CY2023Q4I
AAPL,Balance Sheet,Current Liabilities,LiabilitiesCurrent,2025,Q1,Instant,,2024-09-28,2025-01-31,10-Q,176392000000,USD,0000320193-25-000008,
AAPL,Balance Sheet,Current Liabilities,LiabilitiesCurrent,2025,Q1,Instant,,2024-12-28,2025-01-31,10-Q,144365000000,USD,0000320193-25-000008,CY2024Q4I
AAPL,Balance Sheet,Current Liabilities,LiabilitiesCurrent,2026,Q1,Instant,,2025-09-27,2026-01-30,10-Q,165631000000,USD,0000320193-26-000006,
AAPL,Balance Sheet,Current Liabilities,LiabilitiesCurrent,2026,Q1,Instant,,2025-12-27,2026-01-30,10-Q,162367000000,USD,0000320193-26-000006,CY2025Q4I
AAPL,Balance Sheet,Current Liabilities,LiabilitiesCurrent,2010,Q2,Instant,,2009-09-26,2010-04-21,10-Q,11506000000,USD,0001193125-10-088957,
AAPL,Balance Sheet,Current Liabilities,LiabilitiesCurrent,2010,Q2,Instant,,2010-03-27,2010-04-21,10-Q,12229000000,USD,0001193125-10-088957,CY2010Q1I
AAPL,Balance Sheet,Current Liabilities,LiabilitiesCurrent,2011,Q2,Instant,,2010-09-25,2011-04-21,10-Q,20722000000,USD,0001193125-11-104388,
AAPL,Balance Sheet,Current Liabilities,LiabilitiesCurrent,2011,Q2,Instant,,2011-03-26,2011-04-21,10-Q,24327000000,USD,0001193125-11-104388,CY2011Q1I
AAPL,Balance Sheet,Current Liabilities,LiabilitiesCurrent,2012,Q2,Instant,,2011-09-24,2012-04-25,10-Q,27970000000,USD,0001193125-12-182321,
AAPL,Balance Sheet,Current Liabilities,LiabilitiesCurrent,2012,Q2,Instant,,2012-03-31,2012-04-25,10-Q,32036000000,USD,0001193125-12-182321,CY2012Q1I
AAPL,Balance Sheet,Current Liabilities,LiabilitiesCurrent,2013,Q2,Instant,,2012-09-29,2013-04-24,10-Q,38542000000,USD,0001193125-13-168288,
AAPL,Balance Sheet,Current Liabilities,LiabilitiesCurrent,2013,Q2,Instant,,2013-03-30,2013-04-24,10-Q,35508000000,USD,0001193125-13-168288,CY2013Q1I
AAPL,Balance Sheet,Current Liabilities,LiabilitiesCurrent,2014,Q2,Instant,,2013-09-28,2014-04-24,10-Q,43658000000,USD,0001193125-14-157311,
AAPL,Balance Sheet,Current Liabilities,LiabilitiesCurrent,2014,Q2,Instant,,2014-03-29,2014-04-24,10-Q,43208000000,USD,0001193125-14-157311,CY2014Q1I
AAPL,Balance Sheet,Current Liabilities,LiabilitiesCurrent,2015,Q2,Instant,,2014-09-27,2015-04-28,10-Q,63448000000,USD,0001193125-15-153166,
AAPL,Balance Sheet,Current Liabilities,LiabilitiesCurrent,2015,Q2,Instant,,2015-03-28,2015-04-28,10-Q,58729000000,USD,0001193125-15-153166,CY2015Q1I
AAPL,Balance Sheet,Current Liabilities,LiabilitiesCurrent,2016,Q2,Instant,,2015-09-26,2016-04-27,10-Q,80610000000,USD,0001193125-16-559625,
AAPL,Balance Sheet,Current Liabilities,LiabilitiesCurrent,2016,Q2,Instant,,2016-03-26,2016-04-27,10-Q,68265000000,USD,0001193125-16-559625,CY2016Q1I
AAPL,Balance Sheet,Current Liabilities,LiabilitiesCurrent,2017,Q2,Instant,,2016-09-24,2017-05-03,10-Q,79006000000,USD,0001628280-17-004790,
AAPL,Balance Sheet,Current Liabilities,LiabilitiesCurrent,2017,Q2,Instant,,2017-04-01,2017-05-03,10-Q,73342000000,USD,0001628280-17-004790,CY2017Q1I
AAPL,Balance Sheet,Current Liabilities,LiabilitiesCurrent,2018,Q2,Instant,,2017-09-30,2018-05-02,10-Q,100814000000,USD,0000320193-18-000070,
AAPL,Balance Sheet,Current Liabilities,LiabilitiesCurrent,2018,Q2,Instant,,2018-03-31,2018-05-02,10-Q,89320000000,USD,0000320193-18-000070,CY2018Q1I
AAPL,Balance Sheet,Current Liabilities,LiabilitiesCurrent,2019,Q2,Instant,,2018-09-29,2019-05-01,10-Q,115929000000,USD,0000320193-19-000066,
AAPL,Balance Sheet,Current Liabilities,LiabilitiesCurrent,2019,Q2,Instant,,2019-03-30,2019-05-01,10-Q,93772000000,USD,0000320193-19-000066,CY2019Q1I
AAPL,Balance Sheet,Current Liabilities,LiabilitiesCurrent,2020,Q2,Instant,,2019-09-28,2020-05-01,10-Q,105718000000,USD,0000320193-20-000052,
AAPL,Balance Sheet,Current Liabilities,LiabilitiesCurrent,2020,Q2,Instant,,2020-03-28,2020-05-01,10-Q,96094000000,USD,0000320193-20-000052,CY2020Q1I
AAPL,Balance Sheet,Current Liabilities,LiabilitiesCurrent,2021,Q2,Instant,,2020-09-26,2021-04-29,10-Q,105392000000,USD,0000320193-21-000056,
AAPL,Balance Sheet,Current Liabilities,LiabilitiesCurrent,2021,Q2,Instant,,2021-03-27,2021-04-29,10-Q,106385000000,USD,0000320193-21-000056,CY2021Q1I
AAPL,Balance Sheet,Current Liabilities,LiabilitiesCurrent,2022,Q2,Instant,,2021-09-25,2022-04-29,10-Q,125481000000,USD,0000320193-22-000059,
AAPL,Balance Sheet,Current Liabilities,LiabilitiesCurrent,2022,Q2,Instant,,2022-03-26,2022-04-29,10-Q,127508000000,USD,0000320193-22-000059,CY2022Q1I
AAPL,Balance Sheet,Current Liabilities,LiabilitiesCurrent,2023,Q2,Instant,,2022-09-24,2023-05-05,10-Q,153982000000,USD,0000320193-23-000064,
AAPL,Balance Sheet,Current Liabilities,LiabilitiesCurrent,2023,Q2,Instant,,2023-04-01,2023-05-05,10-Q,120075000000,USD,0000320193-23-000064,CY2023Q1I
AAPL,Balance Sheet,Current Liabilities,LiabilitiesCurrent,2024,Q2,Instant,,2023-09-30,2024-05-03,10-Q,145308000000,USD,0000320193-24-000069,
AAPL,Balance Sheet,Current Liabilities,LiabilitiesCurrent,2024,Q2,Instant,,2024-03-30,2024-05-03,10-Q,123822000000,USD,0000320193-24-000069,CY2024Q1I
AAPL,Balance Sheet,Current Liabilities,LiabilitiesCurrent,2025,Q2,Instant,,2024-09-28,2025-05-02,10-Q,176392000000,USD,0000320193-25-000057,
AAPL,Balance Sheet,Current Liabilities,LiabilitiesCurrent,2025,Q2,Instant,,2025-03-29,2025-05-02,10-Q,144571000000,USD,0000320193-25-000057,CY2025Q1I
AAPL,Balance Sheet,Current Liabilities,LiabilitiesCurrent,2026,Q2,Instant,,2025-09-27,2026-05-01,10-Q,165631000000,USD,0000320193-26-000013,
AAPL,Balance Sheet,Current Liabilities,LiabilitiesCurrent,2026,Q2,Instant,,2026-03-28,2026-05-01,10-Q,134641000000,USD,0000320193-26-000013,CY2026Q1I
AAPL,Balance Sheet,Current Liabilities,LiabilitiesCurrent,2009,Q3,Instant,,2008-09-27,2009-07-22,10-Q,14092000000,USD,0001193125-09-153165,
AAPL,Balance Sheet,Current Liabilities,LiabilitiesCurrent,2009,Q3,Instant,,2009-06-27,2009-07-22,10-Q,16661000000,USD,0001193125-09-153165,CY2009Q2I
AAPL,Balance Sheet,Current Liabilities,LiabilitiesCurrent,2010,Q3,Instant,,2009-09-26,2010-07-21,10-Q,11506000000,USD,0001193125-10-162840,
AAPL,Balance Sheet,Current Liabilities,LiabilitiesCurrent,2010,Q3,Instant,,2010-06-26,2010-07-21,10-Q,15612000000,USD,0001193125-10-162840,CY2010Q2I
AAPL,Balance Sheet,Current Liabilities,LiabilitiesCurrent,2011,Q3,Instant,,2010-09-25,2011-07-20,10-Q,20722000000,USD,0001193125-11-192493,
AAPL,Balance Sheet,Current Liabilities,LiabilitiesCurrent,2011,Q3,Instant,,2011-06-25,2011-07-20,10-Q,26859000000,USD,0001193125-11-192493,CY2011Q2I
AAPL,Balance Sheet,Current Liabilities,LiabilitiesCurrent,2012,Q3,Instant,,2011-09-24,2012-07-25,10-Q,27970000000,USD,0001193125-12-314552,
AAPL,Balance Sheet,Current Liabilities,LiabilitiesCurrent,2012,Q3,Instant,,2012-06-30,2012-07-25,10-Q,33060000000,USD,0001193125-12-314552,CY2012Q2I
AAPL,Balance Sheet,Current Liabilities,LiabilitiesCurrent,2013,Q3,Instant,,2012-09-29,2013-07-24,10-Q,38542000000,USD,0001193125-13-300670,
AAPL,Balance Sheet,Current Liabilities,LiabilitiesCurrent,2013,Q3,Instant,,2013-06-29,2013-07-24,10-Q,36319000000,USD,0001193125-13-300670,CY2013Q2I
AAPL,Balance Sheet,Current Liabilities,LiabilitiesCurrent,2014,Q3,Instant,,2013-09-28,2014-07-23,10-Q,43658000000,USD,0001193125-14-277160,
AAPL,Balance Sheet,Current Liabilities,LiabilitiesCurrent,2014,Q3,Instant,,2014-06-28,2014-07-23,10-Q,46205000000,USD,0001193125-14-277160,CY2014Q2I
AAPL,Balance Sheet,Current Liabilities,LiabilitiesCurrent,2015,Q3,Instant,,2014-09-27,2015-07-22,10-Q,63448000000,USD,0001193125-15-259935,
AAPL,Balance Sheet,Current Liabilities,LiabilitiesCurrent,2015,Q3,Instant,,2015-06-27,2015-07-22,10-Q,65285000000,USD,0001193125-15-259935,CY2015Q2I
AAPL,Balance Sheet,Current Liabilities,LiabilitiesCurrent,2016,Q3,Instant,,2015-09-26,2016-07-27,10-Q,80610000000,USD,0001628280-16-017809,
AAPL,Balance Sheet,Current Liabilities,LiabilitiesCurrent,2016,Q3,Instant,,2016-06-25,2016-07-27,10-Q,71486000000,USD,0001628280-16-017809,CY2016Q2I
AAPL,Balance Sheet,Current Liabilities,LiabilitiesCurrent,2017,Q3,Instant,,2016-09-24,2017-08-02,10-Q,79006000000,USD,0000320193-17-000009,
AAPL,Balance Sheet,Current Liabilities,LiabilitiesCurrent,2017,Q3,Instant,,2017-07-01,2017-08-02,10-Q,81302000000,USD,0000320193-17-000009,CY2017Q2I
AAPL,Balance Sheet,Current Liabilities,LiabilitiesCurrent,2018,Q3,Instant,,2017-09-30,2018-08-01,10-Q,100814000000,USD,0000320193-18-000100,
AAPL,Balance Sheet,Current Liabilities,LiabilitiesCurrent,2018,Q3,Instant,,2018-06-30,2018-08-01,10-Q,88548000000,USD,0000320193-18-000100,CY2018Q2I
AAPL,Balance Sheet,Current Liabilities,LiabilitiesCurrent,2019,Q3,Instant,,2018-09-29,2019-07-31,10-Q,115929000000,USD,0000320193-19-000076,
AAPL,Balance Sheet,Current Liabilities,LiabilitiesCurrent,2019,Q3,Instant,,2019-06-29,2019-07-31,10-Q,89704000000,USD,0000320193-19-000076,CY2019Q2I
AAPL,Balance Sheet,Current Liabilities,LiabilitiesCurrent,2020,Q3,Instant,,2019-09-28,2020-07-31,10-Q,105718000000,USD,0000320193-20-000062,
AAPL,Balance Sheet,Current Liabilities,LiabilitiesCurrent,2020,Q3,Instant,,2020-06-27,2020-07-31,10-Q,95318000000,USD,0000320193-20-000062,CY2020Q2I
AAPL,Balance Sheet,Current Liabilities,LiabilitiesCurrent,2021,Q3,Instant,,2020-09-26,2021-07-28,10-Q,105392000000,USD,0000320193-21-000065,
AAPL,Balance Sheet,Current Liabilities,LiabilitiesCurrent,2021,Q3,Instant,,2021-06-26,2021-07-28,10-Q,107754000000,USD,0000320193-21-000065,CY2021Q2I
AAPL,Balance Sheet,Current Liabilities,LiabilitiesCurrent,2022,Q3,Instant,,2021-09-25,2022-07-29,10-Q,125481000000,USD,0000320193-22-000070,
AAPL,Balance Sheet,Current Liabilities,LiabilitiesCurrent,2022,Q3,Instant,,2022-06-25,2022-07-29,10-Q,129873000000,USD,0000320193-22-000070,CY2022Q2I
AAPL,Balance Sheet,Current Liabilities,LiabilitiesCurrent,2023,Q3,Instant,,2022-09-24,2023-08-04,10-Q,153982000000,USD,0000320193-23-000077,
AAPL,Balance Sheet,Current Liabilities,LiabilitiesCurrent,2023,Q3,Instant,,2023-07-01,2023-08-04,10-Q,124963000000,USD,0000320193-23-000077,CY2023Q2I
AAPL,Balance Sheet,Current Liabilities,LiabilitiesCurrent,2024,Q3,Instant,,2023-09-30,2024-08-02,10-Q,145308000000,USD,0000320193-24-000081,
AAPL,Balance Sheet,Current Liabilities,LiabilitiesCurrent,2024,Q3,Instant,,2024-06-29,2024-08-02,10-Q,131624000000,USD,0000320193-24-000081,CY2024Q2I
AAPL,Balance Sheet,Current Liabilities,LiabilitiesCurrent,2025,Q3,Instant,,2024-09-28,2025-08-01,10-Q,176392000000,USD,0000320193-25-000073,
AAPL,Balance Sheet,Current Liabilities,LiabilitiesCurrent,2025,Q3,Instant,,2025-06-28,2025-08-01,10-Q,141120000000,USD,0000320193-25-000073,CY2025Q2I
AAPL,Balance Sheet,Current Liabilities,LiabilitiesCurrent,2026,Q3,Instant,,2025-09-27,2026-07-31,10-Q,165631000000,USD,0000320193-26-000020,CY2025Q3I
AAPL,Balance Sheet,Current Liabilities,LiabilitiesCurrent,2026,Q3,Instant,,2026-06-27,2026-07-31,10-Q,149326000000,USD,0000320193-26-000020,CY2026Q2I
AAPL,Balance Sheet,Goodwill,Goodwill,2009,FY,Instant,,2008-09-27,2009-10-27,10-K,207000000,USD,0001193125-09-214859,
AAPL,Balance Sheet,Goodwill,Goodwill,2009,FY,Instant,,2009-09-26,2009-10-27,10-K,206000000,USD,0001193125-09-214859,
AAPL,Balance Sheet,Goodwill,Goodwill,2010,FY,Instant,,2009-09-26,2010-10-27,10-K,206000000,USD,0001193125-10-238044,CY2009Q3I
AAPL,Balance Sheet,Goodwill,Goodwill,2010,FY,Instant,,2010-09-25,2010-10-27,10-K,741000000,USD,0001193125-10-238044,
AAPL,Balance Sheet,Goodwill,Goodwill,2011,FY,Instant,,2010-09-25,2011-10-26,10-K,741000000,USD,0001193125-11-282113,CY2010Q3I
AAPL,Balance Sheet,Goodwill,Goodwill,2011,FY,Instant,,2011-09-24,2011-10-26,10-K,896000000,USD,0001193125-11-282113,
AAPL,Balance Sheet,Goodwill,Goodwill,2012,FY,Instant,,2011-09-24,2012-10-31,10-K,896000000,USD,0001193125-12-444068,
AAPL,Balance Sheet,Goodwill,Goodwill,2012,FY,Instant,,2012-09-29,2012-10-31,10-K,1135000000,USD,0001193125-12-444068,
AAPL,Balance Sheet,Goodwill,Goodwill,2013,FY,Instant,,2012-09-29,2013-10-30,10-K,1135000000,USD,0001193125-13-416534,CY2012Q3I
AAPL,Balance Sheet,Goodwill,Goodwill,2013,FY,Instant,,2013-09-28,2013-10-30,10-K,1577000000,USD,0001193125-13-416534,
AAPL,Balance Sheet,Goodwill,Goodwill,2014,FY,Instant,,2013-09-28,2014-10-27,10-K,1577000000,USD,0001193125-14-383437,
AAPL,Balance Sheet,Goodwill,Goodwill,2014,FY,Instant,,2014-09-27,2014-10-27,10-K,4616000000,USD,0001193125-14-383437,
AAPL,Balance Sheet,Goodwill,Goodwill,2015,FY,Instant,,2014-09-27,2015-10-28,10-K,4616000000,USD,0001193125-15-356351,CY2014Q3I
AAPL,Balance Sheet,Goodwill,Goodwill,2015,FY,Instant,,2015-09-26,2015-10-28,10-K,5116000000,USD,0001193125-15-356351,
AAPL,Balance Sheet,Goodwill,Goodwill,2016,FY,Instant,,2015-09-26,2016-10-26,10-K,5116000000,USD,0001628280-16-020309,CY2015Q3I
AAPL,Balance Sheet,Goodwill,Goodwill,2016,FY,Instant,,2016-09-24,2016-10-26,10-K,5414000000,USD,0001628280-16-020309,
AAPL,Balance Sheet,Goodwill,Goodwill,2017,FY,Instant,,2016-09-24,2017-11-03,10-K,5414000000,USD,0000320193-17-000070,CY2016Q3I
AAPL,Balance Sheet,Goodwill,Goodwill,2017,FY,Instant,,2017-09-30,2017-11-03,10-K,5717000000,USD,0000320193-17-000070,
AAPL,Balance Sheet,Goodwill,Goodwill,2010,Q1,Instant,,2009-09-26,2010-01-25,10-Q,206000000,USD,0001193125-10-012085,
AAPL,Balance Sheet,Goodwill,Goodwill,2010,Q1,Instant,,2009-12-26,2010-01-25,10-Q,253000000,USD,0001193125-10-012085,CY2009Q4I
AAPL,Balance Sheet,Goodwill,Goodwill,2011,Q1,Instant,,2010-09-25,2011-01-19,10-Q,741000000,USD,0001193125-11-010144,
AAPL,Balance Sheet,Goodwill,Goodwill,2011,Q1,Instant,,2010-12-25,2011-01-19,10-Q,741000000,USD,0001193125-11-010144,CY2010Q4I
AAPL,Balance Sheet,Goodwill,Goodwill,2012,Q1,Instant,,2011-09-24,2012-01-25,10-Q,896000000,USD,0001193125-12-023398,
AAPL,Balance Sheet,Goodwill,Goodwill,2012,Q1,Instant,,2011-12-31,2012-01-25,10-Q,896000000,USD,0001193125-12-023398,CY2011Q4I
AAPL,Balance Sheet,Goodwill,Goodwill,2013,Q1,Instant,,2012-09-29,2013-01-24,10-Q,1135000000,USD,0001193125-13-022339,
AAPL,Balance Sheet,Goodwill,Goodwill,2013,Q1,Instant,,2012-12-29,2013-01-24,10-Q,1381000000,USD,0001193125-13-022339,CY2012Q4I
AAPL,Balance Sheet,Goodwill,Goodwill,2014,Q1,Instant,,2013-09-28,2014-01-28,10-Q,1577000000,USD,0001193125-14-024487,
AAPL,Balance Sheet,Goodwill,Goodwill,2014,Q1,Instant,,2013-12-28,2014-01-28,10-Q,2022000000,USD,0001193125-14-024487,CY2013Q4I
AAPL,Balance Sheet,Goodwill,Goodwill,2015,Q1,Instant,,2014-09-27,2015-01-28,10-Q,4616000000,USD,0001193125-15-023697,
AAPL,Balance Sheet,Goodwill,Goodwill,2015,Q1,Instant,,2014-12-27,2015-01-28,10-Q,4629000000,USD,0001193125-15-023697,CY2014Q4I
AAPL,Balance Sheet,Goodwill,Goodwill,2016,Q1,Instant,,2015-09-26,2016-01-27,10-Q,5116000000,USD,0001193125-16-439878,
AAPL,Balance Sheet,Goodwill,Goodwill,2016,Q1,Instant,,2015-12-26,2016-01-27,10-Q,5202000000,USD,0001193125-16-439878,CY2015Q4I
AAPL,Balance Sheet,Goodwill,Goodwill,2017,Q1,Instant,,2016-09-24,2017-02-01,10-Q,5414000000,USD,0001628280-17-000717,
AAPL,Balance Sheet,Goodwill,Goodwill,2017,Q1,Instant,,2016-12-31,2017-02-01,10-Q,5423000000,USD,0001628280-17-000717,CY2016Q4I
AAPL,Balance Sheet,Goodwill,Goodwill,2018,Q1,Instant,,2017-09-30,2018-02-02,10-Q,5717000000,USD,0000320193-18-000007,CY2017Q3I
AAPL,Balance Sheet,Goodwill,Goodwill,2018,Q1,Instant,,2017-12-30,2018-02-02,10-Q,5889000000,USD,0000320193-18-000007,CY2017Q4I
AAPL,Balance Sheet,Goodwill,Goodwill,2010,Q2,Instant,,2009-09-26,2010-04-21,10-Q,206000000,USD,0001193125-10-088957,
AAPL,Balance Sheet,Goodwill,Goodwill,2010,Q2,Instant,,2010-03-27,2010-04-21,10-Q,480000000,USD,0001193125-10-088957,CY2010Q1I
AAPL,Balance Sheet,Goodwill,Goodwill,2011,Q2,Instant,,2010-09-25,2011-04-21,10-Q,741000000,USD,0001193125-11-104388,
AAPL,Balance Sheet,Goodwill,Goodwill,2011,Q2,Instant,,2011-03-26,2011-04-21,10-Q,741000000,USD,0001193125-11-104388,CY2011Q1I
AAPL,Balance Sheet,Goodwill,Goodwill,2012,Q2,Instant,,2011-09-24,2012-04-25,10-Q,896000000,USD,0001193125-12-182321,
AAPL,Balance Sheet,Goodwill,Goodwill,2012,Q2,Instant,,2012-03-31,2012-04-25,10-Q,1141000000,USD,0001193125-12-182321,CY2012Q1I
AAPL,Balance Sheet,Goodwill,Goodwill,2013,Q2,Instant,,2012-09-29,2013-04-24,10-Q,1135000000,USD,0001193125-13-168288,
AAPL,Balance Sheet,Goodwill,Goodwill,2013,Q2,Instant,,2013-03-30,2013-04-24,10-Q,1400000000,USD,0001193125-13-168288,CY2013Q1I
AAPL,Balance Sheet,Goodwill,Goodwill,2014,Q2,Instant,,2013-09-28,2014-04-24,10-Q,1577000000,USD,0001193125-14-157311,
AAPL,Balance Sheet,Goodwill,Goodwill,2014,Q2,Instant,,2014-03-29,2014-04-24,10-Q,2055000000,USD,0001193125-14-157311,CY2014Q1I
AAPL,Balance Sheet,Goodwill,Goodwill,2015,Q2,Instant,,2014-09-27,2015-04-28,10-Q,4616000000,USD,0001193125-15-153166,
AAPL,Balance Sheet,Goodwill,Goodwill,2015,Q2,Instant,,2015-03-28,2015-04-28,10-Q,4711000000,USD,0001193125-15-153166,CY2015Q1I
AAPL,Balance Sheet,Goodwill,Goodwill,2016,Q2,Instant,,2015-09-26,2016-04-27,10-Q,5116000000,USD,0001193125-16-559625,
AAPL,Balance Sheet,Goodwill,Goodwill,2016,Q2,Instant,,2016-03-26,2016-04-27,10-Q,5249000000,USD,0001193125-16-559625,CY2016Q1I
AAPL,Balance Sheet,Goodwill,Goodwill,2017,Q2,Instant,,2016-09-24,2017-05-03,10-Q,5414000000,USD,0001628280-17-004790,
AAPL,Balance Sheet,Goodwill,Goodwill,2017,Q2,Instant,,2017-04-01,2017-05-03,10-Q,5473000000,USD,0001628280-17-004790,CY2017Q1I
AAPL,Balance Sheet,Goodwill,Goodwill,2009,Q3,Instant,,2008-09-27,2009-07-22,10-Q,207000000,USD,0001193125-09-153165,
AAPL,Balance Sheet,Goodwill,Goodwill,2009,Q3,Instant,,2009-06-27,2009-07-22,10-Q,207000000,USD,0001193125-09-153165,CY2009Q2I
AAPL,Balance Sheet,Goodwill,Goodwill,2010,Q3,Instant,,2009-09-26,2010-07-21,10-Q,206000000,USD,0001193125-10-162840,
AAPL,Balance Sheet,Goodwill,Goodwill,2010,Q3,Instant,,2010-06-26,2010-07-21,10-Q,714000000,USD,0001193125-10-162840,CY2010Q2I
AAPL,Balance Sheet,Goodwill,Goodwill,2011,Q3,Instant,,2010-09-25,2011-07-20,10-Q,741000000,USD,0001193125-11-192493,
AAPL,Balance Sheet,Goodwill,Goodwill,2011,Q3,Instant,,2011-06-25,2011-07-20,10-Q,741000000,USD,0001193125-11-192493,CY2011Q2I
AAPL,Balance Sheet,Goodwill,Goodwill,2012,Q3,Instant,,2011-09-24,2012-07-25,10-Q,896000000,USD,0001193125-12-314552,
AAPL,Balance Sheet,Goodwill,Goodwill,2012,Q3,Instant,,2012-06-30,2012-07-25,10-Q,1132000000,USD,0001193125-12-314552,CY2012Q2I
AAPL,Balance Sheet,Goodwill,Goodwill,2013,Q3,Instant,,2012-09-29,2013-07-24,10-Q,1135000000,USD,0001193125-13-300670,
AAPL,Balance Sheet,Goodwill,Goodwill,2013,Q3,Instant,,2013-06-29,2013-07-24,10-Q,1522000000,USD,0001193125-13-300670,CY2013Q2I
AAPL,Balance Sheet,Goodwill,Goodwill,2014,Q3,Instant,,2013-09-28,2014-07-23,10-Q,1577000000,USD,0001193125-14-277160,
AAPL,Balance Sheet,Goodwill,Goodwill,2014,Q3,Instant,,2014-06-28,2014-07-23,10-Q,2374000000,USD,0001193125-14-277160,CY2014Q2I
AAPL,Balance Sheet,Goodwill,Goodwill,2015,Q3,Instant,,2014-09-27,2015-07-22,10-Q,4616000000,USD,0001193125-15-259935,
AAPL,Balance Sheet,Goodwill,Goodwill,2015,Q3,Instant,,2015-06-27,2015-07-22,10-Q,5044000000,USD,0001193125-15-259935,CY2015Q2I
AAPL,Balance Sheet,Goodwill,Goodwill,2016,Q3,Instant,,2015-09-26,2016-07-27,10-Q,5116000000,USD,0001628280-16-017809,
AAPL,Balance Sheet,Goodwill,Goodwill,2016,Q3,Instant,,2016-06-25,2016-07-27,10-Q,5261000000,USD,0001628280-16-017809,CY2016Q2I
AAPL,Balance Sheet,Goodwill,Goodwill,2017,Q3,Instant,,2016-09-24,2017-08-02,10-Q,5414000000,USD,0000320193-17-000009,
AAPL,Balance Sheet,Goodwill,Goodwill,2017,Q3,Instant,,2017-07-01,2017-08-02,10-Q,5661000000,USD,0000320193-17-000009,CY2017Q2I
AAPL,Balance Sheet,Intangible Assets,FiniteLivedIntangibleAssetsNet,2012,FY,Instant,,2012-09-29,2012-10-31,10-K,4124000000,USD,0001193125-12-444068,
AAPL,Balance Sheet,Intangible Assets,FiniteLivedIntangibleAssetsNet,2013,FY,Instant,,2013-09-28,2013-10-30,10-K,4079000000,USD,0001193125-13-416534,
AAPL,Balance Sheet,Intangible Assets,FiniteLivedIntangibleAssetsNet,2014,FY,Instant,,2013-09-28,2014-10-27,10-K,4079000000,USD,0001193125-14-383437,
AAPL,Balance Sheet,Intangible Assets,FiniteLivedIntangibleAssetsNet,2014,FY,Instant,,2014-09-27,2014-10-27,10-K,4042000000,USD,0001193125-14-383437,
AAPL,Balance Sheet,Intangible Assets,FiniteLivedIntangibleAssetsNet,2015,FY,Instant,,2014-09-27,2015-10-28,10-K,4042000000,USD,0001193125-15-356351,CY2014Q3I
AAPL,Balance Sheet,Intangible Assets,FiniteLivedIntangibleAssetsNet,2015,FY,Instant,,2015-09-26,2015-10-28,10-K,3793000000,USD,0001193125-15-356351,
AAPL,Balance Sheet,Intangible Assets,FiniteLivedIntangibleAssetsNet,2016,FY,Instant,,2015-09-26,2016-10-26,10-K,3793000000,USD,0001628280-16-020309,CY2015Q3I
AAPL,Balance Sheet,Intangible Assets,FiniteLivedIntangibleAssetsNet,2016,FY,Instant,,2016-09-24,2016-10-26,10-K,3106000000,USD,0001628280-16-020309,
AAPL,Balance Sheet,Intangible Assets,FiniteLivedIntangibleAssetsNet,2017,FY,Instant,,2016-09-24,2017-11-03,10-K,3106000000,USD,0000320193-17-000070,CY2016Q3I
AAPL,Balance Sheet,Intangible Assets,FiniteLivedIntangibleAssetsNet,2017,FY,Instant,,2017-09-30,2017-11-03,10-K,2198000000,USD,0000320193-17-000070,
AAPL,Balance Sheet,Intangible Assets,FiniteLivedIntangibleAssetsNet,2015,Q1,Instant,,2014-09-27,2015-01-28,10-Q,4042000000,USD,0001193125-15-023697,
AAPL,Balance Sheet,Intangible Assets,FiniteLivedIntangibleAssetsNet,2015,Q1,Instant,,2014-12-27,2015-01-28,10-Q,4270000000,USD,0001193125-15-023697,CY2014Q4I
AAPL,Balance Sheet,Intangible Assets,FiniteLivedIntangibleAssetsNet,2016,Q1,Instant,,2015-09-26,2016-01-27,10-Q,3793000000,USD,0001193125-16-439878,
AAPL,Balance Sheet,Intangible Assets,FiniteLivedIntangibleAssetsNet,2016,Q1,Instant,,2015-12-26,2016-01-27,10-Q,3824000000,USD,0001193125-16-439878,CY2015Q4I
AAPL,Balance Sheet,Intangible Assets,FiniteLivedIntangibleAssetsNet,2017,Q1,Instant,,2016-09-24,2017-02-01,10-Q,3106000000,USD,0001628280-17-000717,
AAPL,Balance Sheet,Intangible Assets,FiniteLivedIntangibleAssetsNet,2017,Q1,Instant,,2016-12-31,2017-02-01,10-Q,2748000000,USD,0001628280-17-000717,CY2016Q4I
AAPL,Balance Sheet,Intangible Assets,FiniteLivedIntangibleAssetsNet,2018,Q1,Instant,,2017-09-30,2018-02-02,10-Q,2198000000,USD,0000320193-18-000007,CY2017Q3I
AAPL,Balance Sheet,Intangible Assets,FiniteLivedIntangibleAssetsNet,2018,Q1,Instant,,2017-12-30,2018-02-02,10-Q,2049000000,USD,0000320193-18-000007,CY2017Q4I
AAPL,Balance Sheet,Intangible Assets,FiniteLivedIntangibleAssetsNet,2014,Q2,Instant,,2013-09-28,2014-04-24,10-Q,4079000000,USD,0001193125-14-157311,
AAPL,Balance Sheet,Intangible Assets,FiniteLivedIntangibleAssetsNet,2014,Q2,Instant,,2014-03-29,2014-04-24,10-Q,3828000000,USD,0001193125-14-157311,CY2014Q1I
AAPL,Balance Sheet,Intangible Assets,FiniteLivedIntangibleAssetsNet,2015,Q2,Instant,,2014-09-27,2015-04-28,10-Q,4042000000,USD,0001193125-15-153166,
AAPL,Balance Sheet,Intangible Assets,FiniteLivedIntangibleAssetsNet,2015,Q2,Instant,,2015-03-28,2015-04-28,10-Q,3961000000,USD,0001193125-15-153166,CY2015Q1I
AAPL,Balance Sheet,Intangible Assets,FiniteLivedIntangibleAssetsNet,2016,Q2,Instant,,2015-09-26,2016-04-27,10-Q,3793000000,USD,0001193125-16-559625,
AAPL,Balance Sheet,Intangible Assets,FiniteLivedIntangibleAssetsNet,2016,Q2,Instant,,2016-03-26,2016-04-27,10-Q,3743000000,USD,0001193125-16-559625,CY2016Q1I
AAPL,Balance Sheet,Intangible Assets,FiniteLivedIntangibleAssetsNet,2017,Q2,Instant,,2016-09-24,2017-05-03,10-Q,3106000000,USD,0001628280-17-004790,
AAPL,Balance Sheet,Intangible Assets,FiniteLivedIntangibleAssetsNet,2017,Q2,Instant,,2017-04-01,2017-05-03,10-Q,2517000000,USD,0001628280-17-004790,CY2017Q1I
AAPL,Balance Sheet,Intangible Assets,FiniteLivedIntangibleAssetsNet,2014,Q3,Instant,,2013-09-28,2014-07-23,10-Q,4079000000,USD,0001193125-14-277160,
AAPL,Balance Sheet,Intangible Assets,FiniteLivedIntangibleAssetsNet,2014,Q3,Instant,,2014-06-28,2014-07-23,10-Q,3667000000,USD,0001193125-14-277160,CY2014Q2I
AAPL,Balance Sheet,Intangible Assets,FiniteLivedIntangibleAssetsNet,2015,Q3,Instant,,2014-09-27,2015-07-22,10-Q,4042000000,USD,0001193125-15-259935,
AAPL,Balance Sheet,Intangible Assets,FiniteLivedIntangibleAssetsNet,2015,Q3,Instant,,2015-06-27,2015-07-22,10-Q,3679000000,USD,0001193125-15-259935,CY2015Q2I
AAPL,Balance Sheet,Intangible Assets,FiniteLivedIntangibleAssetsNet,2016,Q3,Instant,,2015-09-26,2016-07-27,10-Q,3793000000,USD,0001628280-16-017809,
AAPL,Balance Sheet,Intangible Assets,FiniteLivedIntangibleAssetsNet,2016,Q3,Instant,,2016-06-25,2016-07-27,10-Q,3406000000,USD,0001628280-16-017809,CY2016Q2I
AAPL,Balance Sheet,Intangible Assets,FiniteLivedIntangibleAssetsNet,2017,Q3,Instant,,2016-09-24,2017-08-02,10-Q,3106000000,USD,0000320193-17-000009,
AAPL,Balance Sheet,Intangible Assets,FiniteLivedIntangibleAssetsNet,2017,Q3,Instant,,2017-07-01,2017-08-02,10-Q,2344000000,USD,0000320193-17-000009,CY2017Q2I
AAPL,Balance Sheet,Inventory,InventoryNet,2009,FY,Instant,,2008-09-27,2009-10-27,10-K,509000000,USD,0001193125-09-214859,
AAPL,Balance Sheet,Inventory,InventoryNet,2009,FY,Instant,,2009-09-26,2009-10-27,10-K,455000000,USD,0001193125-09-214859,
AAPL,Balance Sheet,Inventory,InventoryNet,2010,FY,Instant,,2009-09-26,2010-10-27,10-K,455000000,USD,0001193125-10-238044,CY2009Q3I
AAPL,Balance Sheet,Inventory,InventoryNet,2010,FY,Instant,,2010-09-25,2010-10-27,10-K,1051000000,USD,0001193125-10-238044,
AAPL,Balance Sheet,Inventory,InventoryNet,2011,FY,Instant,,2010-09-25,2011-10-26,10-K,1051000000,USD,0001193125-11-282113,CY2010Q3I
AAPL,Balance Sheet,Inventory,InventoryNet,2011,FY,Instant,,2011-09-24,2011-10-26,10-K,776000000,USD,0001193125-11-282113,
AAPL,Balance Sheet,Inventory,InventoryNet,2012,FY,Instant,,2011-09-24,2012-10-31,10-K,776000000,USD,0001193125-12-444068,
AAPL,Balance Sheet,Inventory,InventoryNet,2012,FY,Instant,,2012-09-29,2012-10-31,10-K,791000000,USD,0001193125-12-444068,
AAPL,Balance Sheet,Inventory,InventoryNet,2013,FY,Instant,,2012-09-29,2013-10-30,10-K,791000000,USD,0001193125-13-416534,CY2012Q3I
AAPL,Balance Sheet,Inventory,InventoryNet,2013,FY,Instant,,2013-09-28,2013-10-30,10-K,1764000000,USD,0001193125-13-416534,
AAPL,Balance Sheet,Inventory,InventoryNet,2014,FY,Instant,,2013-09-28,2014-10-27,10-K,1764000000,USD,0001193125-14-383437,
AAPL,Balance Sheet,Inventory,InventoryNet,2014,FY,Instant,,2014-09-27,2014-10-27,10-K,2111000000,USD,0001193125-14-383437,
AAPL,Balance Sheet,Inventory,InventoryNet,2015,FY,Instant,,2014-09-27,2015-10-28,10-K,2111000000,USD,0001193125-15-356351,CY2014Q3I
AAPL,Balance Sheet,Inventory,InventoryNet,2015,FY,Instant,,2015-09-26,2015-10-28,10-K,2349000000,USD,0001193125-15-356351,
AAPL,Balance Sheet,Inventory,InventoryNet,2016,FY,Instant,,2015-09-26,2016-10-26,10-K,2349000000,USD,0001628280-16-020309,CY2015Q3I
AAPL,Balance Sheet,Inventory,InventoryNet,2016,FY,Instant,,2016-09-24,2016-10-26,10-K,2132000000,USD,0001628280-16-020309,
AAPL,Balance Sheet,Inventory,InventoryNet,2017,FY,Instant,,2016-09-24,2017-11-03,10-K,2132000000,USD,0000320193-17-000070,CY2016Q3I
AAPL,Balance Sheet,Inventory,InventoryNet,2017,FY,Instant,,2017-09-30,2017-11-03,10-K,4855000000,USD,0000320193-17-000070,
AAPL,Balance Sheet,Inventory,InventoryNet,2018,FY,Instant,,2017-09-30,2018-11-05,10-K,4855000000,USD,0000320193-18-000145,CY2017Q3I
AAPL,Balance Sheet,Inventory,InventoryNet,2018,FY,Instant,,2018-09-29,2018-11-05,10-K,3956000000,USD,0000320193-18-000145,
AAPL,Balance Sheet,Inventory,InventoryNet,2019,FY,Instant,,2018-09-29,2019-10-31,10-K,3956000000,USD,0000320193-19-000119,CY2018Q3I
AAPL,Balance Sheet,Inventory,InventoryNet,2019,FY,Instant,,2019-09-28,2019-10-31,10-K,4106000000,USD,0000320193-19-000119,
AAPL,Balance Sheet,Inventory,InventoryNet,2020,FY,Instant,,2019-09-28,2020-10-30,10-K,4106000000,USD,0000320193-20-000096,CY2019Q3I
AAPL,Balance Sheet,Inventory,InventoryNet,2020,FY,Instant,,2020-09-26,2020-10-30,10-K,4061000000,USD,0000320193-20-000096,
AAPL,Balance Sheet,Inventory,InventoryNet,2021,FY,Instant,,2020-09-26,2021-10-29,10-K,4061000000,USD,0000320193-21-000105,CY2020Q3I
AAPL,Balance Sheet,Inventory,InventoryNet,2021,FY,Instant,,2021-09-25,2021-10-29,10-K,6580000000,USD,0000320193-21-000105,
AAPL,Balance Sheet,Inventory,InventoryNet,2022,FY,Instant,,2021-09-25,2022-10-28,10-K,6580000000,USD,0000320193-22-000108,CY2021Q3I
AAPL,Balance Sheet,Inventory,InventoryNet,2022,FY,Instant,,2022-09-24,2022-10-28,10-K,4946000000,USD,0000320193-22-000108,
AAPL,Balance Sheet,Inventory,InventoryNet,2023,FY,Instant,,2022-09-24,2023-11-03,10-K,4946000000,USD,0000320193-23-000106,CY2022Q3I
AAPL,Balance Sheet,Inventory,InventoryNet,2023,FY,Instant,,2023-09-30,2023-11-03,10-K,6331000000,USD,0000320193-23-000106,
AAPL,Balance Sheet,Inventory,InventoryNet,2024,FY,Instant,,2023-09-30,2024-11-01,10-K,6331000000,USD,0000320193-24-000123,CY2023Q3I
AAPL,Balance Sheet,Inventory,InventoryNet,2024,FY,Instant,,2024-09-28,2024-11-01,10-K,7286000000,USD,0000320193-24-000123,
AAPL,Balance Sheet,Inventory,InventoryNet,2025,FY,Instant,,2024-09-28,2025-10-31,10-K,7286000000,USD,0000320193-25-000079,CY2024Q3I
AAPL,Balance Sheet,Inventory,InventoryNet,2025,FY,Instant,,2025-09-27,2025-10-31,10-K,5718000000,USD,0000320193-25-000079,
AAPL,Balance Sheet,Inventory,InventoryNet,2010,Q1,Instant,,2009-09-26,2010-01-25,10-Q,455000000,USD,0001193125-10-012085,
AAPL,Balance Sheet,Inventory,InventoryNet,2010,Q1,Instant,,2009-12-26,2010-01-25,10-Q,576000000,USD,0001193125-10-012085,CY2009Q4I
AAPL,Balance Sheet,Inventory,InventoryNet,2011,Q1,Instant,,2010-09-25,2011-01-19,10-Q,1051000000,USD,0001193125-11-010144,
AAPL,Balance Sheet,Inventory,InventoryNet,2011,Q1,Instant,,2010-12-25,2011-01-19,10-Q,885000000,USD,0001193125-11-010144,CY2010Q4I
AAPL,Balance Sheet,Inventory,InventoryNet,2012,Q1,Instant,,2011-09-24,2012-01-25,10-Q,776000000,USD,0001193125-12-023398,
AAPL,Balance Sheet,Inventory,InventoryNet,2012,Q1,Instant,,2011-12-31,2012-01-25,10-Q,1236000000,USD,0001193125-12-023398,CY2011Q4I
AAPL,Balance Sheet,Inventory,InventoryNet,2013,Q1,Instant,,2012-09-29,2013-01-24,10-Q,791000000,USD,0001193125-13-022339,
AAPL,Balance Sheet,Inventory,InventoryNet,2013,Q1,Instant,,2012-12-29,2013-01-24,10-Q,1455000000,USD,0001193125-13-022339,CY2012Q4I
AAPL,Balance Sheet,Inventory,InventoryNet,2014,Q1,Instant,,2013-09-28,2014-01-28,10-Q,1764000000,USD,0001193125-14-024487,
AAPL,Balance Sheet,Inventory,InventoryNet,2014,Q1,Instant,,2013-12-28,2014-01-28,10-Q,2122000000,USD,0001193125-14-024487,CY2013Q4I
AAPL,Balance Sheet,Inventory,InventoryNet,2015,Q1,Instant,,2014-09-27,2015-01-28,10-Q,2111000000,USD,0001193125-15-023697,
AAPL,Balance Sheet,Inventory,InventoryNet,2015,Q1,Instant,,2014-12-27,2015-01-28,10-Q,2283000000,USD,0001193125-15-023697,CY2014Q4I
AAPL,Balance Sheet,Inventory,InventoryNet,2016,Q1,Instant,,2015-09-26,2016-01-27,10-Q,2349000000,USD,0001193125-16-439878,
AAPL,Balance Sheet,Inventory,InventoryNet,2016,Q1,Instant,,2015-12-26,2016-01-27,10-Q,2451000000,USD,0001193125-16-439878,CY2015Q4I
AAPL,Balance Sheet,Inventory,InventoryNet,2017,Q1,Instant,,2016-09-24,2017-02-01,10-Q,2132000000,USD,0001628280-17-000717,
AAPL,Balance Sheet,Inventory,InventoryNet,2017,Q1,Instant,,2016-12-31,2017-02-01,10-Q,2712000000,USD,0001628280-17-000717,CY2016Q4I
AAPL,Balance Sheet,Inventory,InventoryNet,2018,Q1,Instant,,2017-09-30,2018-02-02,10-Q,4855000000,USD,0000320193-18-000007,
AAPL,Balance Sheet,Inventory,InventoryNet,2018,Q1,Instant,,2017-12-30,2018-02-02,10-Q,4421000000,USD,0000320193-18-000007,CY2017Q4I
AAPL,Balance Sheet,Inventory,InventoryNet,2019,Q1,Instant,,2018-09-29,2019-01-30,10-Q,3956000000,USD,0000320193-19-000010,
AAPL,Balance Sheet,Inventory,InventoryNet,2019,Q1,Instant,,2018-12-29,2019-01-30,10-Q,4988000000,USD,0000320193-19-000010,CY2018Q4I
AAPL,Balance Sheet,Inventory,InventoryNet,2020,Q1,Instant,,2019-09-28,2020-01-29,10-Q,4106000000,USD,0000320193-20-000010,
AAPL,Balance Sheet,Inventory,InventoryNet,2020,Q1,Instant,,2019-12-28,2020-01-29,10-Q,4097000000,USD,0000320193-20-000010,CY2019Q4I
AAPL,Balance Sheet,Inventory,InventoryNet,2021,Q1,Instant,,2020-09-26,2021-01-28,10-Q,4061000000,USD,0000320193-21-000010,
AAPL,Balance Sheet,Inventory,InventoryNet,2021,Q1,Instant,,2020-12-26,2021-01-28,10-Q,4973000000,USD,0000320193-21-000010,CY2020Q4I
AAPL,Balance Sheet,Inventory,InventoryNet,2022,Q1,Instant,,2021-09-25,2022-01-28,10-Q,6580000000,USD,0000320193-22-000007,
AAPL,Balance Sheet,Inventory,InventoryNet,2022,Q1,Instant,,2021-12-25,2022-01-28,10-Q,5876000000,USD,0000320193-22-000007,CY2021Q4I
AAPL,Balance Sheet,Inventory,InventoryNet,2023,Q1,Instant,,2022-09-24,2023-02-03,10-Q,4946000000,USD,0000320193-23-000006,
AAPL,Balance Sheet,Inventory,InventoryNet,2023,Q1,Instant,,2022-12-31,2023-02-03,10-Q,6820000000,USD,0000320193-23-000006,CY2022Q4I
AAPL,Balance Sheet,Inventory,InventoryNet,2024,Q1,Instant,,2023-09-30,2024-02-02,10-Q,6331000000,USD,0000320193-24-000006,
AAPL,Balance Sheet,Inventory,InventoryNet,2024,Q1,Instant,,2023-12-30,2024-02-02,10-Q,6511000000,USD,0000320193-24-000006,CY2023Q4I
AAPL,Balance Sheet,Inventory,InventoryNet,2025,Q1,Instant,,2024-09-28,2025-01-31,10-Q,7286000000,USD,0000320193-25-000008,
AAPL,Balance Sheet,Inventory,InventoryNet,2025,Q1,Instant,,2024-12-28,2025-01-31,10-Q,6911000000,USD,0000320193-25-000008,CY2024Q4I
AAPL,Balance Sheet,Inventory,InventoryNet,2026,Q1,Instant,,2025-09-27,2026-01-30,10-Q,5718000000,USD,0000320193-26-000006,
AAPL,Balance Sheet,Inventory,InventoryNet,2026,Q1,Instant,,2025-12-27,2026-01-30,10-Q,5875000000,USD,0000320193-26-000006,CY2025Q4I
AAPL,Balance Sheet,Inventory,InventoryNet,2010,Q2,Instant,,2009-09-26,2010-04-21,10-Q,455000000,USD,0001193125-10-088957,
AAPL,Balance Sheet,Inventory,InventoryNet,2010,Q2,Instant,,2010-03-27,2010-04-21,10-Q,638000000,USD,0001193125-10-088957,CY2010Q1I
AAPL,Balance Sheet,Inventory,InventoryNet,2011,Q2,Instant,,2010-09-25,2011-04-21,10-Q,1051000000,USD,0001193125-11-104388,
AAPL,Balance Sheet,Inventory,InventoryNet,2011,Q2,Instant,,2011-03-26,2011-04-21,10-Q,930000000,USD,0001193125-11-104388,CY2011Q1I
AAPL,Balance Sheet,Inventory,InventoryNet,2012,Q2,Instant,,2011-09-24,2012-04-25,10-Q,776000000,USD,0001193125-12-182321,
AAPL,Balance Sheet,Inventory,InventoryNet,2012,Q2,Instant,,2012-03-31,2012-04-25,10-Q,1102000000,USD,0001193125-12-182321,CY2012Q1I
AAPL,Balance Sheet,Inventory,InventoryNet,2013,Q2,Instant,,2012-09-29,2013-04-24,10-Q,791000000,USD,0001193125-13-168288,
AAPL,Balance Sheet,Inventory,InventoryNet,2013,Q2,Instant,,2013-03-30,2013-04-24,10-Q,1245000000,USD,0001193125-13-168288,CY2013Q1I
AAPL,Balance Sheet,Inventory,InventoryNet,2014,Q2,Instant,,2013-09-28,2014-04-24,10-Q,1764000000,USD,0001193125-14-157311,
AAPL,Balance Sheet,Inventory,InventoryNet,2014,Q2,Instant,,2014-03-29,2014-04-24,10-Q,1829000000,USD,0001193125-14-157311,CY2014Q1I
AAPL,Balance Sheet,Inventory,InventoryNet,2015,Q2,Instant,,2014-09-27,2015-04-28,10-Q,2111000000,USD,0001193125-15-153166,
AAPL,Balance Sheet,Inventory,InventoryNet,2015,Q2,Instant,,2015-03-28,2015-04-28,10-Q,2396000000,USD,0001193125-15-153166,CY2015Q1I
AAPL,Balance Sheet,Inventory,InventoryNet,2016,Q2,Instant,,2015-09-26,2016-04-27,10-Q,2349000000,USD,0001193125-16-559625,
AAPL,Balance Sheet,Inventory,InventoryNet,2016,Q2,Instant,,2016-03-26,2016-04-27,10-Q,2281000000,USD,0001193125-16-559625,CY2016Q1I
AAPL,Balance Sheet,Inventory,InventoryNet,2017,Q2,Instant,,2016-09-24,2017-05-03,10-Q,2132000000,USD,0001628280-17-004790,
AAPL,Balance Sheet,Inventory,InventoryNet,2017,Q2,Instant,,2017-04-01,2017-05-03,10-Q,2910000000,USD,0001628280-17-004790,CY2017Q1I
AAPL,Balance Sheet,Inventory,InventoryNet,2018,Q2,Instant,,2017-09-30,2018-05-02,10-Q,4855000000,USD,0000320193-18-000070,
AAPL,Balance Sheet,Inventory,InventoryNet,2018,Q2,Instant,,2018-03-31,2018-05-02,10-Q,7662000000,USD,0000320193-18-000070,CY2018Q1I
AAPL,Balance Sheet,Inventory,InventoryNet,2019,Q2,Instant,,2018-09-29,2019-05-01,10-Q,3956000000,USD,0000320193-19-000066,
AAPL,Balance Sheet,Inventory,InventoryNet,2019,Q2,Instant,,2019-03-30,2019-05-01,10-Q,4884000000,USD,0000320193-19-000066,CY2019Q1I
AAPL,Balance Sheet,Inventory,InventoryNet,2020,Q2,Instant,,2019-09-28,2020-05-01,10-Q,4106000000,USD,0000320193-20-000052,
AAPL,Balance Sheet,Inventory,InventoryNet,2020,Q2,Instant,,2020-03-28,2020-05-01,10-Q,3334000000,USD,0000320193-20-000052,CY2020Q1I
AAPL,Balance Sheet,Inventory,InventoryNet,2021,Q2,Instant,,2020-09-26,2021-04-29,10-Q,4061000000,USD,0000320193-21-000056,
AAPL,Balance Sheet,Inventory,InventoryNet,2021,Q2,Instant,,2021-03-27,2021-04-29,10-Q,5219000000,USD,0000320193-21-000056,CY2021Q1I
AAPL,Balance Sheet,Inventory,InventoryNet,2022,Q2,Instant,,2021-09-25,2022-04-29,10-Q,6580000000,USD,0000320193-22-000059,
AAPL,Balance Sheet,Inventory,InventoryNet,2022,Q2,Instant,,2022-03-26,2022-04-29,10-Q,5460000000,USD,0000320193-22-000059,CY2022Q1I
AAPL,Balance Sheet,Inventory,InventoryNet,2023,Q2,Instant,,2022-09-24,2023-05-05,10-Q,4946000000,USD,0000320193-23-000064,
AAPL,Balance Sheet,Inventory,InventoryNet,2023,Q2,Instant,,2023-04-01,2023-05-05,10-Q,7482000000,USD,0000320193-23-000064,CY2023Q1I
AAPL,Balance Sheet,Inventory,InventoryNet,2024,Q2,Instant,,2023-09-30,2024-05-03,10-Q,6331000000,USD,0000320193-24-000069,
AAPL,Balance Sheet,Inventory,InventoryNet,2024,Q2,Instant,,2024-03-30,2024-05-03,10-Q,6232000000,USD,0000320193-24-000069,CY2024Q1I
AAPL,Balance Sheet,Inventory,InventoryNet,2025,Q2,Instant,,2024-09-28,2025-05-02,10-Q,7286000000,USD,0000320193-25-000057,
AAPL,Balance Sheet,Inventory,InventoryNet,2025,Q2,Instant,,2025-03-29,2025-05-02,10-Q,6269000000,USD,0000320193-25-000057,CY2025Q1I
AAPL,Balance Sheet,Inventory,InventoryNet,2026,Q2,Instant,,2025-09-27,2026-05-01,10-Q,5718000000,USD,0000320193-26-000013,
AAPL,Balance Sheet,Inventory,InventoryNet,2026,Q2,Instant,,2026-03-28,2026-05-01,10-Q,6747000000,USD,0000320193-26-000013,CY2026Q1I
AAPL,Balance Sheet,Inventory,InventoryNet,2009,Q3,Instant,,2008-09-27,2009-07-22,10-Q,509000000,USD,0001193125-09-153165,
AAPL,Balance Sheet,Inventory,InventoryNet,2009,Q3,Instant,,2009-06-27,2009-07-22,10-Q,380000000,USD,0001193125-09-153165,CY2009Q2I
AAPL,Balance Sheet,Inventory,InventoryNet,2010,Q3,Instant,,2009-09-26,2010-07-21,10-Q,455000000,USD,0001193125-10-162840,
AAPL,Balance Sheet,Inventory,InventoryNet,2010,Q3,Instant,,2010-06-26,2010-07-21,10-Q,942000000,USD,0001193125-10-162840,CY2010Q2I
AAPL,Balance Sheet,Inventory,InventoryNet,2011,Q3,Instant,,2010-09-25,2011-07-20,10-Q,1051000000,USD,0001193125-11-192493,
AAPL,Balance Sheet,Inventory,InventoryNet,2011,Q3,Instant,,2011-06-25,2011-07-20,10-Q,889000000,USD,0001193125-11-192493,CY2011Q2I
AAPL,Balance Sheet,Inventory,InventoryNet,2012,Q3,Instant,,2011-09-24,2012-07-25,10-Q,776000000,USD,0001193125-12-314552,
AAPL,Balance Sheet,Inventory,InventoryNet,2012,Q3,Instant,,2012-06-30,2012-07-25,10-Q,1122000000,USD,0001193125-12-314552,CY2012Q2I
AAPL,Balance Sheet,Inventory,InventoryNet,2013,Q3,Instant,,2012-09-29,2013-07-24,10-Q,791000000,USD,0001193125-13-300670,
AAPL,Balance Sheet,Inventory,InventoryNet,2013,Q3,Instant,,2013-06-29,2013-07-24,10-Q,1697000000,USD,0001193125-13-300670,CY2013Q2I
AAPL,Balance Sheet,Inventory,InventoryNet,2014,Q3,Instant,,2013-09-28,2014-07-23,10-Q,1764000000,USD,0001193125-14-277160,
AAPL,Balance Sheet,Inventory,InventoryNet,2014,Q3,Instant,,2014-06-28,2014-07-23,10-Q,1594000000,USD,0001193125-14-277160,CY2014Q2I
AAPL,Balance Sheet,Inventory,InventoryNet,2015,Q3,Instant,,2014-09-27,2015-07-22,10-Q,2111000000,USD,0001193125-15-259935,
AAPL,Balance Sheet,Inventory,InventoryNet,2015,Q3,Instant,,2015-06-27,2015-07-22,10-Q,2042000000,USD,0001193125-15-259935,CY2015Q2I
AAPL,Balance Sheet,Inventory,InventoryNet,2016,Q3,Instant,,2015-09-26,2016-07-27,10-Q,2349000000,USD,0001628280-16-017809,
AAPL,Balance Sheet,Inventory,InventoryNet,2016,Q3,Instant,,2016-06-25,2016-07-27,10-Q,1831000000,USD,0001628280-16-017809,CY2016Q2I
AAPL,Balance Sheet,Inventory,InventoryNet,2017,Q3,Instant,,2016-09-24,2017-08-02,10-Q,2132000000,USD,0000320193-17-000009,
AAPL,Balance Sheet,Inventory,InventoryNet,2017,Q3,Instant,,2017-07-01,2017-08-02,10-Q,3146000000,USD,0000320193-17-000009,CY2017Q2I
AAPL,Balance Sheet,Inventory,InventoryNet,2018,Q3,Instant,,2017-09-30,2018-08-01,10-Q,4855000000,USD,0000320193-18-000100,
AAPL,Balance Sheet,Inventory,InventoryNet,2018,Q3,Instant,,2018-06-30,2018-08-01,10-Q,5936000000,USD,0000320193-18-000100,CY2018Q2I
AAPL,Balance Sheet,Inventory,InventoryNet,2019,Q3,Instant,,2018-09-29,2019-07-31,10-Q,3956000000,USD,0000320193-19-000076,
AAPL,Balance Sheet,Inventory,InventoryNet,2019,Q3,Instant,,2019-06-29,2019-07-31,10-Q,3355000000,USD,0000320193-19-000076,CY2019Q2I
AAPL,Balance Sheet,Inventory,InventoryNet,2020,Q3,Instant,,2019-09-28,2020-07-31,10-Q,4106000000,USD,0000320193-20-000062,
AAPL,Balance Sheet,Inventory,InventoryNet,2020,Q3,Instant,,2020-06-27,2020-07-31,10-Q,3978000000,USD,0000320193-20-000062,CY2020Q2I
AAPL,Balance Sheet,Inventory,InventoryNet,2021,Q3,Instant,,2020-09-26,2021-07-28,10-Q,4061000000,USD,0000320193-21-000065,
AAPL,Balance Sheet,Inventory,InventoryNet,2021,Q3,Instant,,2021-06-26,2021-07-28,10-Q,5178000000,USD,0000320193-21-000065,CY2021Q2I
AAPL,Balance Sheet,Inventory,InventoryNet,2022,Q3,Instant,,2021-09-25,2022-07-29,10-Q,6580000000,USD,0000320193-22-000070,
AAPL,Balance Sheet,Inventory,InventoryNet,2022,Q3,Instant,,2022-06-25,2022-07-29,10-Q,5433000000,USD,0000320193-22-000070,CY2022Q2I
AAPL,Balance Sheet,Inventory,InventoryNet,2023,Q3,Instant,,2022-09-24,2023-08-04,10-Q,4946000000,USD,0000320193-23-000077,
AAPL,Balance Sheet,Inventory,InventoryNet,2023,Q3,Instant,,2023-07-01,2023-08-04,10-Q,7351000000,USD,0000320193-23-000077,CY2023Q2I
AAPL,Balance Sheet,Inventory,InventoryNet,2024,Q3,Instant,,2023-09-30,2024-08-02,10-Q,6331000000,USD,0000320193-24-000081,
AAPL,Balance Sheet,Inventory,InventoryNet,2024,Q3,Instant,,2024-06-29,2024-08-02,10-Q,6165000000,USD,0000320193-24-000081,CY2024Q2I
AAPL,Balance Sheet,Inventory,InventoryNet,2025,Q3,Instant,,2024-09-28,2025-08-01,10-Q,7286000000,USD,0000320193-25-000073,
AAPL,Balance Sheet,Inventory,InventoryNet,2025,Q3,Instant,,2025-06-28,2025-08-01,10-Q,5925000000,USD,0000320193-25-000073,CY2025Q2I
AAPL,Balance Sheet,Inventory,InventoryNet,2026,Q3,Instant,,2025-09-27,2026-07-31,10-Q,5718000000,USD,0000320193-26-000020,CY2025Q3I
AAPL,Balance Sheet,Inventory,InventoryNet,2026,Q3,Instant,,2026-06-27,2026-07-31,10-Q,11092000000,USD,0000320193-26-000020,CY2026Q2I
AAPL,Balance Sheet,Long-Term Debt,LongTermDebtNoncurrent,2015,FY,Instant,,2014-09-27,2015-10-28,10-K,28987000000,USD,0001193125-15-356351,CY2014Q3I
AAPL,Balance Sheet,Long-Term Debt,LongTermDebtNoncurrent,2015,FY,Instant,,2015-09-26,2015-10-28,10-K,53463000000,USD,0001193125-15-356351,
AAPL,Balance Sheet,Long-Term Debt,LongTermDebtNoncurrent,2016,FY,Instant,,2015-09-26,2016-10-26,10-K,53329000000,USD,0001628280-16-020309,CY2015Q3I
AAPL,Balance Sheet,Long-Term Debt,LongTermDebtNoncurrent,2016,FY,Instant,,2016-09-24,2016-10-26,10-K,75427000000,USD,0001628280-16-020309,
AAPL,Balance Sheet,Long-Term Debt,LongTermDebtNoncurrent,2017,FY,Instant,,2016-09-24,2017-11-03,10-K,75427000000,USD,0000320193-17-000070,CY2016Q3I
AAPL,Balance Sheet,Long-Term Debt,LongTermDebtNoncurrent,2017,FY,Instant,,2017-09-30,2017-11-03,10-K,97207000000,USD,0000320193-17-000070,
AAPL,Balance Sheet,Long-Term Debt,LongTermDebtNoncurrent,2018,FY,Instant,,2017-09-30,2018-11-05,10-K,97207000000,USD,0000320193-18-000145,CY2017Q3I
AAPL,Balance Sheet,Long-Term Debt,LongTermDebtNoncurrent,2018,FY,Instant,,2018-09-29,2018-11-05,10-K,93735000000,USD,0000320193-18-000145,
AAPL,Balance Sheet,Long-Term Debt,LongTermDebtNoncurrent,2019,FY,Instant,,2018-09-29,2019-10-31,10-K,93735000000,USD,0000320193-19-000119,CY2018Q3I
AAPL,Balance Sheet,Long-Term Debt,LongTermDebtNoncurrent,2019,FY,Instant,,2019-09-28,2019-10-31,10-K,91807000000,USD,0000320193-19-000119,
AAPL,Balance Sheet,Long-Term Debt,LongTermDebtNoncurrent,2020,FY,Instant,,2019-09-28,2020-10-30,10-K,91807000000,USD,0000320193-20-000096,CY2019Q3I
AAPL,Balance Sheet,Long-Term Debt,LongTermDebtNoncurrent,2020,FY,Instant,,2020-09-26,2020-10-30,10-K,98667000000,USD,0000320193-20-000096,
AAPL,Balance Sheet,Long-Term Debt,LongTermDebtNoncurrent,2021,FY,Instant,,2020-09-26,2021-10-29,10-K,98667000000,USD,0000320193-21-000105,CY2020Q3I
AAPL,Balance Sheet,Long-Term Debt,LongTermDebtNoncurrent,2021,FY,Instant,,2021-09-25,2021-10-29,10-K,109106000000,USD,0000320193-21-000105,
AAPL,Balance Sheet,Long-Term Debt,LongTermDebtNoncurrent,2022,FY,Instant,,2021-09-25,2022-10-28,10-K,109106000000,USD,0000320193-22-000108,CY2021Q3I
AAPL,Balance Sheet,Long-Term Debt,LongTermDebtNoncurrent,2022,FY,Instant,,2022-09-24,2022-10-28,10-K,98959000000,USD,0000320193-22-000108,
AAPL,Balance Sheet,Long-Term Debt,LongTermDebtNoncurrent,2023,FY,Instant,,2022-09-24,2023-11-03,10-K,98959000000,USD,0000320193-23-000106,CY2022Q3I
AAPL,Balance Sheet,Long-Term Debt,LongTermDebtNoncurrent,2023,FY,Instant,,2023-09-30,2023-11-03,10-K,95281000000,USD,0000320193-23-000106,
AAPL,Balance Sheet,Long-Term Debt,LongTermDebtNoncurrent,2024,FY,Instant,,2023-09-30,2024-11-01,10-K,95281000000,USD,0000320193-24-000123,CY2023Q3I
AAPL,Balance Sheet,Long-Term Debt,LongTermDebtNoncurrent,2024,FY,Instant,,2024-09-28,2024-11-01,10-K,85750000000,USD,0000320193-24-000123,
AAPL,Balance Sheet,Long-Term Debt,LongTermDebtNoncurrent,2025,FY,Instant,,2024-09-28,2025-10-31,10-K,85750000000,USD,0000320193-25-000079,CY2024Q3I
AAPL,Balance Sheet,Long-Term Debt,LongTermDebtNoncurrent,2025,FY,Instant,,2025-09-27,2025-10-31,10-K,78328000000,USD,0000320193-25-000079,
AAPL,Balance Sheet,Long-Term Debt,LongTermDebtNoncurrent,2016,Q1,Instant,,2015-09-26,2016-01-27,10-Q,53463000000,USD,0001193125-16-439878,
AAPL,Balance Sheet,Long-Term Debt,LongTermDebtNoncurrent,2016,Q1,Instant,,2015-12-26,2016-01-27,10-Q,53204000000,USD,0001193125-16-439878,CY2015Q4I
AAPL,Balance Sheet,Long-Term Debt,LongTermDebtNoncurrent,2017,Q1,Instant,,2016-09-24,2017-02-01,10-Q,75427000000,USD,0001628280-17-000717,
AAPL,Balance Sheet,Long-Term Debt,LongTermDebtNoncurrent,2017,Q1,Instant,,2016-12-31,2017-02-01,10-Q,73557000000,USD,0001628280-17-000717,CY2016Q4I
AAPL,Balance Sheet,Long-Term Debt,LongTermDebtNoncurrent,2018,Q1,Instant,,2017-09-30,2018-02-02,10-Q,97207000000,USD,0000320193-18-000007,
AAPL,Balance Sheet,Long-Term Debt,LongTermDebtNoncurrent,2018,Q1,Instant,,2017-12-30,2018-02-02,10-Q,103922000000,USD,0000320193-18-000007,CY2017Q4I
AAPL,Balance Sheet,Long-Term Debt,LongTermDebtNoncurrent,2019,Q1,Instant,,2018-09-29,2019-01-30,10-Q,93735000000,USD,0000320193-19-000010,
AAPL,Balance Sheet,Long-Term Debt,LongTermDebtNoncurrent,2019,Q1,Instant,,2018-12-29,2019-01-30,10-Q,92989000000,USD,0000320193-19-000010,CY2018Q4I
AAPL,Balance Sheet,Long-Term Debt,LongTermDebtNoncurrent,2020,Q1,Instant,,2019-09-28,2020-01-29,10-Q,91807000000,USD,0000320193-20-000010,
AAPL,Balance Sheet,Long-Term Debt,LongTermDebtNoncurrent,2020,Q1,Instant,,2019-12-28,2020-01-29,10-Q,93078000000,USD,0000320193-20-000010,CY2019Q4I
AAPL,Balance Sheet,Long-Term Debt,LongTermDebtNoncurrent,2021,Q1,Instant,,2020-09-26,2021-01-28,10-Q,98667000000,USD,0000320193-21-000010,
AAPL,Balance Sheet,Long-Term Debt,LongTermDebtNoncurrent,2021,Q1,Instant,,2020-12-26,2021-01-28,10-Q,99281000000,USD,0000320193-21-000010,CY2020Q4I
AAPL,Balance Sheet,Long-Term Debt,LongTermDebtNoncurrent,2022,Q1,Instant,,2021-09-25,2022-01-28,10-Q,109106000000,USD,0000320193-22-000007,
AAPL,Balance Sheet,Long-Term Debt,LongTermDebtNoncurrent,2022,Q1,Instant,,2021-12-25,2022-01-28,10-Q,106629000000,USD,0000320193-22-000007,CY2021Q4I
AAPL,Balance Sheet,Long-Term Debt,LongTermDebtNoncurrent,2023,Q1,Instant,,2022-09-24,2023-02-03,10-Q,98959000000,USD,0000320193-23-000006,
AAPL,Balance Sheet,Long-Term Debt,LongTermDebtNoncurrent,2023,Q1,Instant,,2022-12-31,2023-02-03,10-Q,99627000000,USD,0000320193-23-000006,CY2022Q4I
AAPL,Balance Sheet,Long-Term Debt,LongTermDebtNoncurrent,2024,Q1,Instant,,2023-09-30,2024-02-02,10-Q,95281000000,USD,0000320193-24-000006,
AAPL,Balance Sheet,Long-Term Debt,LongTermDebtNoncurrent,2024,Q1,Instant,,2023-12-30,2024-02-02,10-Q,95088000000,USD,0000320193-24-000006,CY2023Q4I
AAPL,Balance Sheet,Long-Term Debt,LongTermDebtNoncurrent,2025,Q1,Instant,,2024-09-28,2025-01-31,10-Q,85750000000,USD,0000320193-25-000008,
AAPL,Balance Sheet,Long-Term Debt,LongTermDebtNoncurrent,2025,Q1,Instant,,2024-12-28,2025-01-31,10-Q,83956000000,USD,0000320193-25-000008,CY2024Q4I
AAPL,Balance Sheet,Long-Term Debt,LongTermDebtNoncurrent,2026,Q1,Instant,,2025-09-27,2026-01-30,10-Q,78328000000,USD,0000320193-26-000006,
AAPL,Balance Sheet,Long-Term Debt,LongTermDebtNoncurrent,2026,Q1,Instant,,2025-12-27,2026-01-30,10-Q,76685000000,USD,0000320193-26-000006,CY2025Q4I
AAPL,Balance Sheet,Long-Term Debt,LongTermDebtNoncurrent,2016,Q2,Instant,,2015-09-26,2016-04-27,10-Q,53463000000,USD,0001193125-16-559625,
AAPL,Balance Sheet,Long-Term Debt,LongTermDebtNoncurrent,2016,Q2,Instant,,2016-03-26,2016-04-27,10-Q,69374000000,USD,0001193125-16-559625,CY2016Q1I
AAPL,Balance Sheet,Long-Term Debt,LongTermDebtNoncurrent,2017,Q2,Instant,,2016-09-24,2017-05-03,10-Q,75427000000,USD,0001628280-17-004790,
AAPL,Balance Sheet,Long-Term Debt,LongTermDebtNoncurrent,2017,Q2,Instant,,2017-04-01,2017-05-03,10-Q,84531000000,USD,0001628280-17-004790,CY2017Q1I
AAPL,Balance Sheet,Long-Term Debt,LongTermDebtNoncurrent,2018,Q2,Instant,,2017-09-30,2018-05-02,10-Q,97207000000,USD,0000320193-18-000070,
AAPL,Balance Sheet,Long-Term Debt,LongTermDebtNoncurrent,2018,Q2,Instant,,2018-03-31,2018-05-02,10-Q,101362000000,USD,0000320193-18-000070,CY2018Q1I
AAPL,Balance Sheet,Long-Term Debt,LongTermDebtNoncurrent,2019,Q2,Instant,,2018-09-29,2019-05-01,10-Q,93735000000,USD,0000320193-19-000066,
AAPL,Balance Sheet,Long-Term Debt,LongTermDebtNoncurrent,2019,Q2,Instant,,2019-03-30,2019-05-01,10-Q,90201000000,USD,0000320193-19-000066,CY2019Q1I
AAPL,Balance Sheet,Long-Term Debt,LongTermDebtNoncurrent,2020,Q2,Instant,,2019-09-28,2020-05-01,10-Q,91807000000,USD,0000320193-20-000052,
AAPL,Balance Sheet,Long-Term Debt,LongTermDebtNoncurrent,2020,Q2,Instant,,2020-03-28,2020-05-01,10-Q,89086000000,USD,0000320193-20-000052,CY2020Q1I
AAPL,Balance Sheet,Long-Term Debt,LongTermDebtNoncurrent,2021,Q2,Instant,,2020-09-26,2021-04-29,10-Q,98667000000,USD,0000320193-21-000056,
AAPL,Balance Sheet,Long-Term Debt,LongTermDebtNoncurrent,2021,Q2,Instant,,2021-03-27,2021-04-29,10-Q,108642000000,USD,0000320193-21-000056,CY2021Q1I
AAPL,Balance Sheet,Long-Term Debt,LongTermDebtNoncurrent,2022,Q2,Instant,,2021-09-25,2022-04-29,10-Q,109106000000,USD,0000320193-22-000059,
AAPL,Balance Sheet,Long-Term Debt,LongTermDebtNoncurrent,2022,Q2,Instant,,2022-03-26,2022-04-29,10-Q,103323000000,USD,0000320193-22-000059,CY2022Q1I
AAPL,Balance Sheet,Long-Term Debt,LongTermDebtNoncurrent,2023,Q2,Instant,,2022-09-24,2023-05-05,10-Q,98959000000,USD,0000320193-23-000064,
AAPL,Balance Sheet,Long-Term Debt,LongTermDebtNoncurrent,2023,Q2,Instant,,2023-04-01,2023-05-05,10-Q,97041000000,USD,0000320193-23-000064,CY2023Q1I
AAPL,Balance Sheet,Long-Term Debt,LongTermDebtNoncurrent,2024,Q2,Instant,,2023-09-30,2024-05-03,10-Q,95281000000,USD,0000320193-24-000069,
AAPL,Balance Sheet,Long-Term Debt,LongTermDebtNoncurrent,2024,Q2,Instant,,2024-03-30,2024-05-03,10-Q,91831000000,USD,0000320193-24-000069,CY2024Q1I
AAPL,Balance Sheet,Long-Term Debt,LongTermDebtNoncurrent,2025,Q2,Instant,,2024-09-28,2025-05-02,10-Q,85750000000,USD,0000320193-25-000057,
AAPL,Balance Sheet,Long-Term Debt,LongTermDebtNoncurrent,2025,Q2,Instant,,2025-03-29,2025-05-02,10-Q,78566000000,USD,0000320193-25-000057,CY2025Q1I
AAPL,Balance Sheet,Long-Term Debt,LongTermDebtNoncurrent,2026,Q2,Instant,,2025-09-27,2026-05-01,10-Q,78328000000,USD,0000320193-26-000013,
AAPL,Balance Sheet,Long-Term Debt,LongTermDebtNoncurrent,2026,Q2,Instant,,2026-03-28,2026-05-01,10-Q,74404000000,USD,0000320193-26-000013,CY2026Q1I
AAPL,Balance Sheet,Long-Term Debt,LongTermDebtNoncurrent,2015,Q3,Instant,,2014-09-27,2015-07-22,10-Q,28987000000,USD,0001193125-15-259935,
AAPL,Balance Sheet,Long-Term Debt,LongTermDebtNoncurrent,2015,Q3,Instant,,2015-06-27,2015-07-22,10-Q,47419000000,USD,0001193125-15-259935,CY2015Q2I
AAPL,Balance Sheet,Long-Term Debt,LongTermDebtNoncurrent,2016,Q3,Instant,,2015-09-26,2016-07-27,10-Q,53463000000,USD,0001628280-16-017809,
AAPL,Balance Sheet,Long-Term Debt,LongTermDebtNoncurrent,2016,Q3,Instant,,2016-06-25,2016-07-27,10-Q,68939000000,USD,0001628280-16-017809,CY2016Q2I
AAPL,Balance Sheet,Long-Term Debt,LongTermDebtNoncurrent,2017,Q3,Instant,,2016-09-24,2017-08-02,10-Q,75427000000,USD,0000320193-17-000009,
AAPL,Balance Sheet,Long-Term Debt,LongTermDebtNoncurrent,2017,Q3,Instant,,2017-07-01,2017-08-02,10-Q,89864000000,USD,0000320193-17-000009,CY2017Q2I
AAPL,Balance Sheet,Long-Term Debt,LongTermDebtNoncurrent,2018,Q3,Instant,,2017-09-30,2018-08-01,10-Q,97207000000,USD,0000320193-18-000100,
AAPL,Balance Sheet,Long-Term Debt,LongTermDebtNoncurrent,2018,Q3,Instant,,2018-06-30,2018-08-01,10-Q,97128000000,USD,0000320193-18-000100,CY2018Q2I
AAPL,Balance Sheet,Long-Term Debt,LongTermDebtNoncurrent,2019,Q3,Instant,,2018-09-29,2019-07-31,10-Q,93735000000,USD,0000320193-19-000076,
AAPL,Balance Sheet,Long-Term Debt,LongTermDebtNoncurrent,2019,Q3,Instant,,2019-06-29,2019-07-31,10-Q,84936000000,USD,0000320193-19-000076,CY2019Q2I
AAPL,Balance Sheet,Long-Term Debt,LongTermDebtNoncurrent,2020,Q3,Instant,,2019-09-28,2020-07-31,10-Q,91807000000,USD,0000320193-20-000062,
AAPL,Balance Sheet,Long-Term Debt,LongTermDebtNoncurrent,2020,Q3,Instant,,2020-06-27,2020-07-31,10-Q,94048000000,USD,0000320193-20-000062,CY2020Q2I
AAPL,Balance Sheet,Long-Term Debt,LongTermDebtNoncurrent,2021,Q3,Instant,,2020-09-26,2021-07-28,10-Q,98667000000,USD,0000320193-21-000065,
AAPL,Balance Sheet,Long-Term Debt,LongTermDebtNoncurrent,2021,Q3,Instant,,2021-06-26,2021-07-28,10-Q,105752000000,USD,0000320193-21-000065,CY2021Q2I
AAPL,Balance Sheet,Long-Term Debt,LongTermDebtNoncurrent,2022,Q3,Instant,,2021-09-25,2022-07-29,10-Q,109106000000,USD,0000320193-22-000070,
AAPL,Balance Sheet,Long-Term Debt,LongTermDebtNoncurrent,2022,Q3,Instant,,2022-06-25,2022-07-29,10-Q,94700000000,USD,0000320193-22-000070,CY2022Q2I
AAPL,Balance Sheet,Long-Term Debt,LongTermDebtNoncurrent,2023,Q3,Instant,,2022-09-24,2023-08-04,10-Q,98959000000,USD,0000320193-23-000077,
AAPL,Balance Sheet,Long-Term Debt,LongTermDebtNoncurrent,2023,Q3,Instant,,2023-07-01,2023-08-04,10-Q,98071000000,USD,0000320193-23-000077,CY2023Q2I
AAPL,Balance Sheet,Long-Term Debt,LongTermDebtNoncurrent,2024,Q3,Instant,,2023-09-30,2024-08-02,10-Q,95281000000,USD,0000320193-24-000081,
AAPL,Balance Sheet,Long-Term Debt,LongTermDebtNoncurrent,2024,Q3,Instant,,2024-06-29,2024-08-02,10-Q,86196000000,USD,0000320193-24-000081,CY2024Q2I
AAPL,Balance Sheet,Long-Term Debt,LongTermDebtNoncurrent,2025,Q3,Instant,,2024-09-28,2025-08-01,10-Q,85750000000,USD,0000320193-25-000073,
AAPL,Balance Sheet,Long-Term Debt,LongTermDebtNoncurrent,2025,Q3,Instant,,2025-06-28,2025-08-01,10-Q,82430000000,USD,0000320193-25-000073,CY2025Q2I
AAPL,Balance Sheet,Long-Term Debt,LongTermDebtNoncurrent,2026,Q3,Instant,,2025-09-27,2026-07-31,10-Q,78328000000,USD,0000320193-26-000020,CY2025Q3I
AAPL,Balance Sheet,Long-Term Debt,LongTermDebtNoncurrent,2026,Q3,Instant,,2026-06-27,2026-07-31,10-Q,71340000000,USD,0000320193-26-000020,CY2026Q2I
AAPL,Balance Sheet,PP&E,PropertyPlantAndEquipmentNet,2012,FY,Instant,,2011-09-24,2012-10-31,10-K,7777000000,USD,0001193125-12-444068,
AAPL,Balance Sheet,PP&E,PropertyPlantAndEquipmentNet,2012,FY,Instant,,2012-09-29,2012-10-31,10-K,15452000000,USD,0001193125-12-444068,
AAPL,Balance Sheet,PP&E,PropertyPlantAndEquipmentNet,2013,FY,Instant,,2012-09-29,2013-10-30,10-K,15452000000,USD,0001193125-13-416534,CY2012Q3I
AAPL,Balance Sheet,PP&E,PropertyPlantAndEquipmentNet,2013,FY,Instant,,2013-09-28,2013-10-30,10-K,16597000000,USD,0001193125-13-416534,
AAPL,Balance Sheet,PP&E,PropertyPlantAndEquipmentNet,2014,FY,Instant,,2013-09-28,2014-10-27,10-K,16597000000,USD,0001193125-14-383437,
AAPL,Balance Sheet,PP&E,PropertyPlantAndEquipmentNet,2014,FY,Instant,,2014-09-27,2014-10-27,10-K,20624000000,USD,0001193125-14-383437,
AAPL,Balance Sheet,PP&E,PropertyPlantAndEquipmentNet,2015,FY,Instant,,2014-09-27,2015-10-28,10-K,20624000000,USD,0001193125-15-356351,CY2014Q3I
AAPL,Balance Sheet,PP&E,PropertyPlantAndEquipmentNet,2015,FY,Instant,,2015-09-26,2015-10-28,10-K,22471000000,USD,0001193125-15-356351,
AAPL,Balance Sheet,PP&E,PropertyPlantAndEquipmentNet,2016,FY,Instant,,2015-09-26,2016-10-26,10-K,22471000000,USD,0001628280-16-020309,CY2015Q3I
AAPL,Balance Sheet,PP&E,PropertyPlantAndEquipmentNet,2016,FY,Instant,,2016-09-24,2016-10-26,10-K,27010000000,USD,0001628280-16-020309,
AAPL,Balance Sheet,PP&E,PropertyPlantAndEquipmentNet,2017,FY,Instant,,2016-09-24,2017-11-03,10-K,27010000000,USD,0000320193-17-000070,CY2016Q3I
AAPL,Balance Sheet,PP&E,PropertyPlantAndEquipmentNet,2017,FY,Instant,,2017-09-30,2017-11-03,10-K,33783000000,USD,0000320193-17-000070,
AAPL,Balance Sheet,PP&E,PropertyPlantAndEquipmentNet,2018,FY,Instant,,2017-09-30,2018-11-05,10-K,33783000000,USD,0000320193-18-000145,CY2017Q3I
AAPL,Balance Sheet,PP&E,PropertyPlantAndEquipmentNet,2018,FY,Instant,,2018-09-29,2018-11-05,10-K,41304000000,USD,0000320193-18-000145,
AAPL,Balance Sheet,PP&E,PropertyPlantAndEquipmentNet,2019,FY,Instant,,2018-09-29,2019-10-31,10-K,41304000000,USD,0000320193-19-000119,CY2018Q3I
AAPL,Balance Sheet,PP&E,PropertyPlantAndEquipmentNet,2019,FY,Instant,,2019-09-28,2019-10-31,10-K,37378000000,USD,0000320193-19-000119,
AAPL,Balance Sheet,PP&E,PropertyPlantAndEquipmentNet,2020,FY,Instant,,2019-09-28,2020-10-30,10-K,37378000000,USD,0000320193-20-000096,CY2019Q3I
AAPL,Balance Sheet,PP&E,PropertyPlantAndEquipmentNet,2020,FY,Instant,,2020-09-26,2020-10-30,10-K,36766000000,USD,0000320193-20-000096,
AAPL,Balance Sheet,PP&E,PropertyPlantAndEquipmentNet,2021,FY,Instant,,2020-09-26,2021-10-29,10-K,36766000000,USD,0000320193-21-000105,CY2020Q3I
AAPL,Balance Sheet,PP&E,PropertyPlantAndEquipmentNet,2021,FY,Instant,,2021-09-25,2021-10-29,10-K,39440000000,USD,0000320193-21-000105,
AAPL,Balance Sheet,PP&E,PropertyPlantAndEquipmentNet,2022,FY,Instant,,2021-09-25,2022-10-28,10-K,39440000000,USD,0000320193-22-000108,CY2021Q3I
AAPL,Balance Sheet,PP&E,PropertyPlantAndEquipmentNet,2022,FY,Instant,,2022-09-24,2022-10-28,10-K,42117000000,USD,0000320193-22-000108,
AAPL,Balance Sheet,PP&E,PropertyPlantAndEquipmentNet,2023,FY,Instant,,2022-09-24,2023-11-03,10-K,42117000000,USD,0000320193-23-000106,CY2022Q3I
AAPL,Balance Sheet,PP&E,PropertyPlantAndEquipmentNet,2023,FY,Instant,,2023-09-30,2023-11-03,10-K,43715000000,USD,0000320193-23-000106,
AAPL,Balance Sheet,PP&E,PropertyPlantAndEquipmentNet,2024,FY,Instant,,2023-09-30,2024-11-01,10-K,43715000000,USD,0000320193-24-000123,CY2023Q3I
AAPL,Balance Sheet,PP&E,PropertyPlantAndEquipmentNet,2024,FY,Instant,,2024-09-28,2024-11-01,10-K,45680000000,USD,0000320193-24-000123,
AAPL,Balance Sheet,PP&E,PropertyPlantAndEquipmentNet,2025,FY,Instant,,2024-09-28,2025-10-31,10-K,45680000000,USD,0000320193-25-000079,CY2024Q3I
AAPL,Balance Sheet,PP&E,PropertyPlantAndEquipmentNet,2025,FY,Instant,,2025-09-27,2025-10-31,10-K,49834000000,USD,0000320193-25-000079,
AAPL,Balance Sheet,PP&E,PropertyPlantAndEquipmentNet,2013,Q1,Instant,,2012-09-29,2013-01-24,10-Q,15452000000,USD,0001193125-13-022339,
AAPL,Balance Sheet,PP&E,PropertyPlantAndEquipmentNet,2013,Q1,Instant,,2012-12-29,2013-01-24,10-Q,15422000000,USD,0001193125-13-022339,CY2012Q4I
AAPL,Balance Sheet,PP&E,PropertyPlantAndEquipmentNet,2014,Q1,Instant,,2013-09-28,2014-01-28,10-Q,16597000000,USD,0001193125-14-024487,
AAPL,Balance Sheet,PP&E,PropertyPlantAndEquipmentNet,2014,Q1,Instant,,2013-12-28,2014-01-28,10-Q,15488000000,USD,0001193125-14-024487,CY2013Q4I
AAPL,Balance Sheet,PP&E,PropertyPlantAndEquipmentNet,2015,Q1,Instant,,2014-09-27,2015-01-28,10-Q,20624000000,USD,0001193125-15-023697,
AAPL,Balance Sheet,PP&E,PropertyPlantAndEquipmentNet,2015,Q1,Instant,,2014-12-27,2015-01-28,10-Q,20392000000,USD,0001193125-15-023697,CY2014Q4I
AAPL,Balance Sheet,PP&E,PropertyPlantAndEquipmentNet,2016,Q1,Instant,,2015-09-26,2016-01-27,10-Q,22471000000,USD,0001193125-16-439878,
AAPL,Balance Sheet,PP&E,PropertyPlantAndEquipmentNet,2016,Q1,Instant,,2015-12-26,2016-01-27,10-Q,22300000000,USD,0001193125-16-439878,CY2015Q4I
AAPL,Balance Sheet,PP&E,PropertyPlantAndEquipmentNet,2017,Q1,Instant,,2016-09-24,2017-02-01,10-Q,27010000000,USD,0001628280-17-000717,
AAPL,Balance Sheet,PP&E,PropertyPlantAndEquipmentNet,2017,Q1,Instant,,2016-12-31,2017-02-01,10-Q,26510000000,USD,0001628280-17-000717,CY2016Q4I
AAPL,Balance Sheet,PP&E,PropertyPlantAndEquipmentNet,2018,Q1,Instant,,2017-09-30,2018-02-02,10-Q,33783000000,USD,0000320193-18-000007,
AAPL,Balance Sheet,PP&E,PropertyPlantAndEquipmentNet,2018,Q1,Instant,,2017-12-30,2018-02-02,10-Q,33679000000,USD,0000320193-18-000007,CY2017Q4I
AAPL,Balance Sheet,PP&E,PropertyPlantAndEquipmentNet,2019,Q1,Instant,,2018-09-29,2019-01-30,10-Q,41304000000,USD,0000320193-19-000010,
AAPL,Balance Sheet,PP&E,PropertyPlantAndEquipmentNet,2019,Q1,Instant,,2018-12-29,2019-01-30,10-Q,39597000000,USD,0000320193-19-000010,CY2018Q4I
AAPL,Balance Sheet,PP&E,PropertyPlantAndEquipmentNet,2020,Q1,Instant,,2019-09-28,2020-01-29,10-Q,37378000000,USD,0000320193-20-000010,
AAPL,Balance Sheet,PP&E,PropertyPlantAndEquipmentNet,2020,Q1,Instant,,2019-12-28,2020-01-29,10-Q,37031000000,USD,0000320193-20-000010,CY2019Q4I
AAPL,Balance Sheet,PP&E,PropertyPlantAndEquipmentNet,2021,Q1,Instant,,2020-09-26,2021-01-28,10-Q,36766000000,USD,0000320193-21-000010,
AAPL,Balance Sheet,PP&E,PropertyPlantAndEquipmentNet,2021,Q1,Instant,,2020-12-26,2021-01-28,10-Q,37933000000,USD,0000320193-21-000010,CY2020Q4I
AAPL,Balance Sheet,PP&E,PropertyPlantAndEquipmentNet,2022,Q1,Instant,,2021-09-25,2022-01-28,10-Q,39440000000,USD,0000320193-22-000007,
AAPL,Balance Sheet,PP&E,PropertyPlantAndEquipmentNet,2022,Q1,Instant,,2021-12-25,2022-01-28,10-Q,39245000000,USD,0000320193-22-000007,CY2021Q4I
AAPL,Balance Sheet,PP&E,PropertyPlantAndEquipmentNet,2023,Q1,Instant,,2022-09-24,2023-02-03,10-Q,42117000000,USD,0000320193-23-000006,
AAPL,Balance Sheet,PP&E,PropertyPlantAndEquipmentNet,2023,Q1,Instant,,2022-12-31,2023-02-03,10-Q,42951000000,USD,0000320193-23-000006,CY2022Q4I
AAPL,Balance Sheet,PP&E,PropertyPlantAndEquipmentNet,2024,Q1,Instant,,2023-09-30,2024-02-02,10-Q,43715000000,USD,0000320193-24-000006,
AAPL,Balance Sheet,PP&E,PropertyPlantAndEquipmentNet,2024,Q1,Instant,,2023-12-30,2024-02-02,10-Q,43666000000,USD,0000320193-24-000006,CY2023Q4I
AAPL,Balance Sheet,PP&E,PropertyPlantAndEquipmentNet,2025,Q1,Instant,,2024-09-28,2025-01-31,10-Q,45680000000,USD,0000320193-25-000008,
AAPL,Balance Sheet,PP&E,PropertyPlantAndEquipmentNet,2025,Q1,Instant,,2024-12-28,2025-01-31,10-Q,46069000000,USD,0000320193-25-000008,CY2024Q4I
AAPL,Balance Sheet,PP&E,PropertyPlantAndEquipmentNet,2026,Q1,Instant,,2025-09-27,2026-01-30,10-Q,49834000000,USD,0000320193-26-000006,
AAPL,Balance Sheet,PP&E,PropertyPlantAndEquipmentNet,2026,Q1,Instant,,2025-12-27,2026-01-30,10-Q,50159000000,USD,0000320193-26-000006,CY2025Q4I
AAPL,Balance Sheet,PP&E,PropertyPlantAndEquipmentNet,2012,Q2,Instant,,2011-09-24,2012-04-25,10-Q,7777000000,USD,0001193125-12-182321,
AAPL,Balance Sheet,PP&E,PropertyPlantAndEquipmentNet,2012,Q2,Instant,,2012-03-31,2012-04-25,10-Q,8847000000,USD,0001193125-12-182321,CY2012Q1I
AAPL,Balance Sheet,PP&E,PropertyPlantAndEquipmentNet,2013,Q2,Instant,,2012-09-29,2013-04-24,10-Q,15452000000,USD,0001193125-13-168288,
AAPL,Balance Sheet,PP&E,PropertyPlantAndEquipmentNet,2013,Q2,Instant,,2013-03-30,2013-04-24,10-Q,15026000000,USD,0001193125-13-168288,CY2013Q1I
AAPL,Balance Sheet,PP&E,PropertyPlantAndEquipmentNet,2014,Q2,Instant,,2013-09-28,2014-04-24,10-Q,16597000000,USD,0001193125-14-157311,
AAPL,Balance Sheet,PP&E,PropertyPlantAndEquipmentNet,2014,Q2,Instant,,2014-03-29,2014-04-24,10-Q,15120000000,USD,0001193125-14-157311,CY2014Q1I
AAPL,Balance Sheet,PP&E,PropertyPlantAndEquipmentNet,2015,Q2,Instant,,2014-09-27,2015-04-28,10-Q,20624000000,USD,0001193125-15-153166,
AAPL,Balance Sheet,PP&E,PropertyPlantAndEquipmentNet,2015,Q2,Instant,,2015-03-28,2015-04-28,10-Q,20151000000,USD,0001193125-15-153166,CY2015Q1I
AAPL,Balance Sheet,PP&E,PropertyPlantAndEquipmentNet,2016,Q2,Instant,,2015-09-26,2016-04-27,10-Q,22471000000,USD,0001193125-16-559625,
AAPL,Balance Sheet,PP&E,PropertyPlantAndEquipmentNet,2016,Q2,Instant,,2016-03-26,2016-04-27,10-Q,23203000000,USD,0001193125-16-559625,CY2016Q1I
AAPL,Balance Sheet,PP&E,PropertyPlantAndEquipmentNet,2017,Q2,Instant,,2016-09-24,2017-05-03,10-Q,27010000000,USD,0001628280-17-004790,
AAPL,Balance Sheet,PP&E,PropertyPlantAndEquipmentNet,2017,Q2,Instant,,2017-04-01,2017-05-03,10-Q,27163000000,USD,0001628280-17-004790,CY2017Q1I
AAPL,Balance Sheet,PP&E,PropertyPlantAndEquipmentNet,2018,Q2,Instant,,2017-09-30,2018-05-02,10-Q,33783000000,USD,0000320193-18-000070,
AAPL,Balance Sheet,PP&E,PropertyPlantAndEquipmentNet,2018,Q2,Instant,,2018-03-31,2018-05-02,10-Q,35077000000,USD,0000320193-18-000070,CY2018Q1I
AAPL,Balance Sheet,PP&E,PropertyPlantAndEquipmentNet,2019,Q2,Instant,,2018-09-29,2019-05-01,10-Q,41304000000,USD,0000320193-19-000066,
AAPL,Balance Sheet,PP&E,PropertyPlantAndEquipmentNet,2019,Q2,Instant,,2019-03-30,2019-05-01,10-Q,38746000000,USD,0000320193-19-000066,CY2019Q1I
AAPL,Balance Sheet,PP&E,PropertyPlantAndEquipmentNet,2020,Q2,Instant,,2019-09-28,2020-05-01,10-Q,37378000000,USD,0000320193-20-000052,
AAPL,Balance Sheet,PP&E,PropertyPlantAndEquipmentNet,2020,Q2,Instant,,2020-03-28,2020-05-01,10-Q,35889000000,USD,0000320193-20-000052,CY2020Q1I
AAPL,Balance Sheet,PP&E,PropertyPlantAndEquipmentNet,2021,Q2,Instant,,2020-09-26,2021-04-29,10-Q,36766000000,USD,0000320193-21-000056,
AAPL,Balance Sheet,PP&E,PropertyPlantAndEquipmentNet,2021,Q2,Instant,,2021-03-27,2021-04-29,10-Q,37815000000,USD,0000320193-21-000056,CY2021Q1I
AAPL,Balance Sheet,PP&E,PropertyPlantAndEquipmentNet,2022,Q2,Instant,,2021-09-25,2022-04-29,10-Q,39440000000,USD,0000320193-22-000059,
AAPL,Balance Sheet,PP&E,PropertyPlantAndEquipmentNet,2022,Q2,Instant,,2022-03-26,2022-04-29,10-Q,39304000000,USD,0000320193-22-000059,CY2022Q1I
AAPL,Balance Sheet,PP&E,PropertyPlantAndEquipmentNet,2023,Q2,Instant,,2022-09-24,2023-05-05,10-Q,42117000000,USD,0000320193-23-000064,
AAPL,Balance Sheet,PP&E,PropertyPlantAndEquipmentNet,2023,Q2,Instant,,2023-04-01,2023-05-05,10-Q,43398000000,USD,0000320193-23-000064,CY2023Q1I
AAPL,Balance Sheet,PP&E,PropertyPlantAndEquipmentNet,2024,Q2,Instant,,2023-09-30,2024-05-03,10-Q,43715000000,USD,0000320193-24-000069,
AAPL,Balance Sheet,PP&E,PropertyPlantAndEquipmentNet,2024,Q2,Instant,,2024-03-30,2024-05-03,10-Q,43546000000,USD,0000320193-24-000069,CY2024Q1I
AAPL,Balance Sheet,PP&E,PropertyPlantAndEquipmentNet,2025,Q2,Instant,,2024-09-28,2025-05-02,10-Q,45680000000,USD,0000320193-25-000057,
AAPL,Balance Sheet,PP&E,PropertyPlantAndEquipmentNet,2025,Q2,Instant,,2025-03-29,2025-05-02,10-Q,46876000000,USD,0000320193-25-000057,CY2025Q1I
AAPL,Balance Sheet,PP&E,PropertyPlantAndEquipmentNet,2026,Q2,Instant,,2025-09-27,2026-05-01,10-Q,49834000000,USD,0000320193-26-000013,
AAPL,Balance Sheet,PP&E,PropertyPlantAndEquipmentNet,2026,Q2,Instant,,2026-03-28,2026-05-01,10-Q,50116000000,USD,0000320193-26-000013,CY2026Q1I
AAPL,Balance Sheet,PP&E,PropertyPlantAndEquipmentNet,2012,Q3,Instant,,2011-09-24,2012-07-25,10-Q,7777000000,USD,0001193125-12-314552,
AAPL,Balance Sheet,PP&E,PropertyPlantAndEquipmentNet,2012,Q3,Instant,,2012-06-30,2012-07-25,10-Q,10487000000,USD,0001193125-12-314552,CY2012Q2I
AAPL,Balance Sheet,PP&E,PropertyPlantAndEquipmentNet,2013,Q3,Instant,,2012-09-29,2013-07-24,10-Q,15452000000,USD,0001193125-13-300670,
AAPL,Balance Sheet,PP&E,PropertyPlantAndEquipmentNet,2013,Q3,Instant,,2013-06-29,2013-07-24,10-Q,16327000000,USD,0001193125-13-300670,CY2013Q2I
AAPL,Balance Sheet,PP&E,PropertyPlantAndEquipmentNet,2014,Q3,Instant,,2013-09-28,2014-07-23,10-Q,16597000000,USD,0001193125-14-277160,
AAPL,Balance Sheet,PP&E,PropertyPlantAndEquipmentNet,2014,Q3,Instant,,2014-06-28,2014-07-23,10-Q,17585000000,USD,0001193125-14-277160,CY2014Q2I
AAPL,Balance Sheet,PP&E,PropertyPlantAndEquipmentNet,2015,Q3,Instant,,2014-09-27,2015-07-22,10-Q,20624000000,USD,0001193125-15-259935,
AAPL,Balance Sheet,PP&E,PropertyPlantAndEquipmentNet,2015,Q3,Instant,,2015-06-27,2015-07-22,10-Q,21149000000,USD,0001193125-15-259935,CY2015Q2I
AAPL,Balance Sheet,PP&E,PropertyPlantAndEquipmentNet,2016,Q3,Instant,,2015-09-26,2016-07-27,10-Q,22471000000,USD,0001628280-16-017809,
AAPL,Balance Sheet,PP&E,PropertyPlantAndEquipmentNet,2016,Q3,Instant,,2016-06-25,2016-07-27,10-Q,25448000000,USD,0001628280-16-017809,CY2016Q2I
AAPL,Balance Sheet,PP&E,PropertyPlantAndEquipmentNet,2017,Q3,Instant,,2016-09-24,2017-08-02,10-Q,27010000000,USD,0000320193-17-000009,
AAPL,Balance Sheet,PP&E,PropertyPlantAndEquipmentNet,2017,Q3,Instant,,2017-07-01,2017-08-02,10-Q,29286000000,USD,0000320193-17-000009,CY2017Q2I
AAPL,Balance Sheet,PP&E,PropertyPlantAndEquipmentNet,2018,Q3,Instant,,2017-09-30,2018-08-01,10-Q,33783000000,USD,0000320193-18-000100,
AAPL,Balance Sheet,PP&E,PropertyPlantAndEquipmentNet,2018,Q3,Instant,,2018-06-30,2018-08-01,10-Q,38117000000,USD,0000320193-18-000100,CY2018Q2I
AAPL,Balance Sheet,PP&E,PropertyPlantAndEquipmentNet,2019,Q3,Instant,,2018-09-29,2019-07-31,10-Q,41304000000,USD,0000320193-19-000076,
AAPL,Balance Sheet,PP&E,PropertyPlantAndEquipmentNet,2019,Q3,Instant,,2019-06-29,2019-07-31,10-Q,37636000000,USD,0000320193-19-000076,CY2019Q2I
AAPL,Balance Sheet,PP&E,PropertyPlantAndEquipmentNet,2020,Q3,Instant,,2019-09-28,2020-07-31,10-Q,37378000000,USD,0000320193-20-000062,
AAPL,Balance Sheet,PP&E,PropertyPlantAndEquipmentNet,2020,Q3,Instant,,2020-06-27,2020-07-31,10-Q,35687000000,USD,0000320193-20-000062,CY2020Q2I
AAPL,Balance Sheet,PP&E,PropertyPlantAndEquipmentNet,2021,Q3,Instant,,2020-09-26,2021-07-28,10-Q,36766000000,USD,0000320193-21-000065,
AAPL,Balance Sheet,PP&E,PropertyPlantAndEquipmentNet,2021,Q3,Instant,,2021-06-26,2021-07-28,10-Q,38615000000,USD,0000320193-21-000065,CY2021Q2I
AAPL,Balance Sheet,PP&E,PropertyPlantAndEquipmentNet,2022,Q3,Instant,,2021-09-25,2022-07-29,10-Q,39440000000,USD,0000320193-22-000070,
AAPL,Balance Sheet,PP&E,PropertyPlantAndEquipmentNet,2022,Q3,Instant,,2022-06-25,2022-07-29,10-Q,40335000000,USD,0000320193-22-000070,CY2022Q2I
AAPL,Balance Sheet,PP&E,PropertyPlantAndEquipmentNet,2023,Q3,Instant,,2022-09-24,2023-08-04,10-Q,42117000000,USD,0000320193-23-000077,
AAPL,Balance Sheet,PP&E,PropertyPlantAndEquipmentNet,2023,Q3,Instant,,2023-07-01,2023-08-04,10-Q,43550000000,USD,0000320193-23-000077,CY2023Q2I
AAPL,Balance Sheet,PP&E,PropertyPlantAndEquipmentNet,2024,Q3,Instant,,2023-09-30,2024-08-02,10-Q,43715000000,USD,0000320193-24-000081,
AAPL,Balance Sheet,PP&E,PropertyPlantAndEquipmentNet,2024,Q3,Instant,,2024-06-29,2024-08-02,10-Q,44502000000,USD,0000320193-24-000081,CY2024Q2I
AAPL,Balance Sheet,PP&E,PropertyPlantAndEquipmentNet,2025,Q3,Instant,,2024-09-28,2025-08-01,10-Q,45680000000,USD,0000320193-25-000073,
AAPL,Balance Sheet,PP&E,PropertyPlantAndEquipmentNet,2025,Q3,Instant,,2025-06-28,2025-08-01,10-Q,48508000000,USD,0000320193-25-000073,CY2025Q2I
AAPL,Balance Sheet,PP&E,PropertyPlantAndEquipmentNet,2026,Q3,Instant,,2025-09-27,2026-07-31,10-Q,49834000000,USD,0000320193-26-000020,CY2025Q3I
AAPL,Balance Sheet,PP&E,PropertyPlantAndEquipmentNet,2026,Q3,Instant,,2026-06-27,2026-07-31,10-Q,51431000000,USD,0000320193-26-000020,CY2026Q2I
AAPL,Balance Sheet,Stockholders Equity,StockholdersEquity,2009,FY,Instant,,2006-09-30,2009-10-27,10-K,9984000000,USD,0001193125-09-214859,
AAPL,Balance Sheet,Stockholders Equity,StockholdersEquity,2009,FY,Instant,,2007-09-29,2009-10-27,10-K,14532000000,USD,0001193125-09-214859,
AAPL,Balance Sheet,Stockholders Equity,StockholdersEquity,2010,FY,Instant,,2007-09-29,2010-10-27,10-K,14531000000,USD,0001193125-10-238044,CY2007Q3I
AAPL,Balance Sheet,Stockholders Equity,StockholdersEquity,2009,FY,Instant,,2008-09-27,2009-10-27,10-K,21030000000,USD,0001193125-09-214859,
AAPL,Balance Sheet,Stockholders Equity,StockholdersEquity,2010,FY,Instant,,2008-09-27,2010-10-27,10-K,22297000000,USD,0001193125-10-238044,
AAPL,Balance Sheet,Stockholders Equity,StockholdersEquity,2011,FY,Instant,,2008-09-27,2011-10-26,10-K,22297000000,USD,0001193125-11-282113,CY2008Q3I
AAPL,Balance Sheet,Stockholders Equity,StockholdersEquity,2009,FY,Instant,,2009-09-26,2009-10-27,10-K,27832000000,USD,0001193125-09-214859,
AAPL,Balance Sheet,Stockholders Equity,StockholdersEquity,2010,FY,Instant,,2009-09-26,2010-10-27,10-K,31640000000,USD,0001193125-10-238044,
AAPL,Balance Sheet,Stockholders Equity,StockholdersEquity,2011,FY,Instant,,2009-09-26,2011-10-26,10-K,31640000000,USD,0001193125-11-282113,
AAPL,Balance Sheet,Stockholders Equity,StockholdersEquity,2012,FY,Instant,,2009-09-26,2012-10-31,10-K,31640000000,USD,0001193125-12-444068,
AAPL,Balance Sheet,Stockholders Equity,StockholdersEquity,2010,FY,Instant,,2010-09-25,2010-10-27,10-K,47791000000,USD,0001193125-10-238044,
AAPL,Balance Sheet,Stockholders Equity,StockholdersEquity,2011,FY,Instant,,2010-09-25,2011-10-26,10-K,47791000000,USD,0001193125-11-282113,
AAPL,Balance Sheet,Stockholders Equity,StockholdersEquity,2012,FY,Instant,,2010-09-25,2012-10-31,10-K,47791000000,USD,0001193125-12-444068,
AAPL,Balance Sheet,Stockholders Equity,StockholdersEquity,2013,FY,Instant,,2010-09-25,2013-10-30,10-K,47791000000,USD,0001193125-13-416534,CY2010Q3I
AAPL,Balance Sheet,Stockholders Equity,StockholdersEquity,2011,FY,Instant,,2011-09-24,2011-10-26,10-K,76615000000,USD,0001193125-11-282113,
AAPL,Balance Sheet,Stockholders Equity,StockholdersEquity,2012,FY,Instant,,2011-09-24,2012-10-31,10-K,76615000000,USD,0001193125-12-444068,
AAPL,Balance Sheet,Stockholders Equity,StockholdersEquity,2013,FY,Instant,,2011-09-24,2013-10-30,10-K,76615000000,USD,0001193125-13-416534,
AAPL,Balance Sheet,Stockholders Equity,StockholdersEquity,2014,FY,Instant,,2011-09-24,2014-10-27,10-K,76615000000,USD,0001193125-14-383437,
AAPL,Balance Sheet,Stockholders Equity,StockholdersEquity,2012,FY,Instant,,2012-09-29,2012-10-31,10-K,118210000000,USD,0001193125-12-444068,
AAPL,Balance Sheet,Stockholders Equity,StockholdersEquity,2013,FY,Instant,,2012-09-29,2013-10-30,10-K,118210000000,USD,0001193125-13-416534,
AAPL,Balance Sheet,Stockholders Equity,StockholdersEquity,2014,FY,Instant,,2012-09-29,2014-10-27,10-K,118210000000,USD,0001193125-14-383437,
AAPL,Balance Sheet,Stockholders Equity,StockholdersEquity,2015,FY,Instant,,2012-09-29,2015-10-28,10-K,118210000000,USD,0001193125-15-356351,CY2012Q3I
AAPL,Balance Sheet,Stockholders Equity,StockholdersEquity,2013,FY,Instant,,2013-09-28,2013-10-30,10-K,123549000000,USD,0001193125-13-416534,
AAPL,Balance Sheet,Stockholders Equity,StockholdersEquity,2014,FY,Instant,,2013-09-28,2014-10-27,10-K,123549000000,USD,0001193125-14-383437,
AAPL,Balance Sheet,Stockholders Equity,StockholdersEquity,2015,FY,Instant,,2013-09-28,2015-10-28,10-K,123549000000,USD,0001193125-15-356351,
AAPL,Balance Sheet,Stockholders Equity,StockholdersEquity,2016,FY,Instant,,2013-09-28,2016-10-26,10-K,123549000000,USD,0001628280-16-020309,CY2013Q3I
AAPL,Balance Sheet,Stockholders Equity,StockholdersEquity,2014,FY,Instant,,2014-09-27,2014-10-27,10-K,111547000000,USD,0001193125-14-383437,
AAPL,Balance Sheet,Stockholders Equity,StockholdersEquity,2015,FY,Instant,,2014-09-27,2015-10-28,10-K,111547000000,USD,0001193125-15-356351,
AAPL,Balance Sheet,Stockholders Equity,StockholdersEquity,2016,FY,Instant,,2014-09-27,2016-10-26,10-K,111547000000,USD,0001628280-16-020309,
AAPL,Balance Sheet,Stockholders Equity,StockholdersEquity,2017,FY,Instant,,2014-09-27,2017-11-03,10-K,111547000000,USD,0000320193-17-000070,CY2014Q3I
AAPL,Balance Sheet,Stockholders Equity,StockholdersEquity,2015,FY,Instant,,2015-09-26,2015-10-28,10-K,119355000000,USD,0001193125-15-356351,
AAPL,Balance Sheet,Stockholders Equity,StockholdersEquity,2016,FY,Instant,,2015-09-26,2016-10-26,10-K,119355000000,USD,0001628280-16-020309,
AAPL,Balance Sheet,Stockholders Equity,StockholdersEquity,2017,FY,Instant,,2015-09-26,2017-11-03,10-K,119355000000,USD,0000320193-17-000070,
AAPL,Balance Sheet,Stockholders Equity,StockholdersEquity,2018,FY,Instant,,2015-09-26,2018-11-05,10-K,119355000000,USD,0000320193-18-000145,CY2015Q3I
AAPL,Balance Sheet,Stockholders Equity,StockholdersEquity,2016,FY,Instant,,2016-09-24,2016-10-26,10-K,128249000000,USD,0001628280-16-020309,
AAPL,Balance Sheet,Stockholders Equity,StockholdersEquity,2017,FY,Instant,,2016-09-24,2017-11-03,10-K,128249000000,USD,0000320193-17-000070,
AAPL,Balance Sheet,Stockholders Equity,StockholdersEquity,2018,FY,Instant,,2016-09-24,2018-11-05,10-K,128249000000,USD,0000320193-18-000145,
AAPL,Balance Sheet,Stockholders Equity,StockholdersEquity,2019,FY,Instant,,2016-09-24,2019-10-31,10-K,128249000000,USD,0000320193-19-000119,CY2016Q3I
AAPL,Balance Sheet,Stockholders Equity,StockholdersEquity,2017,FY,Instant,,2017-09-30,2017-11-03,10-K,134047000000,USD,0000320193-17-000070,
AAPL,Balance Sheet,Stockholders Equity,StockholdersEquity,2018,FY,Instant,,2017-09-30,2018-11-05,10-K,134047000000,USD,0000320193-18-000145,
AAPL,Balance Sheet,Stockholders Equity,StockholdersEquity,2019,FY,Instant,,2017-09-30,2019-10-31,10-K,134047000000,USD,0000320193-19-000119,
AAPL,Balance Sheet,Stockholders Equity,StockholdersEquity,2020,FY,Instant,,2017-09-30,2020-10-30,10-K,134047000000,USD,0000320193-20-000096,CY2017Q3I
AAPL,Balance Sheet,Stockholders Equity,StockholdersEquity,2018,FY,Instant,,2018-09-29,2018-11-05,10-K,107147000000,USD,0000320193-18-000145,
AAPL,Balance Sheet,Stockholders Equity,StockholdersEquity,2019,FY,Instant,,2018-09-29,2019-10-31,10-K,107147000000,USD,0000320193-19-000119,
AAPL,Balance Sheet,Stockholders Equity,StockholdersEquity,2020,FY,Instant,,2018-09-29,2020-10-30,10-K,107147000000,USD,0000320193-20-000096,
AAPL,Balance Sheet,Stockholders Equity,StockholdersEquity,2021,FY,Instant,,2018-09-29,2021-10-29,10-K,107147000000,USD,0000320193-21-000105,CY2018Q3I
AAPL,Balance Sheet,Stockholders Equity,StockholdersEquity,2019,FY,Instant,,2019-09-28,2019-10-31,10-K,90488000000,USD,0000320193-19-000119,
AAPL,Balance Sheet,Stockholders Equity,StockholdersEquity,2020,FY,Instant,,2019-09-28,2020-10-30,10-K,90488000000,USD,0000320193-20-000096,
AAPL,Balance Sheet,Stockholders Equity,StockholdersEquity,2021,FY,Instant,,2019-09-28,2021-10-29,10-K,90488000000,USD,0000320193-21-000105,
AAPL,Balance Sheet,Stockholders Equity,StockholdersEquity,2022,FY,Instant,,2019-09-28,2022-10-28,10-K,90488000000,USD,0000320193-22-000108,CY2019Q3I
AAPL,Balance Sheet,Stockholders Equity,StockholdersEquity,2020,FY,Instant,,2020-09-26,2020-10-30,10-K,65339000000,USD,0000320193-20-000096,
AAPL,Balance Sheet,Stockholders Equity,StockholdersEquity,2021,FY,Instant,,2020-09-26,2021-10-29,10-K,65339000000,USD,0000320193-21-000105,
AAPL,Balance Sheet,Stockholders Equity,StockholdersEquity,2022,FY,Instant,,2020-09-26,2022-10-28,10-K,65339000000,USD,0000320193-22-000108,
AAPL,Balance Sheet,Stockholders Equity,StockholdersEquity,2023,FY,Instant,,2020-09-26,2023-11-03,10-K,65339000000,USD,0000320193-23-000106,CY2020Q3I
AAPL,Balance Sheet,Stockholders Equity,StockholdersEquity,2021,FY,Instant,,2021-09-25,2021-10-29,10-K,63090000000,USD,0000320193-21-000105,
AAPL,Balance Sheet,Stockholders Equity,StockholdersEquity,2022,FY,Instant,,2021-09-25,2022-10-28,10-K,63090000000,USD,0000320193-22-000108,
AAPL,Balance Sheet,Stockholders Equity,StockholdersEquity,2023,FY,Instant,,2021-09-25,2023-11-03,10-K,63090000000,USD,0000320193-23-000106,
AAPL,Balance Sheet,Stockholders Equity,StockholdersEquity,2024,FY,Instant,,2021-09-25,2024-11-01,10-K,63090000000,USD,0000320193-24-000123,CY2021Q3I
AAPL,Balance Sheet,Stockholders Equity,StockholdersEquity,2022,FY,Instant,,2022-09-24,2022-10-28,10-K,50672000000,USD,0000320193-22-000108,
AAPL,Balance Sheet,Stockholders Equity,StockholdersEquity,2023,FY,Instant,,2022-09-24,2023-11-03,10-K,50672000000,USD,0000320193-23-000106,
AAPL,Balance Sheet,Stockholders Equity,StockholdersEquity,2024,FY,Instant,,2022-09-24,2024-11-01,10-K,50672000000,USD,0000320193-24-000123,
AAPL,Balance Sheet,Stockholders Equity,StockholdersEquity,2025,FY,Instant,,2022-09-24,2025-10-31,10-K,50672000000,USD,0000320193-25-000079,CY2022Q3I
AAPL,Balance Sheet,Stockholders Equity,StockholdersEquity,2023,FY,Instant,,2023-09-30,2023-11-03,10-K,62146000000,USD,0000320193-23-000106,
AAPL,Balance Sheet,Stockholders Equity,StockholdersEquity,2024,FY,Instant,,2023-09-30,2024-11-01,10-K,62146000000,USD,0000320193-24-000123,
AAPL,Balance Sheet,Stockholders Equity,StockholdersEquity,2025,FY,Instant,,2023-09-30,2025-10-31,10-K,62146000000,USD,0000320193-25-000079,CY2023Q3I
AAPL,Balance Sheet,Stockholders Equity,StockholdersEquity,2024,FY,Instant,,2024-09-28,2024-11-01,10-K,56950000000,USD,0000320193-24-000123,
AAPL,Balance Sheet,Stockholders Equity,StockholdersEquity,2025,FY,Instant,,2024-09-28,2025-10-31,10-K,56950000000,USD,0000320193-25-000079,
AAPL,Balance Sheet,Stockholders Equity,StockholdersEquity,2025,FY,Instant,,2025-09-27,2025-10-31,10-K,73733000000,USD,0000320193-25-000079,
AAPL,Balance Sheet,Stockholders Equity,StockholdersEquity,2010,Q1,Instant,,2009-09-26,2010-01-25,10-Q,31640000000,USD,0001193125-10-012085,
AAPL,Balance Sheet,Stockholders Equity,StockholdersEquity,2010,Q1,Instant,,2009-12-26,2010-01-25,10-Q,35768000000,USD,0001193125-10-012085,CY2009Q4I
AAPL,Balance Sheet,Stockholders Equity,StockholdersEquity,2011,Q1,Instant,,2010-09-25,2011-01-19,10-Q,47791000000,USD,0001193125-11-010144,
AAPL,Balance Sheet,Stockholders Equity,StockholdersEquity,2011,Q1,Instant,,2010-12-25,2011-01-19,10-Q,54666000000,USD,0001193125-11-010144,CY2010Q4I
AAPL,Balance Sheet,Stockholders Equity,StockholdersEquity,2012,Q1,Instant,,2011-09-24,2012-01-25,10-Q,76615000000,USD,0001193125-12-023398,
AAPL,Balance Sheet,Stockholders Equity,StockholdersEquity,2012,Q1,Instant,,2011-12-31,2012-01-25,10-Q,90054000000,USD,0001193125-12-023398,CY2011Q4I
AAPL,Balance Sheet,Stockholders Equity,StockholdersEquity,2013,Q1,Instant,,2012-09-29,2013-01-24,10-Q,118210000000,USD,0001193125-13-022339,
AAPL,Balance Sheet,Stockholders Equity,StockholdersEquity,2013,Q1,Instant,,2012-12-29,2013-01-24,10-Q,127346000000,USD,0001193125-13-022339,CY2012Q4I
AAPL,Balance Sheet,Stockholders Equity,StockholdersEquity,2014,Q1,Instant,,2013-09-28,2014-01-28,10-Q,123549000000,USD,0001193125-14-024487,
AAPL,Balance Sheet,Stockholders Equity,StockholdersEquity,2014,Q1,Instant,,2013-12-28,2014-01-28,10-Q,129684000000,USD,0001193125-14-024487,CY2013Q4I
AAPL,Balance Sheet,Stockholders Equity,StockholdersEquity,2015,Q1,Instant,,2014-09-27,2015-01-28,10-Q,111547000000,USD,0001193125-15-023697,
AAPL,Balance Sheet,Stockholders Equity,StockholdersEquity,2015,Q1,Instant,,2014-12-27,2015-01-28,10-Q,123328000000,USD,0001193125-15-023697,CY2014Q4I
AAPL,Balance Sheet,Stockholders Equity,StockholdersEquity,2016,Q1,Instant,,2015-09-26,2016-01-27,10-Q,119355000000,USD,0001193125-16-439878,
AAPL,Balance Sheet,Stockholders Equity,StockholdersEquity,2016,Q1,Instant,,2015-12-26,2016-01-27,10-Q,128267000000,USD,0001193125-16-439878,CY2015Q4I
AAPL,Balance Sheet,Stockholders Equity,StockholdersEquity,2017,Q1,Instant,,2016-09-24,2017-02-01,10-Q,128249000000,USD,0001628280-17-000717,
AAPL,Balance Sheet,Stockholders Equity,StockholdersEquity,2017,Q1,Instant,,2016-12-31,2017-02-01,10-Q,132390000000,USD,0001628280-17-000717,CY2016Q4I
AAPL,Balance Sheet,Stockholders Equity,StockholdersEquity,2018,Q1,Instant,,2017-09-30,2018-02-02,10-Q,134047000000,USD,0000320193-18-000007,
AAPL,Balance Sheet,Stockholders Equity,StockholdersEquity,2019,Q1,Instant,,2017-09-30,2019-01-30,10-Q,134047000000,USD,0000320193-19-000010,
AAPL,Balance Sheet,Stockholders Equity,StockholdersEquity,2018,Q1,Instant,,2017-12-30,2018-02-02,10-Q,140199000000,USD,0000320193-18-000007,
AAPL,Balance Sheet,Stockholders Equity,StockholdersEquity,2019,Q1,Instant,,2017-12-30,2019-01-30,10-Q,140199000000,USD,0000320193-19-000010,
AAPL,Balance Sheet,Stockholders Equity,StockholdersEquity,2019,Q1,Instant,,2018-09-29,2019-01-30,10-Q,107147000000,USD,0000320193-19-000010,
AAPL,Balance Sheet,Stockholders Equity,StockholdersEquity,2020,Q1,Instant,,2018-09-29,2020-01-29,10-Q,107147000000,USD,0000320193-20-000010,
AAPL,Balance Sheet,Stockholders Equity,StockholdersEquity,2019,Q1,Instant,,2018-12-29,2019-01-30,10-Q,117892000000,USD,0000320193-19-000010,
AAPL,Balance Sheet,Stockholders Equity,StockholdersEquity,2020,Q1,Instant,,2018-12-29,2020-01-29,10-Q,117892000000,USD,0000320193-20-000010,
AAPL,Balance Sheet,Stockholders Equity,StockholdersEquity,2020,Q1,Instant,,2019-09-28,2020-01-29,10-Q,90488000000,USD,0000320193-20-000010,
AAPL,Balance Sheet,Stockholders Equity,StockholdersEquity,2021,Q1,Instant,,2019-09-28,2021-01-28,10-Q,90488000000,USD,0000320193-21-000010,
AAPL,Balance Sheet,Stockholders Equity,StockholdersEquity,2020,Q1,Instant,,2019-12-28,2020-01-29,10-Q,89531000000,USD,0000320193-20-000010,
AAPL,Balance Sheet,Stockholders Equity,StockholdersEquity,2021,Q1,Instant,,2019-12-28,2021-01-28,10-Q,89531000000,USD,0000320193-21-000010,
AAPL,Balance Sheet,Stockholders Equity,StockholdersEquity,2021,Q1,Instant,,2020-09-26,2021-01-28,10-Q,65339000000,USD,0000320193-21-000010,
AAPL,Balance Sheet,Stockholders Equity,StockholdersEquity,2022,Q1,Instant,,2020-09-26,2022-01-28,10-Q,65339000000,USD,0000320193-22-000007,
AAPL,Balance Sheet,Stockholders Equity,StockholdersEquity,2021,Q1,Instant,,2020-12-26,2021-01-28,10-Q,66224000000,USD,0000320193-21-000010,
AAPL,Balance Sheet,Stockholders Equity,StockholdersEquity,2022,Q1,Instant,,2020-12-26,2022-01-28,10-Q,66224000000,USD,0000320193-22-000007,
AAPL,Balance Sheet,Stockholders Equity,StockholdersEquity,2022,Q1,Instant,,2021-09-25,2022-01-28,10-Q,63090000000,USD,0000320193-22-000007,
AAPL,Balance Sheet,Stockholders Equity,StockholdersEquity,2023,Q1,Instant,,2021-09-25,2023-02-03,10-Q,63090000000,USD,0000320193-23-000006,
AAPL,Balance Sheet,Stockholders Equity,StockholdersEquity,2022,Q1,Instant,,2021-12-25,2022-01-28,10-Q,71932000000,USD,0000320193-22-000007,
AAPL,Balance Sheet,Stockholders Equity,StockholdersEquity,2023,Q1,Instant,,2021-12-25,2023-02-03,10-Q,71932000000,USD,0000320193-23-000006,
AAPL,Balance Sheet,Stockholders Equity,StockholdersEquity,2023,Q1,Instant,,2022-09-24,2023-02-03,10-Q,50672000000,USD,0000320193-23-000006,
AAPL,Balance Sheet,Stockholders Equity,StockholdersEquity,2024,Q1,Instant,,2022-09-24,2024-02-02,10-Q,50672000000,USD,0000320193-24-000006,
AAPL,Balance Sheet,Stockholders Equity,StockholdersEquity,2023,Q1,Instant,,2022-12-31,2023-02-03,10-Q,56727000000,USD,0000320193-23-000006,
AAPL,Balance Sheet,Stockholders Equity,StockholdersEquity,2024,Q1,Instant,,2022-12-31,2024-02-02,10-Q,56727000000,USD,0000320193-24-000006,
AAPL,Balance Sheet,Stockholders Equity,StockholdersEquity,2024,Q1,Instant,,2023-09-30,2024-02-02,10-Q,62146000000,USD,0000320193-24-000006,
AAPL,Balance Sheet,Stockholders Equity,StockholdersEquity,2025,Q1,Instant,,2023-09-30,2025-01-31,10-Q,62146000000,USD,0000320193-25-000008,
AAPL,Balance Sheet,Stockholders Equity,StockholdersEquity,2024,Q1,Instant,,2023-12-30,2024-02-02,10-Q,74100000000,USD,0000320193-24-000006,
AAPL,Balance Sheet,Stockholders Equity,StockholdersEquity,2025,Q1,Instant,,2023-12-30,2025-01-31,10-Q,74100000000,USD,0000320193-25-000008,
AAPL,Balance Sheet,Stockholders Equity,StockholdersEquity,2025,Q1,Instant,,2024-09-28,2025-01-31,10-Q,56950000000,USD,0000320193-25-000008,
AAPL,Balance Sheet,Stockholders Equity,StockholdersEquity,2026,Q1,Instant,,2024-09-28,2026-01-30,10-Q,56950000000,USD,0000320193-26-000006,
AAPL,Balance Sheet,Stockholders Equity,StockholdersEquity,2025,Q1,Instant,,2024-12-28,2025-01-31,10-Q,66758000000,USD,0000320193-25-000008,
AAPL,Balance Sheet,Stockholders Equity,StockholdersEquity,2026,Q1,Instant,,2024-12-28,2026-01-30,10-Q,66758000000,USD,0000320193-26-000006,
AAPL,Balance Sheet,Stockholders Equity,StockholdersEquity,2026,Q1,Instant,,2025-09-27,2026-01-30,10-Q,73733000000,USD,0000320193-26-000006,
AAPL,Balance Sheet,Stockholders Equity,StockholdersEquity,2026,Q1,Instant,,2025-12-27,2026-01-30,10-Q,88190000000,USD,0000320193-26-000006,
AAPL,Balance Sheet,Stockholders Equity,StockholdersEquity,2010,Q2,Instant,,2009-09-26,2010-04-21,10-Q,31640000000,USD,0001193125-10-088957,
AAPL,Balance Sheet,Stockholders Equity,StockholdersEquity,2010,Q2,Instant,,2010-03-27,2010-04-21,10-Q,39348000000,USD,0001193125-10-088957,CY2010Q1I
AAPL,Balance Sheet,Stockholders Equity,StockholdersEquity,2011,Q2,Instant,,2010-09-25,2011-04-21,10-Q,47791000000,USD,0001193125-11-104388,
AAPL,Balance Sheet,Stockholders Equity,StockholdersEquity,2011,Q2,Instant,,2011-03-26,2011-04-21,10-Q,61477000000,USD,0001193125-11-104388,CY2011Q1I
AAPL,Balance Sheet,Stockholders Equity,StockholdersEquity,2012,Q2,Instant,,2011-09-24,2012-04-25,10-Q,76615000000,USD,0001193125-12-182321,
AAPL,Balance Sheet,Stockholders Equity,StockholdersEquity,2012,Q2,Instant,,2012-03-31,2012-04-25,10-Q,102498000000,USD,0001193125-12-182321,CY2012Q1I
AAPL,Balance Sheet,Stockholders Equity,StockholdersEquity,2013,Q2,Instant,,2012-09-29,2013-04-24,10-Q,118210000000,USD,0001193125-13-168288,
AAPL,Balance Sheet,Stockholders Equity,StockholdersEquity,2013,Q2,Instant,,2013-03-30,2013-04-24,10-Q,135490000000,USD,0001193125-13-168288,CY2013Q1I
AAPL,Balance Sheet,Stockholders Equity,StockholdersEquity,2014,Q2,Instant,,2013-09-28,2014-04-24,10-Q,123549000000,USD,0001193125-14-157311,
AAPL,Balance Sheet,Stockholders Equity,StockholdersEquity,2014,Q2,Instant,,2014-03-29,2014-04-24,10-Q,120179000000,USD,0001193125-14-157311,CY2014Q1I
AAPL,Balance Sheet,Stockholders Equity,StockholdersEquity,2015,Q2,Instant,,2014-09-27,2015-04-28,10-Q,111547000000,USD,0001193125-15-153166,
AAPL,Balance Sheet,Stockholders Equity,StockholdersEquity,2015,Q2,Instant,,2015-03-28,2015-04-28,10-Q,129006000000,USD,0001193125-15-153166,CY2015Q1I
AAPL,Balance Sheet,Stockholders Equity,StockholdersEquity,2016,Q2,Instant,,2015-09-26,2016-04-27,10-Q,119355000000,USD,0001193125-16-559625,
AAPL,Balance Sheet,Stockholders Equity,StockholdersEquity,2016,Q2,Instant,,2016-03-26,2016-04-27,10-Q,130457000000,USD,0001193125-16-559625,CY2016Q1I
AAPL,Balance Sheet,Stockholders Equity,StockholdersEquity,2017,Q2,Instant,,2016-09-24,2017-05-03,10-Q,128249000000,USD,0001628280-17-004790,
AAPL,Balance Sheet,Stockholders Equity,StockholdersEquity,2017,Q2,Instant,,2017-04-01,2017-05-03,10-Q,134082000000,USD,0001628280-17-004790,CY2017Q1I
AAPL,Balance Sheet,Stockholders Equity,StockholdersEquity,2018,Q2,Instant,,2017-09-30,2018-05-02,10-Q,134047000000,USD,0000320193-18-000070,
AAPL,Balance Sheet,Stockholders Equity,StockholdersEquity,2019,Q2,Instant,,2017-09-30,2019-05-01,10-Q,134047000000,USD,0000320193-19-000066,
AAPL,Balance Sheet,Stockholders Equity,StockholdersEquity,2019,Q2,Instant,,2017-12-30,2019-05-01,10-Q,140199000000,USD,0000320193-19-000066,CY2017Q4I
AAPL,Balance Sheet,Stockholders Equity,StockholdersEquity,2018,Q2,Instant,,2018-03-31,2018-05-02,10-Q,126878000000,USD,0000320193-18-000070,
AAPL,Balance Sheet,Stockholders Equity,StockholdersEquity,2019,Q2,Instant,,2018-03-31,2019-05-01,10-Q,126878000000,USD,0000320193-19-000066,
AAPL,Balance Sheet,Stockholders Equity,StockholdersEquity,2019,Q2,Instant,,2018-09-29,2019-05-01,10-Q,107147000000,USD,0000320193-19-000066,
AAPL,Balance Sheet,Stockholders Equity,StockholdersEquity,2020,Q2,Instant,,2018-09-29,2020-05-01,10-Q,107147000000,USD,0000320193-20-000052,
AAPL,Balance Sheet,Stockholders Equity,StockholdersEquity,2019,Q2,Instant,,2018-12-29,2019-05-01,10-Q,117892000000,USD,0000320193-19-000066,
AAPL,Balance Sheet,Stockholders Equity,StockholdersEquity,2020,Q2,Instant,,2018-12-29,2020-05-01,10-Q,117892000000,USD,0000320193-20-000052,CY2018Q4I
AAPL,Balance Sheet,Stockholders Equity,StockholdersEquity,2019,Q2,Instant,,2019-03-30,2019-05-01,10-Q,105860000000,USD,0000320193-19-000066,
AAPL,Balance Sheet,Stockholders Equity,StockholdersEquity,2020,Q2,Instant,,2019-03-30,2020-05-01,10-Q,105860000000,USD,0000320193-20-000052,
AAPL,Balance Sheet,Stockholders Equity,StockholdersEquity,2020,Q2,Instant,,2019-09-28,2020-05-01,10-Q,90488000000,USD,0000320193-20-000052,
AAPL,Balance Sheet,Stockholders Equity,StockholdersEquity,2021,Q2,Instant,,2019-09-28,2021-04-29,10-Q,90488000000,USD,0000320193-21-000056,
AAPL,Balance Sheet,Stockholders Equity,StockholdersEquity,2020,Q2,Instant,,2019-12-28,2020-05-01,10-Q,89531000000,USD,0000320193-20-000052,
AAPL,Balance Sheet,Stockholders Equity,StockholdersEquity,2021,Q2,Instant,,2019-12-28,2021-04-29,10-Q,89531000000,USD,0000320193-21-000056,CY2019Q4I
AAPL,Balance Sheet,Stockholders Equity,StockholdersEquity,2020,Q2,Instant,,2020-03-28,2020-05-01,10-Q,78425000000,USD,0000320193-20-000052,
AAPL,Balance Sheet,Stockholders Equity,StockholdersEquity,2021,Q2,Instant,,2020-03-28,2021-04-29,10-Q,78425000000,USD,0000320193-21-000056,
AAPL,Balance Sheet,Stockholders Equity,StockholdersEquity,2021,Q2,Instant,,2020-09-26,2021-04-29,10-Q,65339000000,USD,0000320193-21-000056,
AAPL,Balance Sheet,Stockholders Equity,StockholdersEquity,2022,Q2,Instant,,2020-09-26,2022-04-29,10-Q,65339000000,USD,0000320193-22-000059,
AAPL,Balance Sheet,Stockholders Equity,StockholdersEquity,2021,Q2,Instant,,2020-12-26,2021-04-29,10-Q,66224000000,USD,0000320193-21-000056,
AAPL,Balance Sheet,Stockholders Equity,StockholdersEquity,2022,Q2,Instant,,2020-12-26,2022-04-29,10-Q,66224000000,USD,0000320193-22-000059,CY2020Q4I
AAPL,Balance Sheet,Stockholders Equity,StockholdersEquity,2021,Q2,Instant,,2021-03-27,2021-04-29,10-Q,69178000000,USD,0000320193-21-000056,
AAPL,Balance Sheet,Stockholders Equity,StockholdersEquity,2022,Q2,Instant,,2021-03-27,2022-04-29,10-Q,69178000000,USD,0000320193-22-000059,
AAPL,Balance Sheet,Stockholders Equity,StockholdersEquity,2022,Q2,Instant,,2021-09-25,2022-04-29,10-Q,63090000000,USD,0000320193-22-000059,
AAPL,Balance Sheet,Stockholders Equity,StockholdersEquity,2023,Q2,Instant,,2021-09-25,2023-05-05,10-Q,63090000000,USD,0000320193-23-000064,
AAPL,Balance Sheet,Stockholders Equity,StockholdersEquity,2022,Q2,Instant,,2021-12-25,2022-04-29,10-Q,71932000000,USD,0000320193-22-000059,
AAPL,Balance Sheet,Stockholders Equity,StockholdersEquity,2023,Q2,Instant,,2021-12-25,2023-05-05,10-Q,71932000000,USD,0000320193-23-000064,CY2021Q4I
AAPL,Balance Sheet,Stockholders Equity,StockholdersEquity,2022,Q2,Instant,,2022-03-26,2022-04-29,10-Q,67399000000,USD,0000320193-22-000059,
AAPL,Balance Sheet,Stockholders Equity,StockholdersEquity,2023,Q2,Instant,,2022-03-26,2023-05-05,10-Q,67399000000,USD,0000320193-23-000064,
AAPL,Balance Sheet,Stockholders Equity,StockholdersEquity,2023,Q2,Instant,,2022-09-24,2023-05-05,10-Q,50672000000,USD,0000320193-23-000064,
AAPL,Balance Sheet,Stockholders Equity,StockholdersEquity,2024,Q2,Instant,,2022-09-24,2024-05-03,10-Q,50672000000,USD,0000320193-24-000069,
AAPL,Balance Sheet,Stockholders Equity,StockholdersEquity,2023,Q2,Instant,,2022-12-31,2023-05-05,10-Q,56727000000,USD,0000320193-23-000064,
AAPL,Balance Sheet,Stockholders Equity,StockholdersEquity,2024,Q2,Instant,,2022-12-31,2024-05-03,10-Q,56727000000,USD,0000320193-24-000069,CY2022Q4I
AAPL,Balance Sheet,Stockholders Equity,StockholdersEquity,2023,Q2,Instant,,2023-04-01,2023-05-05,10-Q,62158000000,USD,0000320193-23-000064,
AAPL,Balance Sheet,Stockholders Equity,StockholdersEquity,2024,Q2,Instant,,2023-04-01,2024-05-03,10-Q,62158000000,USD,0000320193-24-000069,
AAPL,Balance Sheet,Stockholders Equity,StockholdersEquity,2024,Q2,Instant,,2023-09-30,2024-05-03,10-Q,62146000000,USD,0000320193-24-000069,
AAPL,Balance Sheet,Stockholders Equity,StockholdersEquity,2025,Q2,Instant,,2023-09-30,2025-05-02,10-Q,62146000000,USD,0000320193-25-000057,
AAPL,Balance Sheet,Stockholders Equity,StockholdersEquity,2024,Q2,Instant,,2023-12-30,2024-05-03,10-Q,74100000000,USD,0000320193-24-000069,
AAPL,Balance Sheet,Stockholders Equity,StockholdersEquity,2025,Q2,Instant,,2023-12-30,2025-05-02,10-Q,74100000000,USD,0000320193-25-000057,CY2023Q4I
AAPL,Balance Sheet,Stockholders Equity,StockholdersEquity,2024,Q2,Instant,,2024-03-30,2024-05-03,10-Q,74194000000,USD,0000320193-24-000069,
AAPL,Balance Sheet,Stockholders Equity,StockholdersEquity,2025,Q2,Instant,,2024-03-30,2025-05-02,10-Q,74194000000,USD,0000320193-25-000057,
AAPL,Balance Sheet,Stockholders Equity,StockholdersEquity,2025,Q2,Instant,,2024-09-28,2025-05-02,10-Q,56950000000,USD,0000320193-25-000057,
AAPL,Balance Sheet,Stockholders Equity,StockholdersEquity,2026,Q2,Instant,,2024-09-28,2026-05-01,10-Q,56950000000,USD,0000320193-26-000013,
AAPL,Balance Sheet,Stockholders Equity,StockholdersEquity,2025,Q2,Instant,,2024-12-28,2025-05-02,10-Q,66758000000,USD,0000320193-25-000057,
AAPL,Balance Sheet,Stockholders Equity,StockholdersEquity,2026,Q2,Instant,,2024-12-28,2026-05-01,10-Q,66758000000,USD,0000320193-26-000013,CY2024Q4I
AAPL,Balance Sheet,Stockholders Equity,StockholdersEquity,2025,Q2,Instant,,2025-03-29,2025-05-02,10-Q,66796000000,USD,0000320193-25-000057,
AAPL,Balance Sheet,Stockholders Equity,StockholdersEquity,2026,Q2,Instant,,2025-03-29,2026-05-01,10-Q,66796000000,USD,0000320193-26-000013,
AAPL,Balance Sheet,Stockholders Equity,StockholdersEquity,2026,Q2,Instant,,2025-09-27,2026-05-01,10-Q,73733000000,USD,0000320193-26-000013,
AAPL,Balance Sheet,Stockholders Equity,StockholdersEquity,2026,Q2,Instant,,2025-12-27,2026-05-01,10-Q,88190000000,USD,0000320193-26-000013,CY2025Q4I
AAPL,Balance Sheet,Stockholders Equity,StockholdersEquity,2026,Q2,Instant,,2026-03-28,2026-05-01,10-Q,106491000000,USD,0000320193-26-000013,
AAPL,Balance Sheet,Stockholders Equity,StockholdersEquity,2009,Q3,Instant,,2008-09-27,2009-07-22,10-Q,21030000000,USD,0001193125-09-153165,
AAPL,Balance Sheet,Stockholders Equity,StockholdersEquity,2009,Q3,Instant,,2009-06-27,2009-07-22,10-Q,25888000000,USD,0001193125-09-153165,CY2009Q2I
AAPL,Balance Sheet,Stockholders Equity,StockholdersEquity,2010,Q3,Instant,,2009-09-26,2010-07-21,10-Q,31640000000,USD,0001193125-10-162840,
AAPL,Balance Sheet,Stockholders Equity,StockholdersEquity,2010,Q3,Instant,,2010-06-26,2010-07-21,10-Q,43111000000,USD,0001193125-10-162840,CY2010Q2I
AAPL,Balance Sheet,Stockholders Equity,StockholdersEquity,2011,Q3,Instant,,2010-09-25,2011-07-20,10-Q,47791000000,USD,0001193125-11-192493,
AAPL,Balance Sheet,Stockholders Equity,StockholdersEquity,2011,Q3,Instant,,2011-06-25,2011-07-20,10-Q,69343000000,USD,0001193125-11-192493,CY2011Q2I
AAPL,Balance Sheet,Stockholders Equity,StockholdersEquity,2012,Q3,Instant,,2011-09-24,2012-07-25,10-Q,76615000000,USD,0001193125-12-314552,
AAPL,Balance Sheet,Stockholders Equity,StockholdersEquity,2012,Q3,Instant,,2012-06-30,2012-07-25,10-Q,111746000000,USD,0001193125-12-314552,CY2012Q2I
AAPL,Balance Sheet,Stockholders Equity,StockholdersEquity,2013,Q3,Instant,,2012-09-29,2013-07-24,10-Q,118210000000,USD,0001193125-13-300670,
AAPL,Balance Sheet,Stockholders Equity,StockholdersEquity,2013,Q3,Instant,,2013-06-29,2013-07-24,10-Q,123354000000,USD,0001193125-13-300670,CY2013Q2I
AAPL,Balance Sheet,Stockholders Equity,StockholdersEquity,2014,Q3,Instant,,2013-09-28,2014-07-23,10-Q,123549000000,USD,0001193125-14-277160,
AAPL,Balance Sheet,Stockholders Equity,StockholdersEquity,2014,Q3,Instant,,2014-06-28,2014-07-23,10-Q,120940000000,USD,0001193125-14-277160,CY2014Q2I
AAPL,Balance Sheet,Stockholders Equity,StockholdersEquity,2015,Q3,Instant,,2014-09-27,2015-07-22,10-Q,111547000000,USD,0001193125-15-259935,
AAPL,Balance Sheet,Stockholders Equity,StockholdersEquity,2015,Q3,Instant,,2015-06-27,2015-07-22,10-Q,125677000000,USD,0001193125-15-259935,CY2015Q2I
AAPL,Balance Sheet,Stockholders Equity,StockholdersEquity,2016,Q3,Instant,,2015-09-26,2016-07-27,10-Q,119355000000,USD,0001628280-16-017809,
AAPL,Balance Sheet,Stockholders Equity,StockholdersEquity,2016,Q3,Instant,,2016-06-25,2016-07-27,10-Q,126541000000,USD,0001628280-16-017809,CY2016Q2I
AAPL,Balance Sheet,Stockholders Equity,StockholdersEquity,2017,Q3,Instant,,2016-09-24,2017-08-02,10-Q,128249000000,USD,0000320193-17-000009,
AAPL,Balance Sheet,Stockholders Equity,StockholdersEquity,2017,Q3,Instant,,2017-07-01,2017-08-02,10-Q,132425000000,USD,0000320193-17-000009,CY2017Q2I
AAPL,Balance Sheet,Stockholders Equity,StockholdersEquity,2018,Q3,Instant,,2017-09-30,2018-08-01,10-Q,134047000000,USD,0000320193-18-000100,
AAPL,Balance Sheet,Stockholders Equity,StockholdersEquity,2019,Q3,Instant,,2017-09-30,2019-07-31,10-Q,134047000000,USD,0000320193-19-000076,
AAPL,Balance Sheet,Stockholders Equity,StockholdersEquity,2019,Q3,Instant,,2018-03-31,2019-07-31,10-Q,126878000000,USD,0000320193-19-000076,CY2018Q1I
AAPL,Balance Sheet,Stockholders Equity,StockholdersEquity,2018,Q3,Instant,,2018-06-30,2018-08-01,10-Q,114949000000,USD,0000320193-18-000100,
AAPL,Balance Sheet,Stockholders Equity,StockholdersEquity,2019,Q3,Instant,,2018-06-30,2019-07-31,10-Q,114949000000,USD,0000320193-19-000076,CY2018Q2I
AAPL,Balance Sheet,Stockholders Equity,StockholdersEquity,2019,Q3,Instant,,2018-09-29,2019-07-31,10-Q,107147000000,USD,0000320193-19-000076,
AAPL,Balance Sheet,Stockholders Equity,StockholdersEquity,2020,Q3,Instant,,2018-09-29,2020-07-31,10-Q,107147000000,USD,0000320193-20-000062,
AAPL,Balance Sheet,Stockholders Equity,StockholdersEquity,2019,Q3,Instant,,2019-03-30,2019-07-31,10-Q,105860000000,USD,0000320193-19-000076,
AAPL,Balance Sheet,Stockholders Equity,StockholdersEquity,2020,Q3,Instant,,2019-03-30,2020-07-31,10-Q,105860000000,USD,0000320193-20-000062,CY2019Q1I
AAPL,Balance Sheet,Stockholders Equity,StockholdersEquity,2019,Q3,Instant,,2019-06-29,2019-07-31,10-Q,96456000000,USD,0000320193-19-000076,
AAPL,Balance Sheet,Stockholders Equity,StockholdersEquity,2020,Q3,Instant,,2019-06-29,2020-07-31,10-Q,96456000000,USD,0000320193-20-000062,CY2019Q2I
AAPL,Balance Sheet,Stockholders Equity,StockholdersEquity,2020,Q3,Instant,,2019-09-28,2020-07-31,10-Q,90488000000,USD,0000320193-20-000062,
AAPL,Balance Sheet,Stockholders Equity,StockholdersEquity,2021,Q3,Instant,,2019-09-28,2021-07-28,10-Q,90488000000,USD,0000320193-21-000065,
AAPL,Balance Sheet,Stockholders Equity,StockholdersEquity,2020,Q3,Instant,,2020-03-28,2020-07-31,10-Q,78425000000,USD,0000320193-20-000062,
AAPL,Balance Sheet,Stockholders Equity,StockholdersEquity,2021,Q3,Instant,,2020-03-28,2021-07-28,10-Q,78425000000,USD,0000320193-21-000065,CY2020Q1I
AAPL,Balance Sheet,Stockholders Equity,StockholdersEquity,2020,Q3,Instant,,2020-06-27,2020-07-31,10-Q,72282000000,USD,0000320193-20-000062,
AAPL,Balance Sheet,Stockholders Equity,StockholdersEquity,2021,Q3,Instant,,2020-06-27,2021-07-28,10-Q,72282000000,USD,0000320193-21-000065,CY2020Q2I
AAPL,Balance Sheet,Stockholders Equity,StockholdersEquity,2021,Q3,Instant,,2020-09-26,2021-07-28,10-Q,65339000000,USD,0000320193-21-000065,
AAPL,Balance Sheet,Stockholders Equity,StockholdersEquity,2022,Q3,Instant,,2020-09-26,2022-07-29,10-Q,65339000000,USD,0000320193-22-000070,
AAPL,Balance Sheet,Stockholders Equity,StockholdersEquity,2021,Q3,Instant,,2021-03-27,2021-07-28,10-Q,69178000000,USD,0000320193-21-000065,
AAPL,Balance Sheet,Stockholders Equity,StockholdersEquity,2022,Q3,Instant,,2021-03-27,2022-07-29,10-Q,69178000000,USD,0000320193-22-000070,CY2021Q1I
AAPL,Balance Sheet,Stockholders Equity,StockholdersEquity,2021,Q3,Instant,,2021-06-26,2021-07-28,10-Q,64280000000,USD,0000320193-21-000065,
AAPL,Balance Sheet,Stockholders Equity,StockholdersEquity,2022,Q3,Instant,,2021-06-26,2022-07-29,10-Q,64280000000,USD,0000320193-22-000070,CY2021Q2I
AAPL,Balance Sheet,Stockholders Equity,StockholdersEquity,2022,Q3,Instant,,2021-09-25,2022-07-29,10-Q,63090000000,USD,0000320193-22-000070,
AAPL,Balance Sheet,Stockholders Equity,StockholdersEquity,2023,Q3,Instant,,2021-09-25,2023-08-04,10-Q,63090000000,USD,0000320193-23-000077,
AAPL,Balance Sheet,Stockholders Equity,StockholdersEquity,2022,Q3,Instant,,2022-03-26,2022-07-29,10-Q,67399000000,USD,0000320193-22-000070,
AAPL,Balance Sheet,Stockholders Equity,StockholdersEquity,2023,Q3,Instant,,2022-03-26,2023-08-04,10-Q,67399000000,USD,0000320193-23-000077,CY2022Q1I
AAPL,Balance Sheet,Stockholders Equity,StockholdersEquity,2022,Q3,Instant,,2022-06-25,2022-07-29,10-Q,58107000000,USD,0000320193-22-000070,
AAPL,Balance Sheet,Stockholders Equity,StockholdersEquity,2023,Q3,Instant,,2022-06-25,2023-08-04,10-Q,58107000000,USD,0000320193-23-000077,CY2022Q2I
AAPL,Balance Sheet,Stockholders Equity,StockholdersEquity,2023,Q3,Instant,,2022-09-24,2023-08-04,10-Q,50672000000,USD,0000320193-23-000077,
AAPL,Balance Sheet,Stockholders Equity,StockholdersEquity,2024,Q3,Instant,,2022-09-24,2024-08-02,10-Q,50672000000,USD,0000320193-24-000081,
AAPL,Balance Sheet,Stockholders Equity,StockholdersEquity,2023,Q3,Instant,,2023-04-01,2023-08-04,10-Q,62158000000,USD,0000320193-23-000077,
AAPL,Balance Sheet,Stockholders Equity,StockholdersEquity,2024,Q3,Instant,,2023-04-01,2024-08-02,10-Q,62158000000,USD,0000320193-24-000081,CY2023Q1I
AAPL,Balance Sheet,Stockholders Equity,StockholdersEquity,2023,Q3,Instant,,2023-07-01,2023-08-04,10-Q,60274000000,USD,0000320193-23-000077,
AAPL,Balance Sheet,Stockholders Equity,StockholdersEquity,2024,Q3,Instant,,2023-07-01,2024-08-02,10-Q,60274000000,USD,0000320193-24-000081,CY2023Q2I
AAPL,Balance Sheet,Stockholders Equity,StockholdersEquity,2024,Q3,Instant,,2023-09-30,2024-08-02,10-Q,62146000000,USD,0000320193-24-000081,
AAPL,Balance Sheet,Stockholders Equity,StockholdersEquity,2025,Q3,Instant,,2023-09-30,2025-08-01,10-Q,62146000000,USD,0000320193-25-000073,
AAPL,Balance Sheet,Stockholders Equity,StockholdersEquity,2024,Q3,Instant,,2024-03-30,2024-08-02,10-Q,74194000000,USD,0000320193-24-000081,
AAPL,Balance Sheet,Stockholders Equity,StockholdersEquity,2025,Q3,Instant,,2024-03-30,2025-08-01,10-Q,74194000000,USD,0000320193-25-000073,CY2024Q1I
AAPL,Balance Sheet,Stockholders Equity,StockholdersEquity,2024,Q3,Instant,,2024-06-29,2024-08-02,10-Q,66708000000,USD,0000320193-24-000081,
AAPL,Balance Sheet,Stockholders Equity,StockholdersEquity,2025,Q3,Instant,,2024-06-29,2025-08-01,10-Q,66708000000,USD,0000320193-25-000073,CY2024Q2I
AAPL,Balance Sheet,Stockholders Equity,StockholdersEquity,2025,Q3,Instant,,2024-09-28,2025-08-01,10-Q,56950000000,USD,0000320193-25-000073,
AAPL,Balance Sheet,Stockholders Equity,StockholdersEquity,2026,Q3,Instant,,2024-09-28,2026-07-31,10-Q,56950000000,USD,0000320193-26-000020,CY2024Q3I
AAPL,Balance Sheet,Stockholders Equity,StockholdersEquity,2025,Q3,Instant,,2025-03-29,2025-08-01,10-Q,66796000000,USD,0000320193-25-000073,
AAPL,Balance Sheet,Stockholders Equity,StockholdersEquity,2026,Q3,Instant,,2025-03-29,2026-07-31,10-Q,66796000000,USD,0000320193-26-000020,CY2025Q1I
AAPL,Balance Sheet,Stockholders Equity,StockholdersEquity,2025,Q3,Instant,,2025-06-28,2025-08-01,10-Q,65830000000,USD,0000320193-25-000073,
AAPL,Balance Sheet,Stockholders Equity,StockholdersEquity,2026,Q3,Instant,,2025-06-28,2026-07-31,10-Q,65830000000,USD,0000320193-26-000020,CY2025Q2I
AAPL,Balance Sheet,Stockholders Equity,StockholdersEquity,2026,Q3,Instant,,2025-09-27,2026-07-31,10-Q,73733000000,USD,0000320193-26-000020,CY2025Q3I
AAPL,Balance Sheet,Stockholders Equity,StockholdersEquity,2026,Q3,Instant,,2026-03-28,2026-07-31,10-Q,106491000000,USD,0000320193-26-000020,CY2026Q1I
AAPL,Balance Sheet,Stockholders Equity,StockholdersEquity,2026,Q3,Instant,,2026-06-27,2026-07-31,10-Q,107520000000,USD,0000320193-26-000020,CY2026Q2I
AAPL,Balance Sheet,Total Assets,Assets,2009,FY,Instant,,2008-09-27,2009-10-27,10-K,39572000000,USD,0001193125-09-214859,
AAPL,Balance Sheet,Total Assets,Assets,2010,FY,Instant,,2008-09-27,2010-10-27,10-K,36171000000,USD,0001193125-10-238044,CY2008Q3I
AAPL,Balance Sheet,Total Assets,Assets,2009,FY,Instant,,2009-09-26,2009-10-27,10-K,53851000000,USD,0001193125-09-214859,
AAPL,Balance Sheet,Total Assets,Assets,2010,FY,Instant,,2009-09-26,2010-10-27,10-K,47501000000,USD,0001193125-10-238044,
AAPL,Balance Sheet,Total Assets,Assets,2011,FY,Instant,,2009-09-26,2011-10-26,10-K,47501000000,USD,0001193125-11-282113,CY2009Q3I
AAPL,Balance Sheet,Total Assets,Assets,2010,FY,Instant,,2010-09-25,2010-10-27,10-K,75183000000,USD,0001193125-10-238044,
AAPL,Balance Sheet,Total Assets,Assets,2011,FY,Instant,,2010-09-25,2011-10-26,10-K,75183000000,USD,0001193125-11-282113,CY2010Q3I
AAPL,Balance Sheet,Total Assets,Assets,2011,FY,Instant,,2011-09-24,2011-10-26,10-K,116371000000,USD,0001193125-11-282113,
AAPL,Balance Sheet,Total Assets,Assets,2012,FY,Instant,,2011-09-24,2012-10-31,10-K,116371000000,USD,0001193125-12-444068,
AAPL,Balance Sheet,Total Assets,Assets,2012,FY,Instant,,2012-09-29,2012-10-31,10-K,176064000000,USD,0001193125-12-444068,
AAPL,Balance Sheet,Total Assets,Assets,2013,FY,Instant,,2012-09-29,2013-10-30,10-K,176064000000,USD,0001193125-13-416534,CY2012Q3I
AAPL,Balance Sheet,Total Assets,Assets,2013,FY,Instant,,2013-09-28,2013-10-30,10-K,207000000000,USD,0001193125-13-416534,
AAPL,Balance Sheet,Total Assets,Assets,2014,FY,Instant,,2013-09-28,2014-10-27,10-K,207000000000,USD,0001193125-14-383437,
AAPL,Balance Sheet,Total Assets,Assets,2014,FY,Instant,,2014-09-27,2014-10-27,10-K,231839000000,USD,0001193125-14-383437,
AAPL,Balance Sheet,Total Assets,Assets,2015,FY,Instant,,2014-09-27,2015-10-28,10-K,231839000000,USD,0001193125-15-356351,CY2014Q3I
AAPL,Balance Sheet,Total Assets,Assets,2015,FY,Instant,,2015-09-26,2015-10-28,10-K,290479000000,USD,0001193125-15-356351,
AAPL,Balance Sheet,Total Assets,Assets,2016,FY,Instant,,2015-09-26,2016-10-26,10-K,290345000000,USD,0001628280-16-020309,CY2015Q3I
AAPL,Balance Sheet,Total Assets,Assets,2016,FY,Instant,,2016-09-24,2016-10-26,10-K,321686000000,USD,0001628280-16-020309,
AAPL,Balance Sheet,Total Assets,Assets,2017,FY,Instant,,2016-09-24,2017-11-03,10-K,321686000000,USD,0000320193-17-000070,CY2016Q3I
AAPL,Balance Sheet,Total Assets,Assets,2017,FY,Instant,,2017-09-30,2017-11-03,10-K,375319000000,USD,0000320193-17-000070,
AAPL,Balance Sheet,Total Assets,Assets,2018,FY,Instant,,2017-09-30,2018-11-05,10-K,375319000000,USD,0000320193-18-000145,CY2017Q3I
AAPL,Balance Sheet,Total Assets,Assets,2018,FY,Instant,,2018-09-29,2018-11-05,10-K,365725000000,USD,0000320193-18-000145,
AAPL,Balance Sheet,Total Assets,Assets,2019,FY,Instant,,2018-09-29,2019-10-31,10-K,365725000000,USD,0000320193-19-000119,CY2018Q3I
AAPL,Balance Sheet,Total Assets,Assets,2019,FY,Instant,,2019-09-28,2019-10-31,10-K,338516000000,USD,0000320193-19-000119,
AAPL,Balance Sheet,Total Assets,Assets,2020,FY,Instant,,2019-09-28,2020-10-30,10-K,338516000000,USD,0000320193-20-000096,CY2019Q3I
AAPL,Balance Sheet,Total Assets,Assets,2020,FY,Instant,,2020-09-26,2020-10-30,10-K,323888000000,USD,0000320193-20-000096,
AAPL,Balance Sheet,Total Assets,Assets,2021,FY,Instant,,2020-09-26,2021-10-29,10-K,323888000000,USD,0000320193-21-000105,CY2020Q3I
AAPL,Balance Sheet,Total Assets,Assets,2021,FY,Instant,,2021-09-25,2021-10-29,10-K,351002000000,USD,0000320193-21-000105,
AAPL,Balance Sheet,Total Assets,Assets,2022,FY,Instant,,2021-09-25,2022-10-28,10-K,351002000000,USD,0000320193-22-000108,CY2021Q3I
AAPL,Balance Sheet,Total Assets,Assets,2022,FY,Instant,,2022-09-24,2022-10-28,10-K,352755000000,USD,0000320193-22-000108,
AAPL,Balance Sheet,Total Assets,Assets,2023,FY,Instant,,2022-09-24,2023-11-03,10-K,352755000000,USD,0000320193-23-000106,CY2022Q3I
AAPL,Balance Sheet,Total Assets,Assets,2023,FY,Instant,,2023-09-30,2023-11-03,10-K,352583000000,USD,0000320193-23-000106,
AAPL,Balance Sheet,Total Assets,Assets,2024,FY,Instant,,2023-09-30,2024-11-01,10-K,352583000000,USD,0000320193-24-000123,CY2023Q3I
AAPL,Balance Sheet,Total Assets,Assets,2024,FY,Instant,,2024-09-28,2024-11-01,10-K,364980000000,USD,0000320193-24-000123,
AAPL,Balance Sheet,Total Assets,Assets,2025,FY,Instant,,2024-09-28,2025-10-31,10-K,364980000000,USD,0000320193-25-000079,CY2024Q3I
AAPL,Balance Sheet,Total Assets,Assets,2025,FY,Instant,,2025-09-27,2025-10-31,10-K,359241000000,USD,0000320193-25-000079,
AAPL,Balance Sheet,Total Assets,Assets,2010,Q1,Instant,,2009-09-26,2010-01-25,10-Q,47501000000,USD,0001193125-10-012085,
AAPL,Balance Sheet,Total Assets,Assets,2010,Q1,Instant,,2009-12-26,2010-01-25,10-Q,53926000000,USD,0001193125-10-012085,CY2009Q4I
AAPL,Balance Sheet,Total Assets,Assets,2011,Q1,Instant,,2010-09-25,2011-01-19,10-Q,75183000000,USD,0001193125-11-010144,
AAPL,Balance Sheet,Total Assets,Assets,2011,Q1,Instant,,2010-12-25,2011-01-19,10-Q,86742000000,USD,0001193125-11-010144,CY2010Q4I
AAPL,Balance Sheet,Total Assets,Assets,2012,Q1,Instant,,2011-09-24,2012-01-25,10-Q,116371000000,USD,0001193125-12-023398,
AAPL,Balance Sheet,Total Assets,Assets,2012,Q1,Instant,,2011-12-31,2012-01-25,10-Q,138681000000,USD,0001193125-12-023398,CY2011Q4I
AAPL,Balance Sheet,Total Assets,Assets,2013,Q1,Instant,,2012-09-29,2013-01-24,10-Q,176064000000,USD,0001193125-13-022339,
AAPL,Balance Sheet,Total Assets,Assets,2013,Q1,Instant,,2012-12-29,2013-01-24,10-Q,196088000000,USD,0001193125-13-022339,CY2012Q4I
AAPL,Balance Sheet,Total Assets,Assets,2014,Q1,Instant,,2013-09-28,2014-01-28,10-Q,207000000000,USD,0001193125-14-024487,
AAPL,Balance Sheet,Total Assets,Assets,2014,Q1,Instant,,2013-12-28,2014-01-28,10-Q,225184000000,USD,0001193125-14-024487,CY2013Q4I
AAPL,Balance Sheet,Total Assets,Assets,2015,Q1,Instant,,2014-09-27,2015-01-28,10-Q,231839000000,USD,0001193125-15-023697,
AAPL,Balance Sheet,Total Assets,Assets,2015,Q1,Instant,,2014-12-27,2015-01-28,10-Q,261894000000,USD,0001193125-15-023697,CY2014Q4I
AAPL,Balance Sheet,Total Assets,Assets,2016,Q1,Instant,,2015-09-26,2016-01-27,10-Q,290479000000,USD,0001193125-16-439878,
AAPL,Balance Sheet,Total Assets,Assets,2016,Q1,Instant,,2015-12-26,2016-01-27,10-Q,293284000000,USD,0001193125-16-439878,CY2015Q4I
AAPL,Balance Sheet,Total Assets,Assets,2017,Q1,Instant,,2016-09-24,2017-02-01,10-Q,321686000000,USD,0001628280-17-000717,
AAPL,Balance Sheet,Total Assets,Assets,2017,Q1,Instant,,2016-12-31,2017-02-01,10-Q,331141000000,USD,0001628280-17-000717,CY2016Q4I
AAPL,Balance Sheet,Total Assets,Assets,2018,Q1,Instant,,2017-09-30,2018-02-02,10-Q,375319000000,USD,0000320193-18-000007,
AAPL,Balance Sheet,Total Assets,Assets,2018,Q1,Instant,,2017-12-30,2018-02-02,10-Q,406794000000,USD,0000320193-18-000007,CY2017Q4I
AAPL,Balance Sheet,Total Assets,Assets,2019,Q1,Instant,,2018-09-29,2019-01-30,10-Q,365725000000,USD,0000320193-19-000010,
AAPL,Balance Sheet,Total Assets,Assets,2019,Q1,Instant,,2018-12-29,2019-01-30,10-Q,373719000000,USD,0000320193-19-000010,CY2018Q4I
AAPL,Balance Sheet,Total Assets,Assets,2020,Q1,Instant,,2019-09-28,2020-01-29,10-Q,338516000000,USD,0000320193-20-000010,
AAPL,Balance Sheet,Total Assets,Assets,2020,Q1,Instant,,2019-12-28,2020-01-29,10-Q,340618000000,USD,0000320193-20-000010,CY2019Q4I
AAPL,Balance Sheet,Total Assets,Assets,2021,Q1,Instant,,2020-09-26,2021-01-28,10-Q,323888000000,USD,0000320193-21-000010,
AAPL,Balance Sheet,Total Assets,Assets,2021,Q1,Instant,,2020-12-26,2021-01-28,10-Q,354054000000,USD,0000320193-21-000010,CY2020Q4I
AAPL,Balance Sheet,Total Assets,Assets,2022,Q1,Instant,,2021-09-25,2022-01-28,10-Q,351002000000,USD,0000320193-22-000007,
AAPL,Balance Sheet,Total Assets,Assets,2022,Q1,Instant,,2021-12-25,2022-01-28,10-Q,381191000000,USD,0000320193-22-000007,CY2021Q4I
AAPL,Balance Sheet,Total Assets,Assets,2023,Q1,Instant,,2022-09-24,2023-02-03,10-Q,352755000000,USD,0000320193-23-000006,
AAPL,Balance Sheet,Total Assets,Assets,2023,Q1,Instant,,2022-12-31,2023-02-03,10-Q,346747000000,USD,0000320193-23-000006,CY2022Q4I
AAPL,Balance Sheet,Total Assets,Assets,2024,Q1,Instant,,2023-09-30,2024-02-02,10-Q,352583000000,USD,0000320193-24-000006,
AAPL,Balance Sheet,Total Assets,Assets,2024,Q1,Instant,,2023-12-30,2024-02-02,10-Q,353514000000,USD,0000320193-24-000006,CY2023Q4I
AAPL,Balance Sheet,Total Assets,Assets,2025,Q1,Instant,,2024-09-28,2025-01-31,10-Q,364980000000,USD,0000320193-25-000008,
AAPL,Balance Sheet,Total Assets,Assets,2025,Q1,Instant,,2024-12-28,2025-01-31,10-Q,344085000000,USD,0000320193-25-000008,CY2024Q4I
AAPL,Balance Sheet,Total Assets,Assets,2026,Q1,Instant,,2025-09-27,2026-01-30,10-Q,359241000000,USD,0000320193-26-000006,
AAPL,Balance Sheet,Total Assets,Assets,2026,Q1,Instant,,2025-12-27,2026-01-30,10-Q,379297000000,USD,0000320193-26-000006,CY2025Q4I
AAPL,Balance Sheet,Total Assets,Assets,2010,Q2,Instant,,2009-09-26,2010-04-21,10-Q,47501000000,USD,0001193125-10-088957,
AAPL,Balance Sheet,Total Assets,Assets,2010,Q2,Instant,,2010-03-27,2010-04-21,10-Q,57057000000,USD,0001193125-10-088957,CY2010Q1I
AAPL,Balance Sheet,Total Assets,Assets,2011,Q2,Instant,,2010-09-25,2011-04-21,10-Q,75183000000,USD,0001193125-11-104388,
AAPL,Balance Sheet,Total Assets,Assets,2011,Q2,Instant,,2011-03-26,2011-04-21,10-Q,94904000000,USD,0001193125-11-104388,CY2011Q1I
AAPL,Balance Sheet,Total Assets,Assets,2012,Q2,Instant,,2011-09-24,2012-04-25,10-Q,116371000000,USD,0001193125-12-182321,
AAPL,Balance Sheet,Total Assets,Assets,2012,Q2,Instant,,2012-03-31,2012-04-25,10-Q,150934000000,USD,0001193125-12-182321,CY2012Q1I
AAPL,Balance Sheet,Total Assets,Assets,2013,Q2,Instant,,2012-09-29,2013-04-24,10-Q,176064000000,USD,0001193125-13-168288,
AAPL,Balance Sheet,Total Assets,Assets,2013,Q2,Instant,,2013-03-30,2013-04-24,10-Q,194743000000,USD,0001193125-13-168288,CY2013Q1I
AAPL,Balance Sheet,Total Assets,Assets,2014,Q2,Instant,,2013-09-28,2014-04-24,10-Q,207000000000,USD,0001193125-14-157311,
AAPL,Balance Sheet,Total Assets,Assets,2014,Q2,Instant,,2014-03-29,2014-04-24,10-Q,205989000000,USD,0001193125-14-157311,CY2014Q1I
AAPL,Balance Sheet,Total Assets,Assets,2015,Q2,Instant,,2014-09-27,2015-04-28,10-Q,231839000000,USD,0001193125-15-153166,
AAPL,Balance Sheet,Total Assets,Assets,2015,Q2,Instant,,2015-03-28,2015-04-28,10-Q,261194000000,USD,0001193125-15-153166,CY2015Q1I
AAPL,Balance Sheet,Total Assets,Assets,2016,Q2,Instant,,2015-09-26,2016-04-27,10-Q,290479000000,USD,0001193125-16-559625,
AAPL,Balance Sheet,Total Assets,Assets,2016,Q2,Instant,,2016-03-26,2016-04-27,10-Q,305277000000,USD,0001193125-16-559625,CY2016Q1I
AAPL,Balance Sheet,Total Assets,Assets,2017,Q2,Instant,,2016-09-24,2017-05-03,10-Q,321686000000,USD,0001628280-17-004790,
AAPL,Balance Sheet,Total Assets,Assets,2017,Q2,Instant,,2017-04-01,2017-05-03,10-Q,334532000000,USD,0001628280-17-004790,CY2017Q1I
AAPL,Balance Sheet,Total Assets,Assets,2018,Q2,Instant,,2017-09-30,2018-05-02,10-Q,375319000000,USD,0000320193-18-000070,
AAPL,Balance Sheet,Total Assets,Assets,2018,Q2,Instant,,2018-03-31,2018-05-02,10-Q,367502000000,USD,0000320193-18-000070,CY2018Q1I
AAPL,Balance Sheet,Total Assets,Assets,2019,Q2,Instant,,2018-09-29,2019-05-01,10-Q,365725000000,USD,0000320193-19-000066,
AAPL,Balance Sheet,Total Assets,Assets,2019,Q2,Instant,,2019-03-30,2019-05-01,10-Q,341998000000,USD,0000320193-19-000066,CY2019Q1I
AAPL,Balance Sheet,Total Assets,Assets,2020,Q2,Instant,,2019-09-28,2020-05-01,10-Q,338516000000,USD,0000320193-20-000052,
AAPL,Balance Sheet,Total Assets,Assets,2020,Q2,Instant,,2020-03-28,2020-05-01,10-Q,320400000000,USD,0000320193-20-000052,CY2020Q1I
AAPL,Balance Sheet,Total Assets,Assets,2021,Q2,Instant,,2020-09-26,2021-04-29,10-Q,323888000000,USD,0000320193-21-000056,
AAPL,Balance Sheet,Total Assets,Assets,2021,Q2,Instant,,2021-03-27,2021-04-29,10-Q,337158000000,USD,0000320193-21-000056,CY2021Q1I
AAPL,Balance Sheet,Total Assets,Assets,2022,Q2,Instant,,2021-09-25,2022-04-29,10-Q,351002000000,USD,0000320193-22-000059,
AAPL,Balance Sheet,Total Assets,Assets,2022,Q2,Instant,,2022-03-26,2022-04-29,10-Q,350662000000,USD,0000320193-22-000059,CY2022Q1I
AAPL,Balance Sheet,Total Assets,Assets,2023,Q2,Instant,,2022-09-24,2023-05-05,10-Q,352755000000,USD,0000320193-23-000064,
AAPL,Balance Sheet,Total Assets,Assets,2023,Q2,Instant,,2023-04-01,2023-05-05,10-Q,332160000000,USD,0000320193-23-000064,CY2023Q1I
AAPL,Balance Sheet,Total Assets,Assets,2024,Q2,Instant,,2023-09-30,2024-05-03,10-Q,352583000000,USD,0000320193-24-000069,
AAPL,Balance Sheet,Total Assets,Assets,2024,Q2,Instant,,2024-03-30,2024-05-03,10-Q,337411000000,USD,0000320193-24-000069,CY2024Q1I
AAPL,Balance Sheet,Total Assets,Assets,2025,Q2,Instant,,2024-09-28,2025-05-02,10-Q,364980000000,USD,0000320193-25-000057,
AAPL,Balance Sheet,Total Assets,Assets,2025,Q2,Instant,,2025-03-29,2025-05-02,10-Q,331233000000,USD,0000320193-25-000057,CY2025Q1I
AAPL,Balance Sheet,Total Assets,Assets,2026,Q2,Instant,,2025-09-27,2026-05-01,10-Q,359241000000,USD,0000320193-26-000013,
AAPL,Balance Sheet,Total Assets,Assets,2026,Q2,Instant,,2026-03-28,2026-05-01,10-Q,371082000000,USD,0000320193-26-000013,CY2026Q1I
AAPL,Balance Sheet,Total Assets,Assets,2009,Q3,Instant,,2008-09-27,2009-07-22,10-Q,39572000000,USD,0001193125-09-153165,
AAPL,Balance Sheet,Total Assets,Assets,2009,Q3,Instant,,2009-06-27,2009-07-22,10-Q,48140000000,USD,0001193125-09-153165,CY2009Q2I
AAPL,Balance Sheet,Total Assets,Assets,2010,Q3,Instant,,2009-09-26,2010-07-21,10-Q,47501000000,USD,0001193125-10-162840,
AAPL,Balance Sheet,Total Assets,Assets,2010,Q3,Instant,,2010-06-26,2010-07-21,10-Q,64725000000,USD,0001193125-10-162840,CY2010Q2I
AAPL,Balance Sheet,Total Assets,Assets,2011,Q3,Instant,,2010-09-25,2011-07-20,10-Q,75183000000,USD,0001193125-11-192493,
AAPL,Balance Sheet,Total Assets,Assets,2011,Q3,Instant,,2011-06-25,2011-07-20,10-Q,106758000000,USD,0001193125-11-192493,CY2011Q2I
AAPL,Balance Sheet,Total Assets,Assets,2012,Q3,Instant,,2011-09-24,2012-07-25,10-Q,116371000000,USD,0001193125-12-314552,
AAPL,Balance Sheet,Total Assets,Assets,2012,Q3,Instant,,2012-06-30,2012-07-25,10-Q,162896000000,USD,0001193125-12-314552,CY2012Q2I
AAPL,Balance Sheet,Total Assets,Assets,2013,Q3,Instant,,2012-09-29,2013-07-24,10-Q,176064000000,USD,0001193125-13-300670,
AAPL,Balance Sheet,Total Assets,Assets,2013,Q3,Instant,,2013-06-29,2013-07-24,10-Q,199856000000,USD,0001193125-13-300670,CY2013Q2I
AAPL,Balance Sheet,Total Assets,Assets,2014,Q3,Instant,,2013-09-28,2014-07-23,10-Q,207000000000,USD,0001193125-14-277160,
AAPL,Balance Sheet,Total Assets,Assets,2014,Q3,Instant,,2014-06-28,2014-07-23,10-Q,222520000000,USD,0001193125-14-277160,CY2014Q2I
AAPL,Balance Sheet,Total Assets,Assets,2015,Q3,Instant,,2014-09-27,2015-07-22,10-Q,231839000000,USD,0001193125-15-259935,
AAPL,Balance Sheet,Total Assets,Assets,2015,Q3,Instant,,2015-06-27,2015-07-22,10-Q,273151000000,USD,0001193125-15-259935,CY2015Q2I
AAPL,Balance Sheet,Total Assets,Assets,2016,Q3,Instant,,2015-09-26,2016-07-27,10-Q,290479000000,USD,0001628280-16-017809,
AAPL,Balance Sheet,Total Assets,Assets,2016,Q3,Instant,,2016-06-25,2016-07-27,10-Q,305602000000,USD,0001628280-16-017809,CY2016Q2I
AAPL,Balance Sheet,Total Assets,Assets,2017,Q3,Instant,,2016-09-24,2017-08-02,10-Q,321686000000,USD,0000320193-17-000009,
AAPL,Balance Sheet,Total Assets,Assets,2017,Q3,Instant,,2017-07-01,2017-08-02,10-Q,345173000000,USD,0000320193-17-000009,CY2017Q2I
AAPL,Balance Sheet,Total Assets,Assets,2018,Q3,Instant,,2017-09-30,2018-08-01,10-Q,375319000000,USD,0000320193-18-000100,
AAPL,Balance Sheet,Total Assets,Assets,2018,Q3,Instant,,2018-06-30,2018-08-01,10-Q,349197000000,USD,0000320193-18-000100,CY2018Q2I
AAPL,Balance Sheet,Total Assets,Assets,2019,Q3,Instant,,2018-09-29,2019-07-31,10-Q,365725000000,USD,0000320193-19-000076,
AAPL,Balance Sheet,Total Assets,Assets,2019,Q3,Instant,,2019-06-29,2019-07-31,10-Q,322239000000,USD,0000320193-19-000076,CY2019Q2I
AAPL,Balance Sheet,Total Assets,Assets,2020,Q3,Instant,,2019-09-28,2020-07-31,10-Q,338516000000,USD,0000320193-20-000062,
AAPL,Balance Sheet,Total Assets,Assets,2020,Q3,Instant,,2020-06-27,2020-07-31,10-Q,317344000000,USD,0000320193-20-000062,CY2020Q2I
AAPL,Balance Sheet,Total Assets,Assets,2021,Q3,Instant,,2020-09-26,2021-07-28,10-Q,323888000000,USD,0000320193-21-000065,
AAPL,Balance Sheet,Total Assets,Assets,2021,Q3,Instant,,2021-06-26,2021-07-28,10-Q,329840000000,USD,0000320193-21-000065,CY2021Q2I
AAPL,Balance Sheet,Total Assets,Assets,2022,Q3,Instant,,2021-09-25,2022-07-29,10-Q,351002000000,USD,0000320193-22-000070,
AAPL,Balance Sheet,Total Assets,Assets,2022,Q3,Instant,,2022-06-25,2022-07-29,10-Q,336309000000,USD,0000320193-22-000070,CY2022Q2I
AAPL,Balance Sheet,Total Assets,Assets,2023,Q3,Instant,,2022-09-24,2023-08-04,10-Q,352755000000,USD,0000320193-23-000077,
AAPL,Balance Sheet,Total Assets,Assets,2023,Q3,Instant,,2023-07-01,2023-08-04,10-Q,335038000000,USD,0000320193-23-000077,CY2023Q2I
AAPL,Balance Sheet,Total Assets,Assets,2024,Q3,Instant,,2023-09-30,2024-08-02,10-Q,352583000000,USD,0000320193-24-000081,
AAPL,Balance Sheet,Total Assets,Assets,2024,Q3,Instant,,2024-06-29,2024-08-02,10-Q,331612000000,USD,0000320193-24-000081,CY2024Q2I
AAPL,Balance Sheet,Total Assets,Assets,2025,Q3,Instant,,2024-09-28,2025-08-01,10-Q,364980000000,USD,0000320193-25-000073,
AAPL,Balance Sheet,Total Assets,Assets,2025,Q3,Instant,,2025-06-28,2025-08-01,10-Q,331495000000,USD,0000320193-25-000073,CY2025Q2I
AAPL,Balance Sheet,Total Assets,Assets,2026,Q3,Instant,,2025-09-27,2026-07-31,10-Q,359241000000,USD,0000320193-26-000020,CY2025Q3I
AAPL,Balance Sheet,Total Assets,Assets,2026,Q3,Instant,,2026-06-27,2026-07-31,10-Q,383266000000,USD,0000320193-26-000020,CY2026Q2I
AAPL,Balance Sheet,Total Liabilities,Liabilities,2009,FY,Instant,,2008-09-27,2009-10-27,10-K,18542000000,USD,0001193125-09-214859,
AAPL,Balance Sheet,Total Liabilities,Liabilities,2009,FY,Instant,,2009-09-26,2009-10-27,10-K,26019000000,USD,0001193125-09-214859,
AAPL,Balance Sheet,Total Liabilities,Liabilities,2010,FY,Instant,,2009-09-26,2010-10-27,10-K,15861000000,USD,0001193125-10-238044,CY2009Q3I
AAPL,Balance Sheet,Total Liabilities,Liabilities,2010,FY,Instant,,2010-09-25,2010-10-27,10-K,27392000000,USD,0001193125-10-238044,
AAPL,Balance Sheet,Total Liabilities,Liabilities,2011,FY,Instant,,2010-09-25,2011-10-26,10-K,27392000000,USD,0001193125-11-282113,CY2010Q3I
AAPL,Balance Sheet,Total Liabilities,Liabilities,2011,FY,Instant,,2011-09-24,2011-10-26,10-K,39756000000,USD,0001193125-11-282113,
AAPL,Balance Sheet,Total Liabilities,Liabilities,2012,FY,Instant,,2011-09-24,2012-10-31,10-K,39756000000,USD,0001193125-12-444068,
AAPL,Balance Sheet,Total Liabilities,Liabilities,2012,FY,Instant,,2012-09-29,2012-10-31,10-K,57854000000,USD,0001193125-12-444068,
AAPL,Balance Sheet,Total Liabilities,Liabilities,2013,FY,Instant,,2012-09-29,2013-10-30,10-K,57854000000,USD,0001193125-13-416534,CY2012Q3I
AAPL,Balance Sheet,Total Liabilities,Liabilities,2013,FY,Instant,,2013-09-28,2013-10-30,10-K,83451000000,USD,0001193125-13-416534,
AAPL,Balance Sheet,Total Liabilities,Liabilities,2014,FY,Instant,,2013-09-28,2014-10-27,10-K,83451000000,USD,0001193125-14-383437,
AAPL,Balance Sheet,Total Liabilities,Liabilities,2014,FY,Instant,,2014-09-27,2014-10-27,10-K,120292000000,USD,0001193125-14-383437,
AAPL,Balance Sheet,Total Liabilities,Liabilities,2015,FY,Instant,,2014-09-27,2015-10-28,10-K,120292000000,USD,0001193125-15-356351,CY2014Q3I
AAPL,Balance Sheet,Total Liabilities,Liabilities,2015,FY,Instant,,2015-09-26,2015-10-28,10-K,171124000000,USD,0001193125-15-356351,
AAPL,Balance Sheet,Total Liabilities,Liabilities,2016,FY,Instant,,2015-09-26,2016-10-26,10-K,170990000000,USD,0001628280-16-020309,CY2015Q3I
AAPL,Balance Sheet,Total Liabilities,Liabilities,2016,FY,Instant,,2016-09-24,2016-10-26,10-K,193437000000,USD,0001628280-16-020309,
AAPL,Balance Sheet,Total Liabilities,Liabilities,2017,FY,Instant,,2016-09-24,2017-11-03,10-K,193437000000,USD,0000320193-17-000070,CY2016Q3I
AAPL,Balance Sheet,Total Liabilities,Liabilities,2017,FY,Instant,,2017-09-30,2017-11-03,10-K,241272000000,USD,0000320193-17-000070,
AAPL,Balance Sheet,Total Liabilities,Liabilities,2018,FY,Instant,,2017-09-30,2018-11-05,10-K,241272000000,USD,0000320193-18-000145,CY2017Q3I
AAPL,Balance Sheet,Total Liabilities,Liabilities,2018,FY,Instant,,2018-09-29,2018-11-05,10-K,258578000000,USD,0000320193-18-000145,
AAPL,Balance Sheet,Total Liabilities,Liabilities,2019,FY,Instant,,2018-09-29,2019-10-31,10-K,258578000000,USD,0000320193-19-000119,CY2018Q3I
AAPL,Balance Sheet,Total Liabilities,Liabilities,2019,FY,Instant,,2019-09-28,2019-10-31,10-K,248028000000,USD,0000320193-19-000119,
AAPL,Balance Sheet,Total Liabilities,Liabilities,2020,FY,Instant,,2019-09-28,2020-10-30,10-K,248028000000,USD,0000320193-20-000096,CY2019Q3I
AAPL,Balance Sheet,Total Liabilities,Liabilities,2020,FY,Instant,,2020-09-26,2020-10-30,10-K,258549000000,USD,0000320193-20-000096,
AAPL,Balance Sheet,Total Liabilities,Liabilities,2021,FY,Instant,,2020-09-26,2021-10-29,10-K,258549000000,USD,0000320193-21-000105,CY2020Q3I
AAPL,Balance Sheet,Total Liabilities,Liabilities,2021,FY,Instant,,2021-09-25,2021-10-29,10-K,287912000000,USD,0000320193-21-000105,
AAPL,Balance Sheet,Total Liabilities,Liabilities,2022,FY,Instant,,2021-09-25,2022-10-28,10-K,287912000000,USD,0000320193-22-000108,CY2021Q3I
AAPL,Balance Sheet,Total Liabilities,Liabilities,2022,FY,Instant,,2022-09-24,2022-10-28,10-K,302083000000,USD,0000320193-22-000108,
AAPL,Balance Sheet,Total Liabilities,Liabilities,2023,FY,Instant,,2022-09-24,2023-11-03,10-K,302083000000,USD,0000320193-23-000106,CY2022Q3I
AAPL,Balance Sheet,Total Liabilities,Liabilities,2023,FY,Instant,,2023-09-30,2023-11-03,10-K,290437000000,USD,0000320193-23-000106,
AAPL,Balance Sheet,Total Liabilities,Liabilities,2024,FY,Instant,,2023-09-30,2024-11-01,10-K,290437000000,USD,0000320193-24-000123,CY2023Q3I
AAPL,Balance Sheet,Total Liabilities,Liabilities,2024,FY,Instant,,2024-09-28,2024-11-01,10-K,308030000000,USD,0000320193-24-000123,
AAPL,Balance Sheet,Total Liabilities,Liabilities,2025,FY,Instant,,2024-09-28,2025-10-31,10-K,308030000000,USD,0000320193-25-000079,CY2024Q3I
AAPL,Balance Sheet,Total Liabilities,Liabilities,2025,FY,Instant,,2025-09-27,2025-10-31,10-K,285508000000,USD,0000320193-25-000079,
AAPL,Balance Sheet,Total Liabilities,Liabilities,2010,Q1,Instant,,2009-09-26,2010-01-25,10-Q,15861000000,USD,0001193125-10-012085,
AAPL,Balance Sheet,Total Liabilities,Liabilities,2010,Q1,Instant,,2009-12-26,2010-01-25,10-Q,18158000000,USD,0001193125-10-012085,CY2009Q4I
AAPL,Balance Sheet,Total Liabilities,Liabilities,2011,Q1,Instant,,2010-09-25,2011-01-19,10-Q,27392000000,USD,0001193125-11-010144,
AAPL,Balance Sheet,Total Liabilities,Liabilities,2011,Q1,Instant,,2010-12-25,2011-01-19,10-Q,32076000000,USD,0001193125-11-010144,CY2010Q4I
AAPL,Balance Sheet,Total Liabilities,Liabilities,2012,Q1,Instant,,2011-09-24,2012-01-25,10-Q,39756000000,USD,0001193125-12-023398,
AAPL,Balance Sheet,Total Liabilities,Liabilities,2012,Q1,Instant,,2011-12-31,2012-01-25,10-Q,48627000000,USD,0001193125-12-023398,CY2011Q4I
AAPL,Balance Sheet,Total Liabilities,Liabilities,2013,Q1,Instant,,2012-09-29,2013-01-24,10-Q,57854000000,USD,0001193125-13-022339,
AAPL,Balance Sheet,Total Liabilities,Liabilities,2013,Q1,Instant,,2012-12-29,2013-01-24,10-Q,68742000000,USD,0001193125-13-022339,CY2012Q4I
AAPL,Balance Sheet,Total Liabilities,Liabilities,2014,Q1,Instant,,2013-09-28,2014-01-28,10-Q,83451000000,USD,0001193125-14-024487,
AAPL,Balance Sheet,Total Liabilities,Liabilities,2014,Q1,Instant,,2013-12-28,2014-01-28,10-Q,95500000000,USD,0001193125-14-024487,CY2013Q4I
AAPL,Balance Sheet,Total Liabilities,Liabilities,2015,Q1,Instant,,2014-09-27,2015-01-28,10-Q,120292000000,USD,0001193125-15-023697,
AAPL,Balance Sheet,Total Liabilities,Liabilities,2015,Q1,Instant,,2014-12-27,2015-01-28,10-Q,138566000000,USD,0001193125-15-023697,CY2014Q4I
AAPL,Balance Sheet,Total Liabilities,Liabilities,2016,Q1,Instant,,2015-09-26,2016-01-27,10-Q,171124000000,USD,0001193125-16-439878,
AAPL,Balance Sheet,Total Liabilities,Liabilities,2016,Q1,Instant,,2015-12-26,2016-01-27,10-Q,165017000000,USD,0001193125-16-439878,CY2015Q4I
AAPL,Balance Sheet,Total Liabilities,Liabilities,2017,Q1,Instant,,2016-09-24,2017-02-01,10-Q,193437000000,USD,0001628280-17-000717,
AAPL,Balance Sheet,Total Liabilities,Liabilities,2017,Q1,Instant,,2016-12-31,2017-02-01,10-Q,198751000000,USD,0001628280-17-000717,CY2016Q4I
AAPL,Balance Sheet,Total Liabilities,Liabilities,2018,Q1,Instant,,2017-09-30,2018-02-02,10-Q,241272000000,USD,0000320193-18-000007,
AAPL,Balance Sheet,Total Liabilities,Liabilities,2018,Q1,Instant,,2017-12-30,2018-02-02,10-Q,266595000000,USD,0000320193-18-000007,CY2017Q4I
AAPL,Balance Sheet,Total Liabilities,Liabilities,2019,Q1,Instant,,2018-09-29,2019-01-30,10-Q,258578000000,USD,0000320193-19-000010,
AAPL,Balance Sheet,Total Liabilities,Liabilities,2019,Q1,Instant,,2018-12-29,2019-01-30,10-Q,255827000000,USD,0000320193-19-000010,CY2018Q4I
AAPL,Balance Sheet,Total Liabilities,Liabilities,2020,Q1,Instant,,2019-09-28,2020-01-29,10-Q,248028000000,USD,0000320193-20-000010,
AAPL,Balance Sheet,Total Liabilities,Liabilities,2020,Q1,Instant,,2019-12-28,2020-01-29,10-Q,251087000000,USD,0000320193-20-000010,CY2019Q4I
AAPL,Balance Sheet,Total Liabilities,Liabilities,2021,Q1,Instant,,2020-09-26,2021-01-28,10-Q,258549000000,USD,0000320193-21-000010,
AAPL,Balance Sheet,Total Liabilities,Liabilities,2021,Q1,Instant,,2020-12-26,2021-01-28,10-Q,287830000000,USD,0000320193-21-000010,CY2020Q4I
AAPL,Balance Sheet,Total Liabilities,Liabilities,2022,Q1,Instant,,2021-09-25,2022-01-28,10-Q,287912000000,USD,0000320193-22-000007,
AAPL,Balance Sheet,Total Liabilities,Liabilities,2022,Q1,Instant,,2021-12-25,2022-01-28,10-Q,309259000000,USD,0000320193-22-000007,CY2021Q4I
AAPL,Balance Sheet,Total Liabilities,Liabilities,2023,Q1,Instant,,2022-09-24,2023-02-03,10-Q,302083000000,USD,0000320193-23-000006,
AAPL,Balance Sheet,Total Liabilities,Liabilities,2023,Q1,Instant,,2022-12-31,2023-02-03,10-Q,290020000000,USD,0000320193-23-000006,CY2022Q4I
AAPL,Balance Sheet,Total Liabilities,Liabilities,2024,Q1,Instant,,2023-09-30,2024-02-02,10-Q,290437000000,USD,0000320193-24-000006,
AAPL,Balance Sheet,Total Liabilities,Liabilities,2024,Q1,Instant,,2023-12-30,2024-02-02,10-Q,279414000000,USD,0000320193-24-000006,CY2023Q4I
AAPL,Balance Sheet,Total Liabilities,Liabilities,2025,Q1,Instant,,2024-09-28,2025-01-31,10-Q,308030000000,USD,0000320193-25-000008,
AAPL,Balance Sheet,Total Liabilities,Liabilities,2025,Q1,Instant,,2024-12-28,2025-01-31,10-Q,277327000000,USD,0000320193-25-000008,CY2024Q4I
AAPL,Balance Sheet,Total Liabilities,Liabilities,2026,Q1,Instant,,2025-09-27,2026-01-30,10-Q,285508000000,USD,0000320193-26-000006,
AAPL,Balance Sheet,Total Liabilities,Liabilities,2026,Q1,Instant,,2025-12-27,2026-01-30,10-Q,291107000000,USD,0000320193-26-000006,CY2025Q4I
AAPL,Balance Sheet,Total Liabilities,Liabilities,2010,Q2,Instant,,2009-09-26,2010-04-21,10-Q,15861000000,USD,0001193125-10-088957,
AAPL,Balance Sheet,Total Liabilities,Liabilities,2010,Q2,Instant,,2010-03-27,2010-04-21,10-Q,17709000000,USD,0001193125-10-088957,CY2010Q1I
AAPL,Balance Sheet,Total Liabilities,Liabilities,2011,Q2,Instant,,2010-09-25,2011-04-21,10-Q,27392000000,USD,0001193125-11-104388,
AAPL,Balance Sheet,Total Liabilities,Liabilities,2011,Q2,Instant,,2011-03-26,2011-04-21,10-Q,33427000000,USD,0001193125-11-104388,CY2011Q1I
AAPL,Balance Sheet,Total Liabilities,Liabilities,2012,Q2,Instant,,2011-09-24,2012-04-25,10-Q,39756000000,USD,0001193125-12-182321,
AAPL,Balance Sheet,Total Liabilities,Liabilities,2012,Q2,Instant,,2012-03-31,2012-04-25,10-Q,48436000000,USD,0001193125-12-182321,CY2012Q1I
AAPL,Balance Sheet,Total Liabilities,Liabilities,2013,Q2,Instant,,2012-09-29,2013-04-24,10-Q,57854000000,USD,0001193125-13-168288,
AAPL,Balance Sheet,Total Liabilities,Liabilities,2013,Q2,Instant,,2013-03-30,2013-04-24,10-Q,59253000000,USD,0001193125-13-168288,CY2013Q1I
AAPL,Balance Sheet,Total Liabilities,Liabilities,2014,Q2,Instant,,2013-09-28,2014-04-24,10-Q,83451000000,USD,0001193125-14-157311,
AAPL,Balance Sheet,Total Liabilities,Liabilities,2014,Q2,Instant,,2014-03-29,2014-04-24,10-Q,85810000000,USD,0001193125-14-157311,CY2014Q1I
AAPL,Balance Sheet,Total Liabilities,Liabilities,2015,Q2,Instant,,2014-09-27,2015-04-28,10-Q,120292000000,USD,0001193125-15-153166,
AAPL,Balance Sheet,Total Liabilities,Liabilities,2015,Q2,Instant,,2015-03-28,2015-04-28,10-Q,132188000000,USD,0001193125-15-153166,CY2015Q1I
AAPL,Balance Sheet,Total Liabilities,Liabilities,2016,Q2,Instant,,2015-09-26,2016-04-27,10-Q,171124000000,USD,0001193125-16-559625,
AAPL,Balance Sheet,Total Liabilities,Liabilities,2016,Q2,Instant,,2016-03-26,2016-04-27,10-Q,174820000000,USD,0001193125-16-559625,CY2016Q1I
AAPL,Balance Sheet,Total Liabilities,Liabilities,2017,Q2,Instant,,2016-09-24,2017-05-03,10-Q,193437000000,USD,0001628280-17-004790,
AAPL,Balance Sheet,Total Liabilities,Liabilities,2017,Q2,Instant,,2017-04-01,2017-05-03,10-Q,200450000000,USD,0001628280-17-004790,CY2017Q1I
AAPL,Balance Sheet,Total Liabilities,Liabilities,2018,Q2,Instant,,2017-09-30,2018-05-02,10-Q,241272000000,USD,0000320193-18-000070,
AAPL,Balance Sheet,Total Liabilities,Liabilities,2018,Q2,Instant,,2018-03-31,2018-05-02,10-Q,240624000000,USD,0000320193-18-000070,CY2018Q1I
AAPL,Balance Sheet,Total Liabilities,Liabilities,2019,Q2,Instant,,2018-09-29,2019-05-01,10-Q,258578000000,USD,0000320193-19-000066,
AAPL,Balance Sheet,Total Liabilities,Liabilities,2019,Q2,Instant,,2019-03-30,2019-05-01,10-Q,236138000000,USD,0000320193-19-000066,CY2019Q1I
AAPL,Balance Sheet,Total Liabilities,Liabilities,2020,Q2,Instant,,2019-09-28,2020-05-01,10-Q,248028000000,USD,0000320193-20-000052,
AAPL,Balance Sheet,Total Liabilities,Liabilities,2020,Q2,Instant,,2020-03-28,2020-05-01,10-Q,241975000000,USD,0000320193-20-000052,CY2020Q1I
AAPL,Balance Sheet,Total Liabilities,Liabilities,2021,Q2,Instant,,2020-09-26,2021-04-29,10-Q,258549000000,USD,0000320193-21-000056,
AAPL,Balance Sheet,Total Liabilities,Liabilities,2021,Q2,Instant,,2021-03-27,2021-04-29,10-Q,267980000000,USD,0000320193-21-000056,CY2021Q1I
AAPL,Balance Sheet,Total Liabilities,Liabilities,2022,Q2,Instant,,2021-09-25,2022-04-29,10-Q,287912000000,USD,0000320193-22-000059,
AAPL,Balance Sheet,Total Liabilities,Liabilities,2022,Q2,Instant,,2022-03-26,2022-04-29,10-Q,283263000000,USD,0000320193-22-000059,CY2022Q1I
AAPL,Balance Sheet,Total Liabilities,Liabilities,2023,Q2,Instant,,2022-09-24,2023-05-05,10-Q,302083000000,USD,0000320193-23-000064,
AAPL,Balance Sheet,Total Liabilities,Liabilities,2023,Q2,Instant,,2023-04-01,2023-05-05,10-Q,270002000000,USD,0000320193-23-000064,CY2023Q1I
AAPL,Balance Sheet,Total Liabilities,Liabilities,2024,Q2,Instant,,2023-09-30,2024-05-03,10-Q,290437000000,USD,0000320193-24-000069,
AAPL,Balance Sheet,Total Liabilities,Liabilities,2024,Q2,Instant,,2024-03-30,2024-05-03,10-Q,263217000000,USD,0000320193-24-000069,CY2024Q1I
AAPL,Balance Sheet,Total Liabilities,Liabilities,2025,Q2,Instant,,2024-09-28,2025-05-02,10-Q,308030000000,USD,0000320193-25-000057,
AAPL,Balance Sheet,Total Liabilities,Liabilities,2025,Q2,Instant,,2025-03-29,2025-05-02,10-Q,264437000000,USD,0000320193-25-000057,CY2025Q1I
AAPL,Balance Sheet,Total Liabilities,Liabilities,2026,Q2,Instant,,2025-09-27,2026-05-01,10-Q,285508000000,USD,0000320193-26-000013,
AAPL,Balance Sheet,Total Liabilities,Liabilities,2026,Q2,Instant,,2026-03-28,2026-05-01,10-Q,264591000000,USD,0000320193-26-000013,CY2026Q1I
AAPL,Balance Sheet,Total Liabilities,Liabilities,2009,Q3,Instant,,2008-09-27,2009-07-22,10-Q,18542000000,USD,0001193125-09-153165,
AAPL,Balance Sheet,Total Liabilities,Liabilities,2009,Q3,Instant,,2009-06-27,2009-07-22,10-Q,22252000000,USD,0001193125-09-153165,CY2009Q2I
AAPL,Balance Sheet,Total Liabilities,Liabilities,2010,Q3,Instant,,2009-09-26,2010-07-21,10-Q,15861000000,USD,0001193125-10-162840,
AAPL,Balance Sheet,Total Liabilities,Liabilities,2010,Q3,Instant,,2010-06-26,2010-07-21,10-Q,21614000000,USD,0001193125-10-162840,CY2010Q2I
AAPL,Balance Sheet,Total Liabilities,Liabilities,2011,Q3,Instant,,2010-09-25,2011-07-20,10-Q,27392000000,USD,0001193125-11-192493,
AAPL,Balance Sheet,Total Liabilities,Liabilities,2011,Q3,Instant,,2011-06-25,2011-07-20,10-Q,37415000000,USD,0001193125-11-192493,CY2011Q2I
AAPL,Balance Sheet,Total Liabilities,Liabilities,2012,Q3,Instant,,2011-09-24,2012-07-25,10-Q,39756000000,USD,0001193125-12-314552,
AAPL,Balance Sheet,Total Liabilities,Liabilities,2012,Q3,Instant,,2012-06-30,2012-07-25,10-Q,51150000000,USD,0001193125-12-314552,CY2012Q2I
AAPL,Balance Sheet,Total Liabilities,Liabilities,2013,Q3,Instant,,2012-09-29,2013-07-24,10-Q,57854000000,USD,0001193125-13-300670,
AAPL,Balance Sheet,Total Liabilities,Liabilities,2013,Q3,Instant,,2013-06-29,2013-07-24,10-Q,76502000000,USD,0001193125-13-300670,CY2013Q2I
AAPL,Balance Sheet,Total Liabilities,Liabilities,2014,Q3,Instant,,2013-09-28,2014-07-23,10-Q,83451000000,USD,0001193125-14-277160,
AAPL,Balance Sheet,Total Liabilities,Liabilities,2014,Q3,Instant,,2014-06-28,2014-07-23,10-Q,101580000000,USD,0001193125-14-277160,CY2014Q2I
AAPL,Balance Sheet,Total Liabilities,Liabilities,2015,Q3,Instant,,2014-09-27,2015-07-22,10-Q,120292000000,USD,0001193125-15-259935,
AAPL,Balance Sheet,Total Liabilities,Liabilities,2015,Q3,Instant,,2015-06-27,2015-07-22,10-Q,147474000000,USD,0001193125-15-259935,CY2015Q2I
AAPL,Balance Sheet,Total Liabilities,Liabilities,2016,Q3,Instant,,2015-09-26,2016-07-27,10-Q,171124000000,USD,0001628280-16-017809,
AAPL,Balance Sheet,Total Liabilities,Liabilities,2016,Q3,Instant,,2016-06-25,2016-07-27,10-Q,179061000000,USD,0001628280-16-017809,CY2016Q2I
AAPL,Balance Sheet,Total Liabilities,Liabilities,2017,Q3,Instant,,2016-09-24,2017-08-02,10-Q,193437000000,USD,0000320193-17-000009,
AAPL,Balance Sheet,Total Liabilities,Liabilities,2017,Q3,Instant,,2017-07-01,2017-08-02,10-Q,212748000000,USD,0000320193-17-000009,CY2017Q2I
AAPL,Balance Sheet,Total Liabilities,Liabilities,2018,Q3,Instant,,2017-09-30,2018-08-01,10-Q,241272000000,USD,0000320193-18-000100,
AAPL,Balance Sheet,Total Liabilities,Liabilities,2018,Q3,Instant,,2018-06-30,2018-08-01,10-Q,234248000000,USD,0000320193-18-000100,CY2018Q2I
AAPL,Balance Sheet,Total Liabilities,Liabilities,2019,Q3,Instant,,2018-09-29,2019-07-31,10-Q,258578000000,USD,0000320193-19-000076,
AAPL,Balance Sheet,Total Liabilities,Liabilities,2019,Q3,Instant,,2019-06-29,2019-07-31,10-Q,225783000000,USD,0000320193-19-000076,CY2019Q2I
AAPL,Balance Sheet,Total Liabilities,Liabilities,2020,Q3,Instant,,2019-09-28,2020-07-31,10-Q,248028000000,USD,0000320193-20-000062,
AAPL,Balance Sheet,Total Liabilities,Liabilities,2020,Q3,Instant,,2020-06-27,2020-07-31,10-Q,245062000000,USD,0000320193-20-000062,CY2020Q2I
AAPL,Balance Sheet,Total Liabilities,Liabilities,2021,Q3,Instant,,2020-09-26,2021-07-28,10-Q,258549000000,USD,0000320193-21-000065,
AAPL,Balance Sheet,Total Liabilities,Liabilities,2021,Q3,Instant,,2021-06-26,2021-07-28,10-Q,265560000000,USD,0000320193-21-000065,CY2021Q2I
AAPL,Balance Sheet,Total Liabilities,Liabilities,2022,Q3,Instant,,2021-09-25,2022-07-29,10-Q,287912000000,USD,0000320193-22-000070,
AAPL,Balance Sheet,Total Liabilities,Liabilities,2022,Q3,Instant,,2022-06-25,2022-07-29,10-Q,278202000000,USD,0000320193-22-000070,CY2022Q2I
AAPL,Balance Sheet,Total Liabilities,Liabilities,2023,Q3,Instant,,2022-09-24,2023-08-04,10-Q,302083000000,USD,0000320193-23-000077,
AAPL,Balance Sheet,Total Liabilities,Liabilities,2023,Q3,Instant,,2023-07-01,2023-08-04,10-Q,274764000000,USD,0000320193-23-000077,CY2023Q2I
AAPL,Balance Sheet,Total Liabilities,Liabilities,2024,Q3,Instant,,2023-09-30,2024-08-02,10-Q,290437000000,USD,0000320193-24-000081,
AAPL,Balance Sheet,Total Liabilities,Liabilities,2024,Q3,Instant,,2024-06-29,2024-08-02,10-Q,264904000000,USD,0000320193-24-000081,CY2024Q2I
AAPL,Balance Sheet,Total Liabilities,Liabilities,2025,Q3,Instant,,2024-09-28,2025-08-01,10-Q,308030000000,USD,0000320193-25-000073,
AAPL,Balance Sheet,Total Liabilities,Liabilities,2025,Q3,Instant,,2025-06-28,2025-08-01,10-Q,265665000000,USD,0000320193-25-000073,CY2025Q2I
AAPL,Balance Sheet,Total Liabilities,Liabilities,2026,Q3,Instant,,2025-09-27,2026-07-31,10-Q,285508000000,USD,0000320193-26-000020,CY2025Q3I
AAPL,Balance Sheet,Total Liabilities,Liabilities,2026,Q3,Instant,,2026-06-27,2026-07-31,10-Q,275746000000,USD,0000320193-26-000020,CY2026Q2I
AAPL,Cash Flow,Capital Expenditures,PaymentsToAcquirePropertyPlantAndEquipment,2015,FY,Annual,2012-09-30,2013-09-28,2015-10-28,10-K,8165000000,USD,0001193125-15-356351,CY2013
AAPL,Cash Flow,Capital Expenditures,PaymentsToAcquirePropertyPlantAndEquipment,2015,FY,Annual,2013-09-29,2014-09-27,2015-10-28,10-K,9571000000,USD,0001193125-15-356351,
AAPL,Cash Flow,Capital Expenditures,PaymentsToAcquirePropertyPlantAndEquipment,2016,FY,Annual,2013-09-29,2014-09-27,2016-10-26,10-K,9571000000,USD,0001628280-16-020309,CY2014
AAPL,Cash Flow,Capital Expenditures,PaymentsToAcquirePropertyPlantAndEquipment,2015,FY,Annual,2014-09-28,2015-09-26,2015-10-28,10-K,11247000000,USD,0001193125-15-356351,
AAPL,Cash Flow,Capital Expenditures,PaymentsToAcquirePropertyPlantAndEquipment,2016,FY,Annual,2014-09-28,2015-09-26,2016-10-26,10-K,11247000000,USD,0001628280-16-020309,
AAPL,Cash Flow,Capital Expenditures,PaymentsToAcquirePropertyPlantAndEquipment,2017,FY,Annual,2014-09-28,2015-09-26,2017-11-03,10-K,11247000000,USD,0000320193-17-000070,CY2015
AAPL,Cash Flow,Capital Expenditures,PaymentsToAcquirePropertyPlantAndEquipment,2016,FY,Annual,2015-09-27,2016-09-24,2016-10-26,10-K,12734000000,USD,0001628280-16-020309,
AAPL,Cash Flow,Capital Expenditures,PaymentsToAcquirePropertyPlantAndEquipment,2017,FY,Annual,2015-09-27,2016-09-24,2017-11-03,10-K,12734000000,USD,0000320193-17-000070,
AAPL,Cash Flow,Capital Expenditures,PaymentsToAcquirePropertyPlantAndEquipment,2018,FY,Annual,2015-09-27,2016-09-24,2018-11-05,10-K,12734000000,USD,0000320193-18-000145,CY2016
AAPL,Cash Flow,Capital Expenditures,PaymentsToAcquirePropertyPlantAndEquipment,2017,FY,Annual,2016-09-25,2017-09-30,2017-11-03,10-K,12451000000,USD,0000320193-17-000070,
AAPL,Cash Flow,Capital Expenditures,PaymentsToAcquirePropertyPlantAndEquipment,2018,FY,Annual,2016-09-25,2017-09-30,2018-11-05,10-K,12451000000,USD,0000320193-18-000145,
AAPL,Cash Flow,Capital Expenditures,PaymentsToAcquirePropertyPlantAndEquipment,2019,FY,Annual,2016-09-25,2017-09-30,2019-10-31,10-K,12451000000,USD,0000320193-19-000119,CY2017
AAPL,Cash Flow,Capital Expenditures,PaymentsToAcquirePropertyPlantAndEquipment,2018,FY,Annual,2017-10-01,2018-09-29,2018-11-05,10-K,13313000000,USD,0000320193-18-000145,
AAPL,Cash Flow,Capital Expenditures,PaymentsToAcquirePropertyPlantAndEquipment,2019,FY,Annual,2017-10-01,2018-09-29,2019-10-31,10-K,13313000000,USD,0000320193-19-000119,
AAPL,Cash Flow,Capital Expenditures,PaymentsToAcquirePropertyPlantAndEquipment,2020,FY,Annual,2017-10-01,2018-09-29,2020-10-30,10-K,13313000000,USD,0000320193-20-000096,CY2018
AAPL,Cash Flow,Capital Expenditures,PaymentsToAcquirePropertyPlantAndEquipment,2019,FY,Annual,2018-09-30,2019-09-28,2019-10-31,10-K,10495000000,USD,0000320193-19-000119,
AAPL,Cash Flow,Capital Expenditures,PaymentsToAcquirePropertyPlantAndEquipment,2020,FY,Annual,2018-09-30,2019-09-28,2020-10-30,10-K,10495000000,USD,0000320193-20-000096,
AAPL,Cash Flow,Capital Expenditures,PaymentsToAcquirePropertyPlantAndEquipment,2021,FY,Annual,2018-09-30,2019-09-28,2021-10-29,10-K,10495000000,USD,0000320193-21-000105,CY2019
AAPL,Cash Flow,Capital Expenditures,PaymentsToAcquirePropertyPlantAndEquipment,2020,FY,Annual,2019-09-29,2020-09-26,2020-10-30,10-K,7309000000,USD,0000320193-20-000096,
AAPL,Cash Flow,Capital Expenditures,PaymentsToAcquirePropertyPlantAndEquipment,2021,FY,Annual,2019-09-29,2020-09-26,2021-10-29,10-K,7309000000,USD,0000320193-21-000105,
AAPL,Cash Flow,Capital Expenditures,PaymentsToAcquirePropertyPlantAndEquipment,2022,FY,Annual,2019-09-29,2020-09-26,2022-10-28,10-K,7309000000,USD,0000320193-22-000108,CY2020
AAPL,Cash Flow,Capital Expenditures,PaymentsToAcquirePropertyPlantAndEquipment,2021,FY,Annual,2020-09-27,2021-09-25,2021-10-29,10-K,11085000000,USD,0000320193-21-000105,
AAPL,Cash Flow,Capital Expenditures,PaymentsToAcquirePropertyPlantAndEquipment,2022,FY,Annual,2020-09-27,2021-09-25,2022-10-28,10-K,11085000000,USD,0000320193-22-000108,
AAPL,Cash Flow,Capital Expenditures,PaymentsToAcquirePropertyPlantAndEquipment,2023,FY,Annual,2020-09-27,2021-09-25,2023-11-03,10-K,11085000000,USD,0000320193-23-000106,CY2021
AAPL,Cash Flow,Capital Expenditures,PaymentsToAcquirePropertyPlantAndEquipment,2022,FY,Annual,2021-09-26,2022-09-24,2022-10-28,10-K,10708000000,USD,0000320193-22-000108,
AAPL,Cash Flow,Capital Expenditures,PaymentsToAcquirePropertyPlantAndEquipment,2023,FY,Annual,2021-09-26,2022-09-24,2023-11-03,10-K,10708000000,USD,0000320193-23-000106,
AAPL,Cash Flow,Capital Expenditures,PaymentsToAcquirePropertyPlantAndEquipment,2024,FY,Annual,2021-09-26,2022-09-24,2024-11-01,10-K,10708000000,USD,0000320193-24-000123,CY2022
AAPL,Cash Flow,Capital Expenditures,PaymentsToAcquirePropertyPlantAndEquipment,2023,FY,Annual,2022-09-25,2023-09-30,2023-11-03,10-K,10959000000,USD,0000320193-23-000106,
AAPL,Cash Flow,Capital Expenditures,PaymentsToAcquirePropertyPlantAndEquipment,2024,FY,Annual,2022-09-25,2023-09-30,2024-11-01,10-K,10959000000,USD,0000320193-24-000123,
AAPL,Cash Flow,Capital Expenditures,PaymentsToAcquirePropertyPlantAndEquipment,2025,FY,Annual,2022-09-25,2023-09-30,2025-10-31,10-K,10959000000,USD,0000320193-25-000079,CY2023
AAPL,Cash Flow,Capital Expenditures,PaymentsToAcquirePropertyPlantAndEquipment,2024,FY,Annual,2023-10-01,2024-09-28,2024-11-01,10-K,9447000000,USD,0000320193-24-000123,
AAPL,Cash Flow,Capital Expenditures,PaymentsToAcquirePropertyPlantAndEquipment,2025,FY,Annual,2023-10-01,2024-09-28,2025-10-31,10-K,9447000000,USD,0000320193-25-000079,CY2024
AAPL,Cash Flow,Capital Expenditures,PaymentsToAcquirePropertyPlantAndEquipment,2025,FY,Annual,2024-09-29,2025-09-27,2025-10-31,10-K,12715000000,USD,0000320193-25-000079,CY2025
AAPL,Cash Flow,Capital Expenditures,PaymentsToAcquirePropertyPlantAndEquipment,2015,Q1,Quarter,2013-09-29,2013-12-28,2015-01-28,10-Q,1985000000,USD,0001193125-15-023697,CY2013Q4
AAPL,Cash Flow,Capital Expenditures,PaymentsToAcquirePropertyPlantAndEquipment,2015,Q1,Quarter,2014-09-28,2014-12-27,2015-01-28,10-Q,3217000000,USD,0001193125-15-023697,
AAPL,Cash Flow,Capital Expenditures,PaymentsToAcquirePropertyPlantAndEquipment,2016,Q1,Quarter,2014-09-28,2014-12-27,2016-01-27,10-Q,3217000000,USD,0001193125-16-439878,CY2014Q4
AAPL,Cash Flow,Capital Expenditures,PaymentsToAcquirePropertyPlantAndEquipment,2016,Q1,Quarter,2015-09-27,2015-12-26,2016-01-27,10-Q,3612000000,USD,0001193125-16-439878,
AAPL,Cash Flow,Capital Expenditures,PaymentsToAcquirePropertyPlantAndEquipment,2017,Q1,Quarter,2015-09-27,2015-12-26,2017-02-01,10-Q,3612000000,USD,0001628280-17-000717,CY2015Q4
AAPL,Cash Flow,Capital Expenditures,PaymentsToAcquirePropertyPlantAndEquipment,2017,Q1,Quarter,2016-09-25,2016-12-31,2017-02-01,10-Q,3334000000,USD,0001628280-17-000717,
AAPL,Cash Flow,Capital Expenditures,PaymentsToAcquirePropertyPlantAndEquipment,2018,Q1,Quarter,2016-09-25,2016-12-31,2018-02-02,10-Q,3334000000,USD,0000320193-18-000007,CY2016Q4
AAPL,Cash Flow,Capital Expenditures,PaymentsToAcquirePropertyPlantAndEquipment,2018,Q1,Quarter,2017-10-01,2017-12-30,2018-02-02,10-Q,2810000000,USD,0000320193-18-000007,
AAPL,Cash Flow,Capital Expenditures,PaymentsToAcquirePropertyPlantAndEquipment,2019,Q1,Quarter,2017-10-01,2017-12-30,2019-01-30,10-Q,2810000000,USD,0000320193-19-000010,CY2017Q4
AAPL,Cash Flow,Capital Expenditures,PaymentsToAcquirePropertyPlantAndEquipment,2019,Q1,Quarter,2018-09-30,2018-12-29,2019-01-30,10-Q,3355000000,USD,0000320193-19-000010,
AAPL,Cash Flow,Capital Expenditures,PaymentsToAcquirePropertyPlantAndEquipment,2020,Q1,Quarter,2018-09-30,2018-12-29,2020-01-29,10-Q,3355000000,USD,0000320193-20-000010,CY2018Q4
AAPL,Cash Flow,Capital Expenditures,PaymentsToAcquirePropertyPlantAndEquipment,2020,Q1,Quarter,2019-09-29,2019-12-28,2020-01-29,10-Q,2107000000,USD,0000320193-20-000010,
AAPL,Cash Flow,Capital Expenditures,PaymentsToAcquirePropertyPlantAndEquipment,2021,Q1,Quarter,2019-09-29,2019-12-28,2021-01-28,10-Q,2107000000,USD,0000320193-21-000010,CY2019Q4
AAPL,Cash Flow,Capital Expenditures,PaymentsToAcquirePropertyPlantAndEquipment,2021,Q1,Quarter,2020-09-27,2020-12-26,2021-01-28,10-Q,3500000000,USD,0000320193-21-000010,
AAPL,Cash Flow,Capital Expenditures,PaymentsToAcquirePropertyPlantAndEquipment,2022,Q1,Quarter,2020-09-27,2020-12-26,2022-01-28,10-Q,3500000000,USD,0000320193-22-000007,CY2020Q4
AAPL,Cash Flow,Capital Expenditures,PaymentsToAcquirePropertyPlantAndEquipment,2022,Q1,Quarter,2021-09-26,2021-12-25,2022-01-28,10-Q,2803000000,USD,0000320193-22-000007,
AAPL,Cash Flow,Capital Expenditures,PaymentsToAcquirePropertyPlantAndEquipment,2023,Q1,Quarter,2021-09-26,2021-12-25,2023-02-03,10-Q,2803000000,USD,0000320193-23-000006,CY2021Q4
AAPL,Cash Flow,Capital Expenditures,PaymentsToAcquirePropertyPlantAndEquipment,2023,Q1,Quarter,2022-09-25,2022-12-31,2023-02-03,10-Q,3787000000,USD,0000320193-23-000006,
AAPL,Cash Flow,Capital Expenditures,PaymentsToAcquirePropertyPlantAndEquipment,2024,Q1,Quarter,2022-09-25,2022-12-31,2024-02-02,10-Q,3787000000,USD,0000320193-24-000006,CY2022Q4
AAPL,Cash Flow,Capital Expenditures,PaymentsToAcquirePropertyPlantAndEquipment,2024,Q1,Quarter,2023-10-01,2023-12-30,2024-02-02,10-Q,2392000000,USD,0000320193-24-000006,
AAPL,Cash Flow,Capital Expenditures,PaymentsToAcquirePropertyPlantAndEquipment,2025,Q1,Quarter,2023-10-01,2023-12-30,2025-01-31,10-Q,2392000000,USD,0000320193-25-000008,CY2023Q4
AAPL,Cash Flow,Capital Expenditures,PaymentsToAcquirePropertyPlantAndEquipment,2025,Q1,Quarter,2024-09-29,2024-12-28,2025-01-31,10-Q,2940000000,USD,0000320193-25-000008,
AAPL,Cash Flow,Capital Expenditures,PaymentsToAcquirePropertyPlantAndEquipment,2026,Q1,Quarter,2024-09-29,2024-12-28,2026-01-30,10-Q,2940000000,USD,0000320193-26-000006,CY2024Q4
AAPL,Cash Flow,Capital Expenditures,PaymentsToAcquirePropertyPlantAndEquipment,2026,Q1,Quarter,2025-09-28,2025-12-27,2026-01-30,10-Q,2373000000,USD,0000320193-26-000006,CY2025Q4
AAPL,Cash Flow,Capital Expenditures,PaymentsToAcquirePropertyPlantAndEquipment,2015,Q2,YTD,2013-09-29,2014-03-29,2015-04-28,10-Q,3367000000,USD,0001193125-15-153166,
AAPL,Cash Flow,Capital Expenditures,PaymentsToAcquirePropertyPlantAndEquipment,2015,Q2,YTD,2014-09-28,2015-03-28,2015-04-28,10-Q,5586000000,USD,0001193125-15-153166,
AAPL,Cash Flow,Capital Expenditures,PaymentsToAcquirePropertyPlantAndEquipment,2016,Q2,YTD,2014-09-28,2015-03-28,2016-04-27,10-Q,5586000000,USD,0001193125-16-559625,
AAPL,Cash Flow,Capital Expenditures,PaymentsToAcquirePropertyPlantAndEquipment,2016,Q2,YTD,2015-09-27,2016-03-26,2016-04-27,10-Q,5948000000,USD,0001193125-16-559625,
AAPL,Cash Flow,Capital Expenditures,PaymentsToAcquirePropertyPlantAndEquipment,2017,Q2,YTD,2015-09-27,2016-03-26,2017-05-03,10-Q,5948000000,USD,0001628280-17-004790,
AAPL,Cash Flow,Capital Expenditures,PaymentsToAcquirePropertyPlantAndEquipment,2017,Q2,YTD,2016-09-25,2017-04-01,2017-05-03,10-Q,6309000000,USD,0001628280-17-004790,
AAPL,Cash Flow,Capital Expenditures,PaymentsToAcquirePropertyPlantAndEquipment,2018,Q2,YTD,2016-09-25,2017-04-01,2018-05-02,10-Q,6309000000,USD,0000320193-18-000070,
AAPL,Cash Flow,Capital Expenditures,PaymentsToAcquirePropertyPlantAndEquipment,2018,Q2,YTD,2017-10-01,2018-03-31,2018-05-02,10-Q,7005000000,USD,0000320193-18-000070,
AAPL,Cash Flow,Capital Expenditures,PaymentsToAcquirePropertyPlantAndEquipment,2019,Q2,YTD,2017-10-01,2018-03-31,2019-05-01,10-Q,7005000000,USD,0000320193-19-000066,
AAPL,Cash Flow,Capital Expenditures,PaymentsToAcquirePropertyPlantAndEquipment,2019,Q2,YTD,2018-09-30,2019-03-30,2019-05-01,10-Q,5718000000,USD,0000320193-19-000066,
AAPL,Cash Flow,Capital Expenditures,PaymentsToAcquirePropertyPlantAndEquipment,2020,Q2,YTD,2018-09-30,2019-03-30,2020-05-01,10-Q,5718000000,USD,0000320193-20-000052,
AAPL,Cash Flow,Capital Expenditures,PaymentsToAcquirePropertyPlantAndEquipment,2020,Q2,YTD,2019-09-29,2020-03-28,2020-05-01,10-Q,3960000000,USD,0000320193-20-000052,
AAPL,Cash Flow,Capital Expenditures,PaymentsToAcquirePropertyPlantAndEquipment,2021,Q2,YTD,2019-09-29,2020-03-28,2021-04-29,10-Q,3960000000,USD,0000320193-21-000056,
AAPL,Cash Flow,Capital Expenditures,PaymentsToAcquirePropertyPlantAndEquipment,2021,Q2,YTD,2020-09-27,2021-03-27,2021-04-29,10-Q,5769000000,USD,0000320193-21-000056,
AAPL,Cash Flow,Capital Expenditures,PaymentsToAcquirePropertyPlantAndEquipment,2022,Q2,YTD,2020-09-27,2021-03-27,2022-04-29,10-Q,5769000000,USD,0000320193-22-000059,
AAPL,Cash Flow,Capital Expenditures,PaymentsToAcquirePropertyPlantAndEquipment,2022,Q2,YTD,2021-09-26,2022-03-26,2022-04-29,10-Q,5317000000,USD,0000320193-22-000059,
AAPL,Cash Flow,Capital Expenditures,PaymentsToAcquirePropertyPlantAndEquipment,2023,Q2,YTD,2021-09-26,2022-03-26,2023-05-05,10-Q,5317000000,USD,0000320193-23-000064,
AAPL,Cash Flow,Capital Expenditures,PaymentsToAcquirePropertyPlantAndEquipment,2023,Q2,YTD,2022-09-25,2023-04-01,2023-05-05,10-Q,6703000000,USD,0000320193-23-000064,
AAPL,Cash Flow,Capital Expenditures,PaymentsToAcquirePropertyPlantAndEquipment,2024,Q2,YTD,2022-09-25,2023-04-01,2024-05-03,10-Q,6703000000,USD,0000320193-24-000069,
AAPL,Cash Flow,Capital Expenditures,PaymentsToAcquirePropertyPlantAndEquipment,2024,Q2,YTD,2023-10-01,2024-03-30,2024-05-03,10-Q,4388000000,USD,0000320193-24-000069,
AAPL,Cash Flow,Capital Expenditures,PaymentsToAcquirePropertyPlantAndEquipment,2025,Q2,YTD,2023-10-01,2024-03-30,2025-05-02,10-Q,4388000000,USD,0000320193-25-000057,
AAPL,Cash Flow,Capital Expenditures,PaymentsToAcquirePropertyPlantAndEquipment,2025,Q2,YTD,2024-09-29,2025-03-29,2025-05-02,10-Q,6011000000,USD,0000320193-25-000057,
AAPL,Cash Flow,Capital Expenditures,PaymentsToAcquirePropertyPlantAndEquipment,2026,Q2,YTD,2024-09-29,2025-03-29,2026-05-01,10-Q,6011000000,USD,0000320193-26-000013,
AAPL,Cash Flow,Capital Expenditures,PaymentsToAcquirePropertyPlantAndEquipment,2026,Q2,YTD,2025-09-28,2026-03-28,2026-05-01,10-Q,4344000000,USD,0000320193-26-000013,
AAPL,Cash Flow,Capital Expenditures,PaymentsToAcquirePropertyPlantAndEquipment,2015,Q3,Annual,2013-09-29,2014-06-28,2015-07-22,10-Q,5745000000,USD,0001193125-15-259935,
AAPL,Cash Flow,Capital Expenditures,PaymentsToAcquirePropertyPlantAndEquipment,2015,Q3,Annual,2014-09-28,2015-06-27,2015-07-22,10-Q,7629000000,USD,0001193125-15-259935,
AAPL,Cash Flow,Capital Expenditures,PaymentsToAcquirePropertyPlantAndEquipment,2016,Q3,Annual,2014-09-28,2015-06-27,2016-07-27,10-Q,7629000000,USD,0001628280-16-017809,
AAPL,Cash Flow,Capital Expenditures,PaymentsToAcquirePropertyPlantAndEquipment,2016,Q3,Annual,2015-09-27,2016-06-25,2016-07-27,10-Q,8757000000,USD,0001628280-16-017809,
AAPL,Cash Flow,Capital Expenditures,PaymentsToAcquirePropertyPlantAndEquipment,2017,Q3,Annual,2015-09-27,2016-06-25,2017-08-02,10-Q,8757000000,USD,0000320193-17-000009,
AAPL,Cash Flow,Capital Expenditures,PaymentsToAcquirePropertyPlantAndEquipment,2017,Q3,Annual,2016-09-25,2017-07-01,2017-08-02,10-Q,8586000000,USD,0000320193-17-000009,
AAPL,Cash Flow,Capital Expenditures,PaymentsToAcquirePropertyPlantAndEquipment,2018,Q3,Annual,2016-09-25,2017-07-01,2018-08-01,10-Q,8586000000,USD,0000320193-18-000100,
AAPL,Cash Flow,Capital Expenditures,PaymentsToAcquirePropertyPlantAndEquipment,2018,Q3,Annual,2017-10-01,2018-06-30,2018-08-01,10-Q,10272000000,USD,0000320193-18-000100,
AAPL,Cash Flow,Capital Expenditures,PaymentsToAcquirePropertyPlantAndEquipment,2019,Q3,Annual,2017-10-01,2018-06-30,2019-07-31,10-Q,10272000000,USD,0000320193-19-000076,
AAPL,Cash Flow,Capital Expenditures,PaymentsToAcquirePropertyPlantAndEquipment,2019,Q3,Annual,2018-09-30,2019-06-29,2019-07-31,10-Q,7718000000,USD,0000320193-19-000076,
AAPL,Cash Flow,Capital Expenditures,PaymentsToAcquirePropertyPlantAndEquipment,2020,Q3,Annual,2018-09-30,2019-06-29,2020-07-31,10-Q,7718000000,USD,0000320193-20-000062,
AAPL,Cash Flow,Capital Expenditures,PaymentsToAcquirePropertyPlantAndEquipment,2020,Q3,Annual,2019-09-29,2020-06-27,2020-07-31,10-Q,5525000000,USD,0000320193-20-000062,
AAPL,Cash Flow,Capital Expenditures,PaymentsToAcquirePropertyPlantAndEquipment,2021,Q3,Annual,2019-09-29,2020-06-27,2021-07-28,10-Q,5525000000,USD,0000320193-21-000065,
AAPL,Cash Flow,Capital Expenditures,PaymentsToAcquirePropertyPlantAndEquipment,2021,Q3,Annual,2020-09-27,2021-06-26,2021-07-28,10-Q,7862000000,USD,0000320193-21-000065,
AAPL,Cash Flow,Capital Expenditures,PaymentsToAcquirePropertyPlantAndEquipment,2022,Q3,Annual,2020-09-27,2021-06-26,2022-07-29,10-Q,7862000000,USD,0000320193-22-000070,
AAPL,Cash Flow,Capital Expenditures,PaymentsToAcquirePropertyPlantAndEquipment,2022,Q3,Annual,2021-09-26,2022-06-25,2022-07-29,10-Q,7419000000,USD,0000320193-22-000070,
AAPL,Cash Flow,Capital Expenditures,PaymentsToAcquirePropertyPlantAndEquipment,2023,Q3,Annual,2021-09-26,2022-06-25,2023-08-04,10-Q,7419000000,USD,0000320193-23-000077,
AAPL,Cash Flow,Capital Expenditures,PaymentsToAcquirePropertyPlantAndEquipment,2023,Q3,Annual,2022-09-25,2023-07-01,2023-08-04,10-Q,8796000000,USD,0000320193-23-000077,
AAPL,Cash Flow,Capital Expenditures,PaymentsToAcquirePropertyPlantAndEquipment,2024,Q3,Annual,2022-09-25,2023-07-01,2024-08-02,10-Q,8796000000,USD,0000320193-24-000081,
AAPL,Cash Flow,Capital Expenditures,PaymentsToAcquirePropertyPlantAndEquipment,2024,Q3,Annual,2023-10-01,2024-06-29,2024-08-02,10-Q,6539000000,USD,0000320193-24-000081,
AAPL,Cash Flow,Capital Expenditures,PaymentsToAcquirePropertyPlantAndEquipment,2025,Q3,Annual,2023-10-01,2024-06-29,2025-08-01,10-Q,6539000000,USD,0000320193-25-000073,
AAPL,Cash Flow,Capital Expenditures,PaymentsToAcquirePropertyPlantAndEquipment,2025,Q3,Annual,2024-09-29,2025-06-28,2025-08-01,10-Q,9473000000,USD,0000320193-25-000073,
AAPL,Cash Flow,Capital Expenditures,PaymentsToAcquirePropertyPlantAndEquipment,2026,Q3,Annual,2024-09-29,2025-06-28,2026-07-31,10-Q,9473000000,USD,0000320193-26-000020,
AAPL,Cash Flow,Capital Expenditures,PaymentsToAcquirePropertyPlantAndEquipment,2026,Q3,Annual,2025-09-28,2026-06-27,2026-07-31,10-Q,6799000000,USD,0000320193-26-000020,
AAPL,Cash Flow,Financing Cash Flow,NetCashProvidedByUsedInFinancingActivities,2009,FY,Annual,2006-10-01,2007-09-29,2009-10-27,10-K,739000000,USD,0001193125-09-214859,
AAPL,Cash Flow,Financing Cash Flow,NetCashProvidedByUsedInFinancingActivities,2009,FY,Annual,2007-09-30,2008-09-27,2009-10-27,10-K,1116000000,USD,0001193125-09-214859,
AAPL,Cash Flow,Financing Cash Flow,NetCashProvidedByUsedInFinancingActivities,2010,FY,Annual,2007-09-30,2008-09-27,2010-10-27,10-K,1116000000,USD,0001193125-10-238044,CY2008
AAPL,Cash Flow,Financing Cash Flow,NetCashProvidedByUsedInFinancingActivities,2009,FY,Annual,2008-09-28,2009-09-26,2009-10-27,10-K,663000000,USD,0001193125-09-214859,
AAPL,Cash Flow,Financing Cash Flow,NetCashProvidedByUsedInFinancingActivities,2010,FY,Annual,2008-09-28,2009-09-26,2010-10-27,10-K,663000000,USD,0001193125-10-238044,
AAPL,Cash Flow,Financing Cash Flow,NetCashProvidedByUsedInFinancingActivities,2011,FY,Annual,2008-09-28,2009-09-26,2011-10-26,10-K,663000000,USD,0001193125-11-282113,CY2009
AAPL,Cash Flow,Financing Cash Flow,NetCashProvidedByUsedInFinancingActivities,2010,FY,Annual,2009-09-27,2010-09-25,2010-10-27,10-K,1257000000,USD,0001193125-10-238044,
AAPL,Cash Flow,Financing Cash Flow,NetCashProvidedByUsedInFinancingActivities,2011,FY,Annual,2009-09-27,2010-09-25,2011-10-26,10-K,1257000000,USD,0001193125-11-282113,
AAPL,Cash Flow,Financing Cash Flow,NetCashProvidedByUsedInFinancingActivities,2012,FY,Annual,2009-09-27,2010-09-25,2012-10-31,10-K,1257000000,USD,0001193125-12-444068,
AAPL,Cash Flow,Financing Cash Flow,NetCashProvidedByUsedInFinancingActivities,2011,FY,Annual,2010-09-26,2011-09-24,2011-10-26,10-K,1444000000,USD,0001193125-11-282113,
AAPL,Cash Flow,Financing Cash Flow,NetCashProvidedByUsedInFinancingActivities,2012,FY,Annual,2010-09-26,2011-09-24,2012-10-31,10-K,1444000000,USD,0001193125-12-444068,
AAPL,Cash Flow,Financing Cash Flow,NetCashProvidedByUsedInFinancingActivities,2013,FY,Annual,2010-09-26,2011-09-24,2013-10-30,10-K,1444000000,USD,0001193125-13-416534,CY2011
AAPL,Cash Flow,Financing Cash Flow,NetCashProvidedByUsedInFinancingActivities,2012,FY,Annual,2011-09-25,2012-09-29,2012-10-31,10-K,-1698000000,USD,0001193125-12-444068,
AAPL,Cash Flow,Financing Cash Flow,NetCashProvidedByUsedInFinancingActivities,2013,FY,Annual,2011-09-25,2012-09-29,2013-10-30,10-K,-1698000000,USD,0001193125-13-416534,CY2012
AAPL,Cash Flow,Financing Cash Flow,NetCashProvidedByUsedInFinancingActivities,2013,FY,Annual,2012-09-30,2013-09-28,2013-10-30,10-K,-16379000000,USD,0001193125-13-416534,CY2013
AAPL,Cash Flow,Financing Cash Flow,NetCashProvidedByUsedInFinancingActivities,2017,FY,Annual,2014-09-28,2015-09-26,2017-11-03,10-K,-17716000000,USD,0000320193-17-000070,CY2015
AAPL,Cash Flow,Financing Cash Flow,NetCashProvidedByUsedInFinancingActivities,2017,FY,Annual,2015-09-27,2016-09-24,2017-11-03,10-K,-20483000000,USD,0000320193-17-000070,
AAPL,Cash Flow,Financing Cash Flow,NetCashProvidedByUsedInFinancingActivities,2018,FY,Annual,2015-09-27,2016-09-24,2018-11-05,10-K,-20890000000,USD,0000320193-18-000145,CY2016
AAPL,Cash Flow,Financing Cash Flow,NetCashProvidedByUsedInFinancingActivities,2017,FY,Annual,2016-09-25,2017-09-30,2017-11-03,10-K,-17347000000,USD,0000320193-17-000070,
AAPL,Cash Flow,Financing Cash Flow,NetCashProvidedByUsedInFinancingActivities,2018,FY,Annual,2016-09-25,2017-09-30,2018-11-05,10-K,-17974000000,USD,0000320193-18-000145,
AAPL,Cash Flow,Financing Cash Flow,NetCashProvidedByUsedInFinancingActivities,2019,FY,Annual,2016-09-25,2017-09-30,2019-10-31,10-K,-17974000000,USD,0000320193-19-000119,CY2017
AAPL,Cash Flow,Financing Cash Flow,NetCashProvidedByUsedInFinancingActivities,2018,FY,Annual,2017-10-01,2018-09-29,2018-11-05,10-K,-87876000000,USD,0000320193-18-000145,
AAPL,Cash Flow,Financing Cash Flow,NetCashProvidedByUsedInFinancingActivities,2019,FY,Annual,2017-10-01,2018-09-29,2019-10-31,10-K,-87876000000,USD,0000320193-19-000119,
AAPL,Cash Flow,Financing Cash Flow,NetCashProvidedByUsedInFinancingActivities,2020,FY,Annual,2017-10-01,2018-09-29,2020-10-30,10-K,-87876000000,USD,0000320193-20-000096,CY2018
AAPL,Cash Flow,Financing Cash Flow,NetCashProvidedByUsedInFinancingActivities,2019,FY,Annual,2018-09-30,2019-09-28,2019-10-31,10-K,-90976000000,USD,0000320193-19-000119,
AAPL,Cash Flow,Financing Cash Flow,NetCashProvidedByUsedInFinancingActivities,2020,FY,Annual,2018-09-30,2019-09-28,2020-10-30,10-K,-90976000000,USD,0000320193-20-000096,
AAPL,Cash Flow,Financing Cash Flow,NetCashProvidedByUsedInFinancingActivities,2021,FY,Annual,2018-09-30,2019-09-28,2021-10-29,10-K,-90976000000,USD,0000320193-21-000105,CY2019
AAPL,Cash Flow,Financing Cash Flow,NetCashProvidedByUsedInFinancingActivities,2020,FY,Annual,2019-09-29,2020-09-26,2020-10-30,10-K,-86820000000,USD,0000320193-20-000096,
AAPL,Cash Flow,Financing Cash Flow,NetCashProvidedByUsedInFinancingActivities,2021,FY,Annual,2019-09-29,2020-09-26,2021-10-29,10-K,-86820000000,USD,0000320193-21-000105,
AAPL,Cash Flow,Financing Cash Flow,NetCashProvidedByUsedInFinancingActivities,2022,FY,Annual,2019-09-29,2020-09-26,2022-10-28,10-K,-86820000000,USD,0000320193-22-000108,CY2020
AAPL,Cash Flow,Financing Cash Flow,NetCashProvidedByUsedInFinancingActivities,2021,FY,Annual,2020-09-27,2021-09-25,2021-10-29,10-K,-93353000000,USD,0000320193-21-000105,
AAPL,Cash Flow,Financing Cash Flow,NetCashProvidedByUsedInFinancingActivities,2022,FY,Annual,2020-09-27,2021-09-25,2022-10-28,10-K,-93353000000,USD,0000320193-22-000108,
AAPL,Cash Flow,Financing Cash Flow,NetCashProvidedByUsedInFinancingActivities,2023,FY,Annual,2020-09-27,2021-09-25,2023-11-03,10-K,-93353000000,USD,0000320193-23-000106,CY2021
AAPL,Cash Flow,Financing Cash Flow,NetCashProvidedByUsedInFinancingActivities,2022,FY,Annual,2021-09-26,2022-09-24,2022-10-28,10-K,-110749000000,USD,0000320193-22-000108,
AAPL,Cash Flow,Financing Cash Flow,NetCashProvidedByUsedInFinancingActivities,2023,FY,Annual,2021-09-26,2022-09-24,2023-11-03,10-K,-110749000000,USD,0000320193-23-000106,
AAPL,Cash Flow,Financing Cash Flow,NetCashProvidedByUsedInFinancingActivities,2024,FY,Annual,2021-09-26,2022-09-24,2024-11-01,10-K,-110749000000,USD,0000320193-24-000123,CY2022
AAPL,Cash Flow,Financing Cash Flow,NetCashProvidedByUsedInFinancingActivities,2023,FY,Annual,2022-09-25,2023-09-30,2023-11-03,10-K,-108488000000,USD,0000320193-23-000106,
AAPL,Cash Flow,Financing Cash Flow,NetCashProvidedByUsedInFinancingActivities,2024,FY,Annual,2022-09-25,2023-09-30,2024-11-01,10-K,-108488000000,USD,0000320193-24-000123,
AAPL,Cash Flow,Financing Cash Flow,NetCashProvidedByUsedInFinancingActivities,2025,FY,Annual,2022-09-25,2023-09-30,2025-10-31,10-K,-108488000000,USD,0000320193-25-000079,CY2023
AAPL,Cash Flow,Financing Cash Flow,NetCashProvidedByUsedInFinancingActivities,2024,FY,Annual,2023-10-01,2024-09-28,2024-11-01,10-K,-121983000000,USD,0000320193-24-000123,
AAPL,Cash Flow,Financing Cash Flow,NetCashProvidedByUsedInFinancingActivities,2025,FY,Annual,2023-10-01,2024-09-28,2025-10-31,10-K,-121983000000,USD,0000320193-25-000079,CY2024
AAPL,Cash Flow,Financing Cash Flow,NetCashProvidedByUsedInFinancingActivities,2025,FY,Annual,2024-09-29,2025-09-27,2025-10-31,10-K,-120686000000,USD,0000320193-25-000079,CY2025
AAPL,Cash Flow,Financing Cash Flow,NetCashProvidedByUsedInFinancingActivities,2010,Q1,Quarter,2008-09-28,2008-12-27,2010-01-25,10-Q,62000000,USD,0001193125-10-012085,CY2008Q4
AAPL,Cash Flow,Financing Cash Flow,NetCashProvidedByUsedInFinancingActivities,2010,Q1,Quarter,2009-09-27,2009-12-26,2010-01-25,10-Q,523000000,USD,0001193125-10-012085,
AAPL,Cash Flow,Financing Cash Flow,NetCashProvidedByUsedInFinancingActivities,2011,Q1,Quarter,2009-09-27,2009-12-26,2011-01-19,10-Q,523000000,USD,0001193125-11-010144,CY2009Q4
AAPL,Cash Flow,Financing Cash Flow,NetCashProvidedByUsedInFinancingActivities,2011,Q1,Quarter,2010-09-26,2010-12-25,2011-01-19,10-Q,429000000,USD,0001193125-11-010144,
AAPL,Cash Flow,Financing Cash Flow,NetCashProvidedByUsedInFinancingActivities,2012,Q1,Quarter,2010-09-26,2010-12-25,2012-01-25,10-Q,429000000,USD,0001193125-12-023398,CY2010Q4
AAPL,Cash Flow,Financing Cash Flow,NetCashProvidedByUsedInFinancingActivities,2012,Q1,Quarter,2011-09-25,2011-12-31,2012-01-25,10-Q,69000000,USD,0001193125-12-023398,
AAPL,Cash Flow,Financing Cash Flow,NetCashProvidedByUsedInFinancingActivities,2013,Q1,Quarter,2011-09-25,2011-12-31,2013-01-24,10-Q,69000000,USD,0001193125-13-022339,CY2011Q4
AAPL,Cash Flow,Financing Cash Flow,NetCashProvidedByUsedInFinancingActivities,2013,Q1,Quarter,2012-09-30,2012-12-29,2013-01-24,10-Q,-4497000000,USD,0001193125-13-022339,
AAPL,Cash Flow,Financing Cash Flow,NetCashProvidedByUsedInFinancingActivities,2014,Q1,Quarter,2012-09-30,2012-12-29,2014-01-28,10-Q,-4497000000,USD,0001193125-14-024487,CY2012Q4
AAPL,Cash Flow,Financing Cash Flow,NetCashProvidedByUsedInFinancingActivities,2014,Q1,Quarter,2013-09-29,2013-12-28,2014-01-28,10-Q,-7749000000,USD,0001193125-14-024487,CY2013Q4
AAPL,Cash Flow,Financing Cash Flow,NetCashProvidedByUsedInFinancingActivities,2018,Q1,Quarter,2016-09-25,2016-12-31,2018-02-02,10-Q,-12225000000,USD,0000320193-18-000007,CY2016Q4
AAPL,Cash Flow,Financing Cash Flow,NetCashProvidedByUsedInFinancingActivities,2018,Q1,Quarter,2017-10-01,2017-12-30,2018-02-02,10-Q,-7501000000,USD,0000320193-18-000007,
AAPL,Cash Flow,Financing Cash Flow,NetCashProvidedByUsedInFinancingActivities,2019,Q1,Quarter,2017-10-01,2017-12-30,2019-01-30,10-Q,-7501000000,USD,0000320193-19-000010,CY2017Q4
AAPL,Cash Flow,Financing Cash Flow,NetCashProvidedByUsedInFinancingActivities,2019,Q1,Quarter,2018-09-30,2018-12-29,2019-01-30,10-Q,-13676000000,USD,0000320193-19-000010,
AAPL,Cash Flow,Financing Cash Flow,NetCashProvidedByUsedInFinancingActivities,2020,Q1,Quarter,2018-09-30,2018-12-29,2020-01-29,10-Q,-13676000000,USD,0000320193-20-000010,CY2018Q4
AAPL,Cash Flow,Financing Cash Flow,NetCashProvidedByUsedInFinancingActivities,2020,Q1,Quarter,2019-09-29,2019-12-28,2020-01-29,10-Q,-25407000000,USD,0000320193-20-000010,
AAPL,Cash Flow,Financing Cash Flow,NetCashProvidedByUsedInFinancingActivities,2021,Q1,Quarter,2019-09-29,2019-12-28,2021-01-28,10-Q,-25407000000,USD,0000320193-21-000010,CY2019Q4
AAPL,Cash Flow,Financing Cash Flow,NetCashProvidedByUsedInFinancingActivities,2021,Q1,Quarter,2020-09-27,2020-12-26,2021-01-28,10-Q,-32249000000,USD,0000320193-21-000010,
AAPL,Cash Flow,Financing Cash Flow,NetCashProvidedByUsedInFinancingActivities,2022,Q1,Quarter,2020-09-27,2020-12-26,2022-01-28,10-Q,-32249000000,USD,0000320193-22-000007,CY2020Q4
AAPL,Cash Flow,Financing Cash Flow,NetCashProvidedByUsedInFinancingActivities,2022,Q1,Quarter,2021-09-26,2021-12-25,2022-01-28,10-Q,-28159000000,USD,0000320193-22-000007,
AAPL,Cash Flow,Financing Cash Flow,NetCashProvidedByUsedInFinancingActivities,2023,Q1,Quarter,2021-09-26,2021-12-25,2023-02-03,10-Q,-28159000000,USD,0000320193-23-000006,CY2021Q4
AAPL,Cash Flow,Financing Cash Flow,NetCashProvidedByUsedInFinancingActivities,2023,Q1,Quarter,2022-09-25,2022-12-31,2023-02-03,10-Q,-35563000000,USD,0000320193-23-000006,
AAPL,Cash Flow,Financing Cash Flow,NetCashProvidedByUsedInFinancingActivities,2024,Q1,Quarter,2022-09-25,2022-12-31,2024-02-02,10-Q,-35563000000,USD,0000320193-24-000006,CY2022Q4
AAPL,Cash Flow,Financing Cash Flow,NetCashProvidedByUsedInFinancingActivities,2024,Q1,Quarter,2023-10-01,2023-12-30,2024-02-02,10-Q,-30585000000,USD,0000320193-24-000006,
AAPL,Cash Flow,Financing Cash Flow,NetCashProvidedByUsedInFinancingActivities,2025,Q1,Quarter,2023-10-01,2023-12-30,2025-01-31,10-Q,-30585000000,USD,0000320193-25-000008,CY2023Q4
AAPL,Cash Flow,Financing Cash Flow,NetCashProvidedByUsedInFinancingActivities,2025,Q1,Quarter,2024-09-29,2024-12-28,2025-01-31,10-Q,-39371000000,USD,0000320193-25-000008,
AAPL,Cash Flow,Financing Cash Flow,NetCashProvidedByUsedInFinancingActivities,2026,Q1,Quarter,2024-09-29,2024-12-28,2026-01-30,10-Q,-39371000000,USD,0000320193-26-000006,CY2024Q4
AAPL,Cash Flow,Financing Cash Flow,NetCashProvidedByUsedInFinancingActivities,2026,Q1,Quarter,2025-09-28,2025-12-27,2026-01-30,10-Q,-39656000000,USD,0000320193-26-000006,CY2025Q4
AAPL,Cash Flow,Financing Cash Flow,NetCashProvidedByUsedInFinancingActivities,2010,Q2,YTD,2008-09-28,2009-03-28,2010-04-21,10-Q,136000000,USD,0001193125-10-088957,
AAPL,Cash Flow,Financing Cash Flow,NetCashProvidedByUsedInFinancingActivities,2010,Q2,YTD,2009-09-27,2010-03-27,2010-04-21,10-Q,685000000,USD,0001193125-10-088957,
AAPL,Cash Flow,Financing Cash Flow,NetCashProvidedByUsedInFinancingActivities,2011,Q2,YTD,2009-09-27,2010-03-27,2011-04-21,10-Q,685000000,USD,0001193125-11-104388,
AAPL,Cash Flow,Financing Cash Flow,NetCashProvidedByUsedInFinancingActivities,2011,Q2,YTD,2010-09-26,2011-03-26,2011-04-21,10-Q,976000000,USD,0001193125-11-104388,
AAPL,Cash Flow,Financing Cash Flow,NetCashProvidedByUsedInFinancingActivities,2012,Q2,YTD,2010-09-26,2011-03-26,2012-04-25,10-Q,976000000,USD,0001193125-12-182321,
AAPL,Cash Flow,Financing Cash Flow,NetCashProvidedByUsedInFinancingActivities,2012,Q2,YTD,2011-09-25,2012-03-31,2012-04-25,10-Q,379000000,USD,0001193125-12-182321,
AAPL,Cash Flow,Financing Cash Flow,NetCashProvidedByUsedInFinancingActivities,2013,Q2,YTD,2011-09-25,2012-03-31,2013-04-24,10-Q,379000000,USD,0001193125-13-168288,
AAPL,Cash Flow,Financing Cash Flow,NetCashProvidedByUsedInFinancingActivities,2013,Q2,YTD,2012-09-30,2013-03-30,2013-04-24,10-Q,-6745000000,USD,0001193125-13-168288,
AAPL,Cash Flow,Financing Cash Flow,NetCashProvidedByUsedInFinancingActivities,2017,Q2,YTD,2015-09-27,2016-03-26,2017-05-03,10-Q,-4560000000,USD,0001628280-17-004790,
AAPL,Cash Flow,Financing Cash Flow,NetCashProvidedByUsedInFinancingActivities,2017,Q2,YTD,2016-09-25,2017-04-01,2017-05-03,10-Q,-11582000000,USD,0001628280-17-004790,
AAPL,Cash Flow,Financing Cash Flow,NetCashProvidedByUsedInFinancingActivities,2018,Q2,YTD,2016-09-25,2017-04-01,2018-05-02,10-Q,-11807000000,USD,0000320193-18-000070,
AAPL,Cash Flow,Financing Cash Flow,NetCashProvidedByUsedInFinancingActivities,2018,Q2,YTD,2017-10-01,2018-03-31,2018-05-02,10-Q,-33773000000,USD,0000320193-18-000070,
AAPL,Cash Flow,Financing Cash Flow,NetCashProvidedByUsedInFinancingActivities,2019,Q2,YTD,2017-10-01,2018-03-31,2019-05-01,10-Q,-33773000000,USD,0000320193-19-000066,
AAPL,Cash Flow,Financing Cash Flow,NetCashProvidedByUsedInFinancingActivities,2019,Q2,YTD,2018-09-30,2019-03-30,2019-05-01,10-Q,-43133000000,USD,0000320193-19-000066,
AAPL,Cash Flow,Financing Cash Flow,NetCashProvidedByUsedInFinancingActivities,2020,Q2,YTD,2018-09-30,2019-03-30,2020-05-01,10-Q,-43133000000,USD,0000320193-20-000052,
AAPL,Cash Flow,Financing Cash Flow,NetCashProvidedByUsedInFinancingActivities,2020,Q2,YTD,2019-09-29,2020-03-28,2020-05-01,10-Q,-46347000000,USD,0000320193-20-000052,
AAPL,Cash Flow,Financing Cash Flow,NetCashProvidedByUsedInFinancingActivities,2021,Q2,YTD,2019-09-29,2020-03-28,2021-04-29,10-Q,-46347000000,USD,0000320193-21-000056,
AAPL,Cash Flow,Financing Cash Flow,NetCashProvidedByUsedInFinancingActivities,2021,Q2,YTD,2020-09-27,2021-03-27,2021-04-29,10-Q,-43575000000,USD,0000320193-21-000056,
AAPL,Cash Flow,Financing Cash Flow,NetCashProvidedByUsedInFinancingActivities,2022,Q2,YTD,2020-09-27,2021-03-27,2022-04-29,10-Q,-43575000000,USD,0000320193-22-000059,
AAPL,Cash Flow,Financing Cash Flow,NetCashProvidedByUsedInFinancingActivities,2022,Q2,YTD,2021-09-26,2022-03-26,2022-04-29,10-Q,-56510000000,USD,0000320193-22-000059,
AAPL,Cash Flow,Financing Cash Flow,NetCashProvidedByUsedInFinancingActivities,2023,Q2,YTD,2021-09-26,2022-03-26,2023-05-05,10-Q,-56510000000,USD,0000320193-23-000064,
AAPL,Cash Flow,Financing Cash Flow,NetCashProvidedByUsedInFinancingActivities,2023,Q2,YTD,2022-09-25,2023-04-01,2023-05-05,10-Q,-61287000000,USD,0000320193-23-000064,
AAPL,Cash Flow,Financing Cash Flow,NetCashProvidedByUsedInFinancingActivities,2024,Q2,YTD,2022-09-25,2023-04-01,2024-05-03,10-Q,-61287000000,USD,0000320193-24-000069,
AAPL,Cash Flow,Financing Cash Flow,NetCashProvidedByUsedInFinancingActivities,2024,Q2,YTD,2023-10-01,2024-03-30,2024-05-03,10-Q,-61018000000,USD,0000320193-24-000069,
AAPL,Cash Flow,Financing Cash Flow,NetCashProvidedByUsedInFinancingActivities,2025,Q2,YTD,2023-10-01,2024-03-30,2025-05-02,10-Q,-61018000000,USD,0000320193-25-000057,
AAPL,Cash Flow,Financing Cash Flow,NetCashProvidedByUsedInFinancingActivities,2025,Q2,YTD,2024-09-29,2025-03-29,2025-05-02,10-Q,-68377000000,USD,0000320193-25-000057,
AAPL,Cash Flow,Financing Cash Flow,NetCashProvidedByUsedInFinancingActivities,2026,Q2,YTD,2024-09-29,2025-03-29,2026-05-01,10-Q,-68377000000,USD,0000320193-26-000013,
AAPL,Cash Flow,Financing Cash Flow,NetCashProvidedByUsedInFinancingActivities,2026,Q2,YTD,2025-09-28,2026-03-28,2026-05-01,10-Q,-61935000000,USD,0000320193-26-000013,
AAPL,Cash Flow,Financing Cash Flow,NetCashProvidedByUsedInFinancingActivities,2009,Q3,Annual,2007-09-30,2008-06-28,2009-07-22,10-Q,916000000,USD,0001193125-09-153165,
AAPL,Cash Flow,Financing Cash Flow,NetCashProvidedByUsedInFinancingActivities,2009,Q3,Annual,2008-09-28,2009-06-27,2009-07-22,10-Q,344000000,USD,0001193125-09-153165,
AAPL,Cash Flow,Financing Cash Flow,NetCashProvidedByUsedInFinancingActivities,2010,Q3,Annual,2008-09-28,2009-06-27,2010-07-21,10-Q,344000000,USD,0001193125-10-162840,
AAPL,Cash Flow,Financing Cash Flow,NetCashProvidedByUsedInFinancingActivities,2010,Q3,Annual,2009-09-27,2010-06-26,2010-07-21,10-Q,1001000000,USD,0001193125-10-162840,
AAPL,Cash Flow,Financing Cash Flow,NetCashProvidedByUsedInFinancingActivities,2011,Q3,Annual,2009-09-27,2010-06-26,2011-07-20,10-Q,1001000000,USD,0001193125-11-192493,
AAPL,Cash Flow,Financing Cash Flow,NetCashProvidedByUsedInFinancingActivities,2011,Q3,Annual,2010-09-26,2011-06-25,2011-07-20,10-Q,1013000000,USD,0001193125-11-192493,
AAPL,Cash Flow,Financing Cash Flow,NetCashProvidedByUsedInFinancingActivities,2012,Q3,Annual,2010-09-26,2011-06-25,2012-07-25,10-Q,1013000000,USD,0001193125-12-314552,
AAPL,Cash Flow,Financing Cash Flow,NetCashProvidedByUsedInFinancingActivities,2012,Q3,Annual,2011-09-25,2012-06-30,2012-07-25,10-Q,324000000,USD,0001193125-12-314552,
AAPL,Cash Flow,Financing Cash Flow,NetCashProvidedByUsedInFinancingActivities,2013,Q3,Annual,2011-09-25,2012-06-30,2013-07-24,10-Q,324000000,USD,0001193125-13-300670,
AAPL,Cash Flow,Financing Cash Flow,NetCashProvidedByUsedInFinancingActivities,2013,Q3,Annual,2012-09-30,2013-06-29,2013-07-24,10-Q,-8871000000,USD,0001193125-13-300670,
AAPL,Cash Flow,Financing Cash Flow,NetCashProvidedByUsedInFinancingActivities,2017,Q3,Annual,2015-09-27,2016-06-25,2017-08-02,10-Q,-14001000000,USD,0000320193-17-000009,
AAPL,Cash Flow,Financing Cash Flow,NetCashProvidedByUsedInFinancingActivities,2017,Q3,Annual,2016-09-25,2017-07-01,2017-08-02,10-Q,-13351000000,USD,0000320193-17-000009,
AAPL,Cash Flow,Financing Cash Flow,NetCashProvidedByUsedInFinancingActivities,2018,Q3,Annual,2016-09-25,2017-07-01,2018-08-01,10-Q,-13885000000,USD,0000320193-18-000100,
AAPL,Cash Flow,Financing Cash Flow,NetCashProvidedByUsedInFinancingActivities,2018,Q3,Annual,2017-10-01,2018-06-30,2018-08-01,10-Q,-65296000000,USD,0000320193-18-000100,
AAPL,Cash Flow,Financing Cash Flow,NetCashProvidedByUsedInFinancingActivities,2019,Q3,Annual,2017-10-01,2018-06-30,2019-07-31,10-Q,-65296000000,USD,0000320193-19-000076,
AAPL,Cash Flow,Financing Cash Flow,NetCashProvidedByUsedInFinancingActivities,2019,Q3,Annual,2018-09-30,2019-06-29,2019-07-31,10-Q,-69937000000,USD,0000320193-19-000076,
AAPL,Cash Flow,Financing Cash Flow,NetCashProvidedByUsedInFinancingActivities,2020,Q3,Annual,2018-09-30,2019-06-29,2020-07-31,10-Q,-69937000000,USD,0000320193-20-000062,
AAPL,Cash Flow,Financing Cash Flow,NetCashProvidedByUsedInFinancingActivities,2020,Q3,Annual,2019-09-29,2020-06-27,2020-07-31,10-Q,-65463000000,USD,0000320193-20-000062,
AAPL,Cash Flow,Financing Cash Flow,NetCashProvidedByUsedInFinancingActivities,2021,Q3,Annual,2019-09-29,2020-06-27,2021-07-28,10-Q,-65463000000,USD,0000320193-21-000065,
AAPL,Cash Flow,Financing Cash Flow,NetCashProvidedByUsedInFinancingActivities,2021,Q3,Annual,2020-09-27,2021-06-26,2021-07-28,10-Q,-72971000000,USD,0000320193-21-000065,
AAPL,Cash Flow,Financing Cash Flow,NetCashProvidedByUsedInFinancingActivities,2022,Q3,Annual,2020-09-27,2021-06-26,2022-07-29,10-Q,-72971000000,USD,0000320193-22-000070,
AAPL,Cash Flow,Financing Cash Flow,NetCashProvidedByUsedInFinancingActivities,2022,Q3,Annual,2021-09-26,2022-06-25,2022-07-29,10-Q,-83955000000,USD,0000320193-22-000070,
AAPL,Cash Flow,Financing Cash Flow,NetCashProvidedByUsedInFinancingActivities,2023,Q3,Annual,2021-09-26,2022-06-25,2023-08-04,10-Q,-83955000000,USD,0000320193-23-000077,
AAPL,Cash Flow,Financing Cash Flow,NetCashProvidedByUsedInFinancingActivities,2023,Q3,Annual,2022-09-25,2023-07-01,2023-08-04,10-Q,-85335000000,USD,0000320193-23-000077,
AAPL,Cash Flow,Financing Cash Flow,NetCashProvidedByUsedInFinancingActivities,2024,Q3,Annual,2022-09-25,2023-07-01,2024-08-02,10-Q,-85335000000,USD,0000320193-24-000081,
AAPL,Cash Flow,Financing Cash Flow,NetCashProvidedByUsedInFinancingActivities,2024,Q3,Annual,2023-10-01,2024-06-29,2024-08-02,10-Q,-97035000000,USD,0000320193-24-000081,
AAPL,Cash Flow,Financing Cash Flow,NetCashProvidedByUsedInFinancingActivities,2025,Q3,Annual,2023-10-01,2024-06-29,2025-08-01,10-Q,-97035000000,USD,0000320193-25-000073,
AAPL,Cash Flow,Financing Cash Flow,NetCashProvidedByUsedInFinancingActivities,2025,Q3,Annual,2024-09-29,2025-06-28,2025-08-01,10-Q,-93210000000,USD,0000320193-25-000073,
AAPL,Cash Flow,Financing Cash Flow,NetCashProvidedByUsedInFinancingActivities,2026,Q3,Annual,2024-09-29,2025-06-28,2026-07-31,10-Q,-93210000000,USD,0000320193-26-000020,
AAPL,Cash Flow,Financing Cash Flow,NetCashProvidedByUsedInFinancingActivities,2026,Q3,Annual,2025-09-28,2026-06-27,2026-07-31,10-Q,-94575000000,USD,0000320193-26-000020,
AAPL,Cash Flow,Investing Cash Flow,NetCashProvidedByUsedInInvestingActivities,2009,FY,Annual,2006-10-01,2007-09-29,2009-10-27,10-K,-3249000000,USD,0001193125-09-214859,
AAPL,Cash Flow,Investing Cash Flow,NetCashProvidedByUsedInInvestingActivities,2009,FY,Annual,2007-09-30,2008-09-27,2009-10-27,10-K,-8189000000,USD,0001193125-09-214859,
AAPL,Cash Flow,Investing Cash Flow,NetCashProvidedByUsedInInvestingActivities,2010,FY,Annual,2007-09-30,2008-09-27,2010-10-27,10-K,-8189000000,USD,0001193125-10-238044,CY2008
AAPL,Cash Flow,Investing Cash Flow,NetCashProvidedByUsedInInvestingActivities,2009,FY,Annual,2008-09-28,2009-09-26,2009-10-27,10-K,-17434000000,USD,0001193125-09-214859,
AAPL,Cash Flow,Investing Cash Flow,NetCashProvidedByUsedInInvestingActivities,2010,FY,Annual,2008-09-28,2009-09-26,2010-10-27,10-K,-17434000000,USD,0001193125-10-238044,
AAPL,Cash Flow,Investing Cash Flow,NetCashProvidedByUsedInInvestingActivities,2011,FY,Annual,2008-09-28,2009-09-26,2011-10-26,10-K,-17434000000,USD,0001193125-11-282113,CY2009
AAPL,Cash Flow,Investing Cash Flow,NetCashProvidedByUsedInInvestingActivities,2010,FY,Annual,2009-09-27,2010-09-25,2010-10-27,10-K,-13854000000,USD,0001193125-10-238044,
AAPL,Cash Flow,Investing Cash Flow,NetCashProvidedByUsedInInvestingActivities,2011,FY,Annual,2009-09-27,2010-09-25,2011-10-26,10-K,-13854000000,USD,0001193125-11-282113,
AAPL,Cash Flow,Investing Cash Flow,NetCashProvidedByUsedInInvestingActivities,2012,FY,Annual,2009-09-27,2010-09-25,2012-10-31,10-K,-13854000000,USD,0001193125-12-444068,
AAPL,Cash Flow,Investing Cash Flow,NetCashProvidedByUsedInInvestingActivities,2011,FY,Annual,2010-09-26,2011-09-24,2011-10-26,10-K,-40419000000,USD,0001193125-11-282113,
AAPL,Cash Flow,Investing Cash Flow,NetCashProvidedByUsedInInvestingActivities,2012,FY,Annual,2010-09-26,2011-09-24,2012-10-31,10-K,-40419000000,USD,0001193125-12-444068,
AAPL,Cash Flow,Investing Cash Flow,NetCashProvidedByUsedInInvestingActivities,2013,FY,Annual,2010-09-26,2011-09-24,2013-10-30,10-K,-40419000000,USD,0001193125-13-416534,CY2011
AAPL,Cash Flow,Investing Cash Flow,NetCashProvidedByUsedInInvestingActivities,2012,FY,Annual,2011-09-25,2012-09-29,2012-10-31,10-K,-48227000000,USD,0001193125-12-444068,
AAPL,Cash Flow,Investing Cash Flow,NetCashProvidedByUsedInInvestingActivities,2013,FY,Annual,2011-09-25,2012-09-29,2013-10-30,10-K,-48227000000,USD,0001193125-13-416534,CY2012
AAPL,Cash Flow,Investing Cash Flow,NetCashProvidedByUsedInInvestingActivities,2013,FY,Annual,2012-09-30,2013-09-28,2013-10-30,10-K,-33774000000,USD,0001193125-13-416534,CY2013
AAPL,Cash Flow,Investing Cash Flow,NetCashProvidedByUsedInInvestingActivities,2017,FY,Annual,2014-09-28,2015-09-26,2017-11-03,10-K,-56274000000,USD,0000320193-17-000070,CY2015
AAPL,Cash Flow,Investing Cash Flow,NetCashProvidedByUsedInInvestingActivities,2017,FY,Annual,2015-09-27,2016-09-24,2017-11-03,10-K,-45977000000,USD,0000320193-17-000070,
AAPL,Cash Flow,Investing Cash Flow,NetCashProvidedByUsedInInvestingActivities,2018,FY,Annual,2015-09-27,2016-09-24,2018-11-05,10-K,-45977000000,USD,0000320193-18-000145,CY2016
AAPL,Cash Flow,Investing Cash Flow,NetCashProvidedByUsedInInvestingActivities,2017,FY,Annual,2016-09-25,2017-09-30,2017-11-03,10-K,-46446000000,USD,0000320193-17-000070,
AAPL,Cash Flow,Investing Cash Flow,NetCashProvidedByUsedInInvestingActivities,2018,FY,Annual,2016-09-25,2017-09-30,2018-11-05,10-K,-46446000000,USD,0000320193-18-000145,
AAPL,Cash Flow,Investing Cash Flow,NetCashProvidedByUsedInInvestingActivities,2019,FY,Annual,2016-09-25,2017-09-30,2019-10-31,10-K,-46446000000,USD,0000320193-19-000119,CY2017
AAPL,Cash Flow,Investing Cash Flow,NetCashProvidedByUsedInInvestingActivities,2018,FY,Annual,2017-10-01,2018-09-29,2018-11-05,10-K,16066000000,USD,0000320193-18-000145,
AAPL,Cash Flow,Investing Cash Flow,NetCashProvidedByUsedInInvestingActivities,2019,FY,Annual,2017-10-01,2018-09-29,2019-10-31,10-K,16066000000,USD,0000320193-19-000119,
AAPL,Cash Flow,Investing Cash Flow,NetCashProvidedByUsedInInvestingActivities,2020,FY,Annual,2017-10-01,2018-09-29,2020-10-30,10-K,16066000000,USD,0000320193-20-000096,CY2018
AAPL,Cash Flow,Investing Cash Flow,NetCashProvidedByUsedInInvestingActivities,2019,FY,Annual,2018-09-30,2019-09-28,2019-10-31,10-K,45896000000,USD,0000320193-19-000119,
AAPL,Cash Flow,Investing Cash Flow,NetCashProvidedByUsedInInvestingActivities,2020,FY,Annual,2018-09-30,2019-09-28,2020-10-30,10-K,45896000000,USD,0000320193-20-000096,
AAPL,Cash Flow,Investing Cash Flow,NetCashProvidedByUsedInInvestingActivities,2021,FY,Annual,2018-09-30,2019-09-28,2021-10-29,10-K,45896000000,USD,0000320193-21-000105,CY2019
AAPL,Cash Flow,Investing Cash Flow,NetCashProvidedByUsedInInvestingActivities,2020,FY,Annual,2019-09-29,2020-09-26,2020-10-30,10-K,-4289000000,USD,0000320193-20-000096,
AAPL,Cash Flow,Investing Cash Flow,NetCashProvidedByUsedInInvestingActivities,2021,FY,Annual,2019-09-29,2020-09-26,2021-10-29,10-K,-4289000000,USD,0000320193-21-000105,
AAPL,Cash Flow,Investing Cash Flow,NetCashProvidedByUsedInInvestingActivities,2022,FY,Annual,2019-09-29,2020-09-26,2022-10-28,10-K,-4289000000,USD,0000320193-22-000108,CY2020
AAPL,Cash Flow,Investing Cash Flow,NetCashProvidedByUsedInInvestingActivities,2021,FY,Annual,2020-09-27,2021-09-25,2021-10-29,10-K,-14545000000,USD,0000320193-21-000105,
AAPL,Cash Flow,Investing Cash Flow,NetCashProvidedByUsedInInvestingActivities,2022,FY,Annual,2020-09-27,2021-09-25,2022-10-28,10-K,-14545000000,USD,0000320193-22-000108,
AAPL,Cash Flow,Investing Cash Flow,NetCashProvidedByUsedInInvestingActivities,2023,FY,Annual,2020-09-27,2021-09-25,2023-11-03,10-K,-14545000000,USD,0000320193-23-000106,CY2021
AAPL,Cash Flow,Investing Cash Flow,NetCashProvidedByUsedInInvestingActivities,2022,FY,Annual,2021-09-26,2022-09-24,2022-10-28,10-K,-22354000000,USD,0000320193-22-000108,
AAPL,Cash Flow,Investing Cash Flow,NetCashProvidedByUsedInInvestingActivities,2023,FY,Annual,2021-09-26,2022-09-24,2023-11-03,10-K,-22354000000,USD,0000320193-23-000106,
AAPL,Cash Flow,Investing Cash Flow,NetCashProvidedByUsedInInvestingActivities,2024,FY,Annual,2021-09-26,2022-09-24,2024-11-01,10-K,-22354000000,USD,0000320193-24-000123,CY2022
AAPL,Cash Flow,Investing Cash Flow,NetCashProvidedByUsedInInvestingActivities,2023,FY,Annual,2022-09-25,2023-09-30,2023-11-03,10-K,3705000000,USD,0000320193-23-000106,
AAPL,Cash Flow,Investing Cash Flow,NetCashProvidedByUsedInInvestingActivities,2024,FY,Annual,2022-09-25,2023-09-30,2024-11-01,10-K,3705000000,USD,0000320193-24-000123,
AAPL,Cash Flow,Investing Cash Flow,NetCashProvidedByUsedInInvestingActivities,2025,FY,Annual,2022-09-25,2023-09-30,2025-10-31,10-K,3705000000,USD,0000320193-25-000079,CY2023
AAPL,Cash Flow,Investing Cash Flow,NetCashProvidedByUsedInInvestingActivities,2024,FY,Annual,2023-10-01,2024-09-28,2024-11-01,10-K,2935000000,USD,0000320193-24-000123,
AAPL,Cash Flow,Investing Cash Flow,NetCashProvidedByUsedInInvestingActivities,2025,FY,Annual,2023-10-01,2024-09-28,2025-10-31,10-K,2935000000,USD,0000320193-25-000079,CY2024
AAPL,Cash Flow,Investing Cash Flow,NetCashProvidedByUsedInInvestingActivities,2025,FY,Annual,2024-09-29,2025-09-27,2025-10-31,10-K,15195000000,USD,0000320193-25-000079,CY2025
AAPL,Cash Flow,Investing Cash Flow,NetCashProvidedByUsedInInvestingActivities,2010,Q1,Quarter,2008-09-28,2008-12-27,2010-01-25,10-Q,-8639000000,USD,0001193125-10-012085,CY2008Q4
AAPL,Cash Flow,Investing Cash Flow,NetCashProvidedByUsedInInvestingActivities,2010,Q1,Quarter,2009-09-27,2009-12-26,2010-01-25,10-Q,-3958000000,USD,0001193125-10-012085,
AAPL,Cash Flow,Investing Cash Flow,NetCashProvidedByUsedInInvestingActivities,2011,Q1,Quarter,2009-09-27,2009-12-26,2011-01-19,10-Q,-3958000000,USD,0001193125-11-010144,CY2009Q4
AAPL,Cash Flow,Investing Cash Flow,NetCashProvidedByUsedInInvestingActivities,2011,Q1,Quarter,2010-09-26,2010-12-25,2011-01-19,10-Q,-10729000000,USD,0001193125-11-010144,
AAPL,Cash Flow,Investing Cash Flow,NetCashProvidedByUsedInInvestingActivities,2012,Q1,Quarter,2010-09-26,2010-12-25,2012-01-25,10-Q,-10729000000,USD,0001193125-12-023398,CY2010Q4
AAPL,Cash Flow,Investing Cash Flow,NetCashProvidedByUsedInInvestingActivities,2012,Q1,Quarter,2011-09-25,2011-12-31,2012-01-25,10-Q,-17128000000,USD,0001193125-12-023398,
AAPL,Cash Flow,Investing Cash Flow,NetCashProvidedByUsedInInvestingActivities,2013,Q1,Quarter,2011-09-25,2011-12-31,2013-01-24,10-Q,-17128000000,USD,0001193125-13-022339,CY2011Q4
AAPL,Cash Flow,Investing Cash Flow,NetCashProvidedByUsedInInvestingActivities,2013,Q1,Quarter,2012-09-30,2012-12-29,2013-01-24,10-Q,-13521000000,USD,0001193125-13-022339,
AAPL,Cash Flow,Investing Cash Flow,NetCashProvidedByUsedInInvestingActivities,2014,Q1,Quarter,2012-09-30,2012-12-29,2014-01-28,10-Q,-13521000000,USD,0001193125-14-024487,CY2012Q4
AAPL,Cash Flow,Investing Cash Flow,NetCashProvidedByUsedInInvestingActivities,2014,Q1,Quarter,2013-09-29,2013-12-28,2014-01-28,10-Q,-15103000000,USD,0001193125-14-024487,CY2013Q4
AAPL,Cash Flow,Investing Cash Flow,NetCashProvidedByUsedInInvestingActivities,2018,Q1,Quarter,2016-09-25,2016-12-31,2018-02-02,10-Q,-19122000000,USD,0000320193-18-000007,CY2016Q4
AAPL,Cash Flow,Investing Cash Flow,NetCashProvidedByUsedInInvestingActivities,2018,Q1,Quarter,2017-10-01,2017-12-30,2018-02-02,10-Q,-13590000000,USD,0000320193-18-000007,
AAPL,Cash Flow,Investing Cash Flow,NetCashProvidedByUsedInInvestingActivities,2019,Q1,Quarter,2017-10-01,2017-12-30,2019-01-30,10-Q,-13590000000,USD,0000320193-19-000010,CY2017Q4
AAPL,Cash Flow,Investing Cash Flow,NetCashProvidedByUsedInInvestingActivities,2019,Q1,Quarter,2018-09-30,2018-12-29,2019-01-30,10-Q,5844000000,USD,0000320193-19-000010,
AAPL,Cash Flow,Investing Cash Flow,NetCashProvidedByUsedInInvestingActivities,2020,Q1,Quarter,2018-09-30,2018-12-29,2020-01-29,10-Q,5844000000,USD,0000320193-20-000010,CY2018Q4
AAPL,Cash Flow,Investing Cash Flow,NetCashProvidedByUsedInInvestingActivities,2020,Q1,Quarter,2019-09-29,2019-12-28,2020-01-29,10-Q,-13668000000,USD,0000320193-20-000010,
AAPL,Cash Flow,Investing Cash Flow,NetCashProvidedByUsedInInvestingActivities,2021,Q1,Quarter,2019-09-29,2019-12-28,2021-01-28,10-Q,-13668000000,USD,0000320193-21-000010,CY2019Q4
AAPL,Cash Flow,Investing Cash Flow,NetCashProvidedByUsedInInvestingActivities,2021,Q1,Quarter,2020-09-27,2020-12-26,2021-01-28,10-Q,-8584000000,USD,0000320193-21-000010,
AAPL,Cash Flow,Investing Cash Flow,NetCashProvidedByUsedInInvestingActivities,2022,Q1,Quarter,2020-09-27,2020-12-26,2022-01-28,10-Q,-8584000000,USD,0000320193-22-000007,CY2020Q4
AAPL,Cash Flow,Investing Cash Flow,NetCashProvidedByUsedInInvestingActivities,2022,Q1,Quarter,2021-09-26,2021-12-25,2022-01-28,10-Q,-16106000000,USD,0000320193-22-000007,
AAPL,Cash Flow,Investing Cash Flow,NetCashProvidedByUsedInInvestingActivities,2023,Q1,Quarter,2021-09-26,2021-12-25,2023-02-03,10-Q,-16106000000,USD,0000320193-23-000006,CY2021Q4
AAPL,Cash Flow,Investing Cash Flow,NetCashProvidedByUsedInInvestingActivities,2023,Q1,Quarter,2022-09-25,2022-12-31,2023-02-03,10-Q,-1445000000,USD,0000320193-23-000006,
AAPL,Cash Flow,Investing Cash Flow,NetCashProvidedByUsedInInvestingActivities,2024,Q1,Quarter,2022-09-25,2022-12-31,2024-02-02,10-Q,-1445000000,USD,0000320193-24-000006,CY2022Q4
AAPL,Cash Flow,Investing Cash Flow,NetCashProvidedByUsedInInvestingActivities,2024,Q1,Quarter,2023-10-01,2023-12-30,2024-02-02,10-Q,1927000000,USD,0000320193-24-000006,
AAPL,Cash Flow,Investing Cash Flow,NetCashProvidedByUsedInInvestingActivities,2025,Q1,Quarter,2023-10-01,2023-12-30,2025-01-31,10-Q,1927000000,USD,0000320193-25-000008,CY2023Q4
AAPL,Cash Flow,Investing Cash Flow,NetCashProvidedByUsedInInvestingActivities,2025,Q1,Quarter,2024-09-29,2024-12-28,2025-01-31,10-Q,9792000000,USD,0000320193-25-000008,
AAPL,Cash Flow,Investing Cash Flow,NetCashProvidedByUsedInInvestingActivities,2026,Q1,Quarter,2024-09-29,2024-12-28,2026-01-30,10-Q,9792000000,USD,0000320193-26-000006,CY2024Q4
AAPL,Cash Flow,Investing Cash Flow,NetCashProvidedByUsedInInvestingActivities,2026,Q1,Quarter,2025-09-28,2025-12-27,2026-01-30,10-Q,-4886000000,USD,0000320193-26-000006,CY2025Q4
AAPL,Cash Flow,Investing Cash Flow,NetCashProvidedByUsedInInvestingActivities,2010,Q2,YTD,2008-09-28,2009-03-28,2010-04-21,10-Q,-12324000000,USD,0001193125-10-088957,
AAPL,Cash Flow,Investing Cash Flow,NetCashProvidedByUsedInInvestingActivities,2010,Q2,YTD,2009-09-27,2010-03-27,2010-04-21,10-Q,-4041000000,USD,0001193125-10-088957,
AAPL,Cash Flow,Investing Cash Flow,NetCashProvidedByUsedInInvestingActivities,2011,Q2,YTD,2009-09-27,2010-03-27,2011-04-21,10-Q,-4041000000,USD,0001193125-11-104388,
AAPL,Cash Flow,Investing Cash Flow,NetCashProvidedByUsedInInvestingActivities,2011,Q2,YTD,2010-09-26,2011-03-26,2011-04-21,10-Q,-12251000000,USD,0001193125-11-104388,
AAPL,Cash Flow,Investing Cash Flow,NetCashProvidedByUsedInInvestingActivities,2012,Q2,YTD,2010-09-26,2011-03-26,2012-04-25,10-Q,-12251000000,USD,0001193125-12-182321,
AAPL,Cash Flow,Investing Cash Flow,NetCashProvidedByUsedInInvestingActivities,2012,Q2,YTD,2011-09-25,2012-03-31,2012-04-25,10-Q,-31604000000,USD,0001193125-12-182321,
AAPL,Cash Flow,Investing Cash Flow,NetCashProvidedByUsedInInvestingActivities,2013,Q2,YTD,2011-09-25,2012-03-31,2013-04-24,10-Q,-31604000000,USD,0001193125-13-168288,
AAPL,Cash Flow,Investing Cash Flow,NetCashProvidedByUsedInInvestingActivities,2013,Q2,YTD,2012-09-30,2013-03-30,2013-04-24,10-Q,-27878000000,USD,0001193125-13-168288,
AAPL,Cash Flow,Investing Cash Flow,NetCashProvidedByUsedInInvestingActivities,2017,Q2,YTD,2015-09-27,2016-03-26,2017-05-03,10-Q,-34110000000,USD,0001628280-17-004790,
AAPL,Cash Flow,Investing Cash Flow,NetCashProvidedByUsedInInvestingActivities,2017,Q2,YTD,2016-09-25,2017-04-01,2017-05-03,10-Q,-33324000000,USD,0001628280-17-004790,
AAPL,Cash Flow,Investing Cash Flow,NetCashProvidedByUsedInInvestingActivities,2018,Q2,YTD,2016-09-25,2017-04-01,2018-05-02,10-Q,-33324000000,USD,0000320193-18-000070,
AAPL,Cash Flow,Investing Cash Flow,NetCashProvidedByUsedInInvestingActivities,2018,Q2,YTD,2017-10-01,2018-03-31,2018-05-02,10-Q,15120000000,USD,0000320193-18-000070,
AAPL,Cash Flow,Investing Cash Flow,NetCashProvidedByUsedInInvestingActivities,2019,Q2,YTD,2017-10-01,2018-03-31,2019-05-01,10-Q,15120000000,USD,0000320193-19-000066,
AAPL,Cash Flow,Investing Cash Flow,NetCashProvidedByUsedInInvestingActivities,2019,Q2,YTD,2018-09-30,2019-03-30,2019-05-01,10-Q,19192000000,USD,0000320193-19-000066,
AAPL,Cash Flow,Investing Cash Flow,NetCashProvidedByUsedInInvestingActivities,2020,Q2,YTD,2018-09-30,2019-03-30,2020-05-01,10-Q,19192000000,USD,0000320193-20-000052,
AAPL,Cash Flow,Investing Cash Flow,NetCashProvidedByUsedInInvestingActivities,2020,Q2,YTD,2019-09-29,2020-03-28,2020-05-01,10-Q,-4655000000,USD,0000320193-20-000052,
AAPL,Cash Flow,Investing Cash Flow,NetCashProvidedByUsedInInvestingActivities,2021,Q2,YTD,2019-09-29,2020-03-28,2021-04-29,10-Q,-4655000000,USD,0000320193-21-000056,
AAPL,Cash Flow,Investing Cash Flow,NetCashProvidedByUsedInInvestingActivities,2021,Q2,YTD,2020-09-27,2021-03-27,2021-04-29,10-Q,-18952000000,USD,0000320193-21-000056,
AAPL,Cash Flow,Investing Cash Flow,NetCashProvidedByUsedInInvestingActivities,2022,Q2,YTD,2020-09-27,2021-03-27,2022-04-29,10-Q,-18952000000,USD,0000320193-22-000059,
AAPL,Cash Flow,Investing Cash Flow,NetCashProvidedByUsedInInvestingActivities,2022,Q2,YTD,2021-09-26,2022-03-26,2022-04-29,10-Q,-25371000000,USD,0000320193-22-000059,
AAPL,Cash Flow,Investing Cash Flow,NetCashProvidedByUsedInInvestingActivities,2023,Q2,YTD,2021-09-26,2022-03-26,2023-05-05,10-Q,-25371000000,USD,0000320193-23-000064,
AAPL,Cash Flow,Investing Cash Flow,NetCashProvidedByUsedInInvestingActivities,2023,Q2,YTD,2022-09-25,2023-04-01,2023-05-05,10-Q,874000000,USD,0000320193-23-000064,
AAPL,Cash Flow,Investing Cash Flow,NetCashProvidedByUsedInInvestingActivities,2024,Q2,YTD,2022-09-25,2023-04-01,2024-05-03,10-Q,874000000,USD,0000320193-24-000069,
AAPL,Cash Flow,Investing Cash Flow,NetCashProvidedByUsedInInvestingActivities,2024,Q2,YTD,2023-10-01,2024-03-30,2024-05-03,10-Q,1617000000,USD,0000320193-24-000069,
AAPL,Cash Flow,Investing Cash Flow,NetCashProvidedByUsedInInvestingActivities,2025,Q2,YTD,2023-10-01,2024-03-30,2025-05-02,10-Q,1617000000,USD,0000320193-25-000057,
AAPL,Cash Flow,Investing Cash Flow,NetCashProvidedByUsedInInvestingActivities,2025,Q2,YTD,2024-09-29,2025-03-29,2025-05-02,10-Q,12709000000,USD,0000320193-25-000057,
AAPL,Cash Flow,Investing Cash Flow,NetCashProvidedByUsedInInvestingActivities,2026,Q2,YTD,2024-09-29,2025-03-29,2026-05-01,10-Q,12709000000,USD,0000320193-26-000013,
AAPL,Cash Flow,Investing Cash Flow,NetCashProvidedByUsedInInvestingActivities,2026,Q2,YTD,2025-09-28,2026-03-28,2026-05-01,10-Q,-11054000000,USD,0000320193-26-000013,
AAPL,Cash Flow,Investing Cash Flow,NetCashProvidedByUsedInInvestingActivities,2009,Q3,Annual,2007-09-30,2008-06-28,2009-07-22,10-Q,-6196000000,USD,0001193125-09-153165,
AAPL,Cash Flow,Investing Cash Flow,NetCashProvidedByUsedInInvestingActivities,2009,Q3,Annual,2008-09-28,2009-06-27,2009-07-22,10-Q,-13663000000,USD,0001193125-09-153165,
AAPL,Cash Flow,Investing Cash Flow,NetCashProvidedByUsedInInvestingActivities,2010,Q3,Annual,2008-09-28,2009-06-27,2010-07-21,10-Q,-13663000000,USD,0001193125-10-162840,
AAPL,Cash Flow,Investing Cash Flow,NetCashProvidedByUsedInInvestingActivities,2010,Q3,Annual,2009-09-27,2010-06-26,2010-07-21,10-Q,-9471000000,USD,0001193125-10-162840,
AAPL,Cash Flow,Investing Cash Flow,NetCashProvidedByUsedInInvestingActivities,2011,Q3,Annual,2009-09-27,2010-06-26,2011-07-20,10-Q,-9471000000,USD,0001193125-11-192493,
AAPL,Cash Flow,Investing Cash Flow,NetCashProvidedByUsedInInvestingActivities,2011,Q3,Annual,2010-09-26,2011-06-25,2011-07-20,10-Q,-27283000000,USD,0001193125-11-192493,
AAPL,Cash Flow,Investing Cash Flow,NetCashProvidedByUsedInInvestingActivities,2012,Q3,Annual,2010-09-26,2011-06-25,2012-07-25,10-Q,-27283000000,USD,0001193125-12-314552,
AAPL,Cash Flow,Investing Cash Flow,NetCashProvidedByUsedInInvestingActivities,2012,Q3,Annual,2011-09-25,2012-06-30,2012-07-25,10-Q,-43914000000,USD,0001193125-12-314552,
AAPL,Cash Flow,Investing Cash Flow,NetCashProvidedByUsedInInvestingActivities,2013,Q3,Annual,2011-09-25,2012-06-30,2013-07-24,10-Q,-43914000000,USD,0001193125-13-300670,
AAPL,Cash Flow,Investing Cash Flow,NetCashProvidedByUsedInInvestingActivities,2013,Q3,Annual,2012-09-30,2013-06-29,2013-07-24,10-Q,-34385000000,USD,0001193125-13-300670,
AAPL,Cash Flow,Investing Cash Flow,NetCashProvidedByUsedInInvestingActivities,2017,Q3,Annual,2015-09-27,2016-06-25,2017-08-02,10-Q,-38580000000,USD,0000320193-17-000009,
AAPL,Cash Flow,Investing Cash Flow,NetCashProvidedByUsedInInvestingActivities,2017,Q3,Annual,2016-09-25,2017-07-01,2017-08-02,10-Q,-36504000000,USD,0000320193-17-000009,
AAPL,Cash Flow,Investing Cash Flow,NetCashProvidedByUsedInInvestingActivities,2018,Q3,Annual,2016-09-25,2017-07-01,2018-08-01,10-Q,-36504000000,USD,0000320193-18-000100,
AAPL,Cash Flow,Investing Cash Flow,NetCashProvidedByUsedInInvestingActivities,2018,Q3,Annual,2017-10-01,2018-06-30,2018-08-01,10-Q,19067000000,USD,0000320193-18-000100,
AAPL,Cash Flow,Investing Cash Flow,NetCashProvidedByUsedInInvestingActivities,2019,Q3,Annual,2017-10-01,2018-06-30,2019-07-31,10-Q,19067000000,USD,0000320193-19-000076,
AAPL,Cash Flow,Investing Cash Flow,NetCashProvidedByUsedInInvestingActivities,2019,Q3,Annual,2018-09-30,2019-06-29,2019-07-31,10-Q,46694000000,USD,0000320193-19-000076,
AAPL,Cash Flow,Investing Cash Flow,NetCashProvidedByUsedInInvestingActivities,2020,Q3,Annual,2018-09-30,2019-06-29,2020-07-31,10-Q,46694000000,USD,0000320193-20-000062,
AAPL,Cash Flow,Investing Cash Flow,NetCashProvidedByUsedInInvestingActivities,2020,Q3,Annual,2019-09-29,2020-06-27,2020-07-31,10-Q,-9820000000,USD,0000320193-20-000062,
AAPL,Cash Flow,Investing Cash Flow,NetCashProvidedByUsedInInvestingActivities,2021,Q3,Annual,2019-09-29,2020-06-27,2021-07-28,10-Q,-9820000000,USD,0000320193-21-000065,
AAPL,Cash Flow,Investing Cash Flow,NetCashProvidedByUsedInInvestingActivities,2021,Q3,Annual,2020-09-27,2021-06-26,2021-07-28,10-Q,-15380000000,USD,0000320193-21-000065,
AAPL,Cash Flow,Investing Cash Flow,NetCashProvidedByUsedInInvestingActivities,2022,Q3,Annual,2020-09-27,2021-06-26,2022-07-29,10-Q,-15380000000,USD,0000320193-22-000070,
AAPL,Cash Flow,Investing Cash Flow,NetCashProvidedByUsedInInvestingActivities,2022,Q3,Annual,2021-09-26,2022-06-25,2022-07-29,10-Q,-21137000000,USD,0000320193-22-000070,
AAPL,Cash Flow,Investing Cash Flow,NetCashProvidedByUsedInInvestingActivities,2023,Q3,Annual,2021-09-26,2022-06-25,2023-08-04,10-Q,-21137000000,USD,0000320193-23-000077,
AAPL,Cash Flow,Investing Cash Flow,NetCashProvidedByUsedInInvestingActivities,2023,Q3,Annual,2022-09-25,2023-07-01,2023-08-04,10-Q,1311000000,USD,0000320193-23-000077,
AAPL,Cash Flow,Investing Cash Flow,NetCashProvidedByUsedInInvestingActivities,2024,Q3,Annual,2022-09-25,2023-07-01,2024-08-02,10-Q,1311000000,USD,0000320193-24-000081,
AAPL,Cash Flow,Investing Cash Flow,NetCashProvidedByUsedInInvestingActivities,2024,Q3,Annual,2023-10-01,2024-06-29,2024-08-02,10-Q,1490000000,USD,0000320193-24-000081,
AAPL,Cash Flow,Investing Cash Flow,NetCashProvidedByUsedInInvestingActivities,2025,Q3,Annual,2023-10-01,2024-06-29,2025-08-01,10-Q,1490000000,USD,0000320193-25-000073,
AAPL,Cash Flow,Investing Cash Flow,NetCashProvidedByUsedInInvestingActivities,2025,Q3,Annual,2024-09-29,2025-06-28,2025-08-01,10-Q,17782000000,USD,0000320193-25-000073,
AAPL,Cash Flow,Investing Cash Flow,NetCashProvidedByUsedInInvestingActivities,2026,Q3,Annual,2024-09-29,2025-06-28,2026-07-31,10-Q,17782000000,USD,0000320193-26-000020,
AAPL,Cash Flow,Investing Cash Flow,NetCashProvidedByUsedInInvestingActivities,2026,Q3,Annual,2025-09-28,2026-06-27,2026-07-31,10-Q,-18811000000,USD,0000320193-26-000020,
AAPL,Cash Flow,Operating Cash Flow,NetCashProvidedByUsedInOperatingActivities,2009,FY,Annual,2006-10-01,2007-09-29,2009-10-27,10-K,5470000000,USD,0001193125-09-214859,
AAPL,Cash Flow,Operating Cash Flow,NetCashProvidedByUsedInOperatingActivities,2009,FY,Annual,2007-09-30,2008-09-27,2009-10-27,10-K,9596000000,USD,0001193125-09-214859,
AAPL,Cash Flow,Operating Cash Flow,NetCashProvidedByUsedInOperatingActivities,2010,FY,Annual,2007-09-30,2008-09-27,2010-10-27,10-K,9596000000,USD,0001193125-10-238044,CY2008
AAPL,Cash Flow,Operating Cash Flow,NetCashProvidedByUsedInOperatingActivities,2009,FY,Annual,2008-09-28,2009-09-26,2009-10-27,10-K,10159000000,USD,0001193125-09-214859,
AAPL,Cash Flow,Operating Cash Flow,NetCashProvidedByUsedInOperatingActivities,2010,FY,Annual,2008-09-28,2009-09-26,2010-10-27,10-K,10159000000,USD,0001193125-10-238044,
AAPL,Cash Flow,Operating Cash Flow,NetCashProvidedByUsedInOperatingActivities,2011,FY,Annual,2008-09-28,2009-09-26,2011-10-26,10-K,10159000000,USD,0001193125-11-282113,CY2009
AAPL,Cash Flow,Operating Cash Flow,NetCashProvidedByUsedInOperatingActivities,2010,FY,Annual,2009-09-27,2010-09-25,2010-10-27,10-K,18595000000,USD,0001193125-10-238044,
AAPL,Cash Flow,Operating Cash Flow,NetCashProvidedByUsedInOperatingActivities,2011,FY,Annual,2009-09-27,2010-09-25,2011-10-26,10-K,18595000000,USD,0001193125-11-282113,
AAPL,Cash Flow,Operating Cash Flow,NetCashProvidedByUsedInOperatingActivities,2012,FY,Annual,2009-09-27,2010-09-25,2012-10-31,10-K,18595000000,USD,0001193125-12-444068,
AAPL,Cash Flow,Operating Cash Flow,NetCashProvidedByUsedInOperatingActivities,2011,FY,Annual,2010-09-26,2011-09-24,2011-10-26,10-K,37529000000,USD,0001193125-11-282113,
AAPL,Cash Flow,Operating Cash Flow,NetCashProvidedByUsedInOperatingActivities,2012,FY,Annual,2010-09-26,2011-09-24,2012-10-31,10-K,37529000000,USD,0001193125-12-444068,
AAPL,Cash Flow,Operating Cash Flow,NetCashProvidedByUsedInOperatingActivities,2013,FY,Annual,2010-09-26,2011-09-24,2013-10-30,10-K,37529000000,USD,0001193125-13-416534,CY2011
AAPL,Cash Flow,Operating Cash Flow,NetCashProvidedByUsedInOperatingActivities,2012,FY,Annual,2011-09-25,2012-09-29,2012-10-31,10-K,50856000000,USD,0001193125-12-444068,
AAPL,Cash Flow,Operating Cash Flow,NetCashProvidedByUsedInOperatingActivities,2013,FY,Annual,2011-09-25,2012-09-29,2013-10-30,10-K,50856000000,USD,0001193125-13-416534,CY2012
AAPL,Cash Flow,Operating Cash Flow,NetCashProvidedByUsedInOperatingActivities,2013,FY,Annual,2012-09-30,2013-09-28,2013-10-30,10-K,53666000000,USD,0001193125-13-416534,CY2013
AAPL,Cash Flow,Operating Cash Flow,NetCashProvidedByUsedInOperatingActivities,2017,FY,Annual,2014-09-28,2015-09-26,2017-11-03,10-K,81266000000,USD,0000320193-17-000070,CY2015
AAPL,Cash Flow,Operating Cash Flow,NetCashProvidedByUsedInOperatingActivities,2017,FY,Annual,2015-09-27,2016-09-24,2017-11-03,10-K,65824000000,USD,0000320193-17-000070,
AAPL,Cash Flow,Operating Cash Flow,NetCashProvidedByUsedInOperatingActivities,2018,FY,Annual,2015-09-27,2016-09-24,2018-11-05,10-K,66231000000,USD,0000320193-18-000145,CY2016
AAPL,Cash Flow,Operating Cash Flow,NetCashProvidedByUsedInOperatingActivities,2017,FY,Annual,2016-09-25,2017-09-30,2017-11-03,10-K,63598000000,USD,0000320193-17-000070,
AAPL,Cash Flow,Operating Cash Flow,NetCashProvidedByUsedInOperatingActivities,2018,FY,Annual,2016-09-25,2017-09-30,2018-11-05,10-K,64225000000,USD,0000320193-18-000145,
AAPL,Cash Flow,Operating Cash Flow,NetCashProvidedByUsedInOperatingActivities,2019,FY,Annual,2016-09-25,2017-09-30,2019-10-31,10-K,64225000000,USD,0000320193-19-000119,CY2017
AAPL,Cash Flow,Operating Cash Flow,NetCashProvidedByUsedInOperatingActivities,2018,FY,Annual,2017-10-01,2018-09-29,2018-11-05,10-K,77434000000,USD,0000320193-18-000145,
AAPL,Cash Flow,Operating Cash Flow,NetCashProvidedByUsedInOperatingActivities,2019,FY,Annual,2017-10-01,2018-09-29,2019-10-31,10-K,77434000000,USD,0000320193-19-000119,
AAPL,Cash Flow,Operating Cash Flow,NetCashProvidedByUsedInOperatingActivities,2020,FY,Annual,2017-10-01,2018-09-29,2020-10-30,10-K,77434000000,USD,0000320193-20-000096,CY2018
AAPL,Cash Flow,Operating Cash Flow,NetCashProvidedByUsedInOperatingActivities,2019,FY,Annual,2018-09-30,2019-09-28,2019-10-31,10-K,69391000000,USD,0000320193-19-000119,
AAPL,Cash Flow,Operating Cash Flow,NetCashProvidedByUsedInOperatingActivities,2020,FY,Annual,2018-09-30,2019-09-28,2020-10-30,10-K,69391000000,USD,0000320193-20-000096,
AAPL,Cash Flow,Operating Cash Flow,NetCashProvidedByUsedInOperatingActivities,2021,FY,Annual,2018-09-30,2019-09-28,2021-10-29,10-K,69391000000,USD,0000320193-21-000105,CY2019
AAPL,Cash Flow,Operating Cash Flow,NetCashProvidedByUsedInOperatingActivities,2020,FY,Annual,2019-09-29,2020-09-26,2020-10-30,10-K,80674000000,USD,0000320193-20-000096,
AAPL,Cash Flow,Operating Cash Flow,NetCashProvidedByUsedInOperatingActivities,2021,FY,Annual,2019-09-29,2020-09-26,2021-10-29,10-K,80674000000,USD,0000320193-21-000105,
AAPL,Cash Flow,Operating Cash Flow,NetCashProvidedByUsedInOperatingActivities,2022,FY,Annual,2019-09-29,2020-09-26,2022-10-28,10-K,80674000000,USD,0000320193-22-000108,CY2020
AAPL,Cash Flow,Operating Cash Flow,NetCashProvidedByUsedInOperatingActivities,2021,FY,Annual,2020-09-27,2021-09-25,2021-10-29,10-K,104038000000,USD,0000320193-21-000105,
AAPL,Cash Flow,Operating Cash Flow,NetCashProvidedByUsedInOperatingActivities,2022,FY,Annual,2020-09-27,2021-09-25,2022-10-28,10-K,104038000000,USD,0000320193-22-000108,
AAPL,Cash Flow,Operating Cash Flow,NetCashProvidedByUsedInOperatingActivities,2023,FY,Annual,2020-09-27,2021-09-25,2023-11-03,10-K,104038000000,USD,0000320193-23-000106,CY2021
AAPL,Cash Flow,Operating Cash Flow,NetCashProvidedByUsedInOperatingActivities,2022,FY,Annual,2021-09-26,2022-09-24,2022-10-28,10-K,122151000000,USD,0000320193-22-000108,
AAPL,Cash Flow,Operating Cash Flow,NetCashProvidedByUsedInOperatingActivities,2023,FY,Annual,2021-09-26,2022-09-24,2023-11-03,10-K,122151000000,USD,0000320193-23-000106,
AAPL,Cash Flow,Operating Cash Flow,NetCashProvidedByUsedInOperatingActivities,2024,FY,Annual,2021-09-26,2022-09-24,2024-11-01,10-K,122151000000,USD,0000320193-24-000123,CY2022
AAPL,Cash Flow,Operating Cash Flow,NetCashProvidedByUsedInOperatingActivities,2023,FY,Annual,2022-09-25,2023-09-30,2023-11-03,10-K,110543000000,USD,0000320193-23-000106,
AAPL,Cash Flow,Operating Cash Flow,NetCashProvidedByUsedInOperatingActivities,2024,FY,Annual,2022-09-25,2023-09-30,2024-11-01,10-K,110543000000,USD,0000320193-24-000123,
AAPL,Cash Flow,Operating Cash Flow,NetCashProvidedByUsedInOperatingActivities,2025,FY,Annual,2022-09-25,2023-09-30,2025-10-31,10-K,110543000000,USD,0000320193-25-000079,CY2023
AAPL,Cash Flow,Operating Cash Flow,NetCashProvidedByUsedInOperatingActivities,2024,FY,Annual,2023-10-01,2024-09-28,2024-11-01,10-K,118254000000,USD,0000320193-24-000123,
AAPL,Cash Flow,Operating Cash Flow,NetCashProvidedByUsedInOperatingActivities,2025,FY,Annual,2023-10-01,2024-09-28,2025-10-31,10-K,118254000000,USD,0000320193-25-000079,CY2024
AAPL,Cash Flow,Operating Cash Flow,NetCashProvidedByUsedInOperatingActivities,2025,FY,Annual,2024-09-29,2025-09-27,2025-10-31,10-K,111482000000,USD,0000320193-25-000079,CY2025
AAPL,Cash Flow,Operating Cash Flow,NetCashProvidedByUsedInOperatingActivities,2010,Q1,Quarter,2008-09-28,2008-12-27,2010-01-25,10-Q,3938000000,USD,0001193125-10-012085,CY2008Q4
AAPL,Cash Flow,Operating Cash Flow,NetCashProvidedByUsedInOperatingActivities,2010,Q1,Quarter,2009-09-27,2009-12-26,2010-01-25,10-Q,5781000000,USD,0001193125-10-012085,
AAPL,Cash Flow,Operating Cash Flow,NetCashProvidedByUsedInOperatingActivities,2011,Q1,Quarter,2009-09-27,2009-12-26,2011-01-19,10-Q,5781000000,USD,0001193125-11-010144,CY2009Q4
AAPL,Cash Flow,Operating Cash Flow,NetCashProvidedByUsedInOperatingActivities,2011,Q1,Quarter,2010-09-26,2010-12-25,2011-01-19,10-Q,9773000000,USD,0001193125-11-010144,
AAPL,Cash Flow,Operating Cash Flow,NetCashProvidedByUsedInOperatingActivities,2012,Q1,Quarter,2010-09-26,2010-12-25,2012-01-25,10-Q,9773000000,USD,0001193125-12-023398,CY2010Q4
AAPL,Cash Flow,Operating Cash Flow,NetCashProvidedByUsedInOperatingActivities,2012,Q1,Quarter,2011-09-25,2011-12-31,2012-01-25,10-Q,17554000000,USD,0001193125-12-023398,
AAPL,Cash Flow,Operating Cash Flow,NetCashProvidedByUsedInOperatingActivities,2013,Q1,Quarter,2011-09-25,2011-12-31,2013-01-24,10-Q,17554000000,USD,0001193125-13-022339,CY2011Q4
AAPL,Cash Flow,Operating Cash Flow,NetCashProvidedByUsedInOperatingActivities,2013,Q1,Quarter,2012-09-30,2012-12-29,2013-01-24,10-Q,23426000000,USD,0001193125-13-022339,
AAPL,Cash Flow,Operating Cash Flow,NetCashProvidedByUsedInOperatingActivities,2014,Q1,Quarter,2012-09-30,2012-12-29,2014-01-28,10-Q,23426000000,USD,0001193125-14-024487,CY2012Q4
AAPL,Cash Flow,Operating Cash Flow,NetCashProvidedByUsedInOperatingActivities,2014,Q1,Quarter,2013-09-29,2013-12-28,2014-01-28,10-Q,22670000000,USD,0001193125-14-024487,CY2013Q4
AAPL,Cash Flow,Operating Cash Flow,NetCashProvidedByUsedInOperatingActivities,2018,Q1,Quarter,2016-09-25,2016-12-31,2018-02-02,10-Q,27234000000,USD,0000320193-18-000007,CY2016Q4
AAPL,Cash Flow,Operating Cash Flow,NetCashProvidedByUsedInOperatingActivities,2018,Q1,Quarter,2017-10-01,2017-12-30,2018-02-02,10-Q,28293000000,USD,0000320193-18-000007,
AAPL,Cash Flow,Operating Cash Flow,NetCashProvidedByUsedInOperatingActivities,2019,Q1,Quarter,2017-10-01,2017-12-30,2019-01-30,10-Q,28293000000,USD,0000320193-19-000010,CY2017Q4
AAPL,Cash Flow,Operating Cash Flow,NetCashProvidedByUsedInOperatingActivities,2019,Q1,Quarter,2018-09-30,2018-12-29,2019-01-30,10-Q,26690000000,USD,0000320193-19-000010,
AAPL,Cash Flow,Operating Cash Flow,NetCashProvidedByUsedInOperatingActivities,2020,Q1,Quarter,2018-09-30,2018-12-29,2020-01-29,10-Q,26690000000,USD,0000320193-20-000010,CY2018Q4
AAPL,Cash Flow,Operating Cash Flow,NetCashProvidedByUsedInOperatingActivities,2020,Q1,Quarter,2019-09-29,2019-12-28,2020-01-29,10-Q,30516000000,USD,0000320193-20-000010,
AAPL,Cash Flow,Operating Cash Flow,NetCashProvidedByUsedInOperatingActivities,2021,Q1,Quarter,2019-09-29,2019-12-28,2021-01-28,10-Q,30516000000,USD,0000320193-21-000010,CY2019Q4
AAPL,Cash Flow,Operating Cash Flow,NetCashProvidedByUsedInOperatingActivities,2021,Q1,Quarter,2020-09-27,2020-12-26,2021-01-28,10-Q,38763000000,USD,0000320193-21-000010,
AAPL,Cash Flow,Operating Cash Flow,NetCashProvidedByUsedInOperatingActivities,2022,Q1,Quarter,2020-09-27,2020-12-26,2022-01-28,10-Q,38763000000,USD,0000320193-22-000007,CY2020Q4
AAPL,Cash Flow,Operating Cash Flow,NetCashProvidedByUsedInOperatingActivities,2022,Q1,Quarter,2021-09-26,2021-12-25,2022-01-28,10-Q,46966000000,USD,0000320193-22-000007,
AAPL,Cash Flow,Operating Cash Flow,NetCashProvidedByUsedInOperatingActivities,2023,Q1,Quarter,2021-09-26,2021-12-25,2023-02-03,10-Q,46966000000,USD,0000320193-23-000006,CY2021Q4
AAPL,Cash Flow,Operating Cash Flow,NetCashProvidedByUsedInOperatingActivities,2023,Q1,Quarter,2022-09-25,2022-12-31,2023-02-03,10-Q,34005000000,USD,0000320193-23-000006,
AAPL,Cash Flow,Operating Cash Flow,NetCashProvidedByUsedInOperatingActivities,2024,Q1,Quarter,2022-09-25,2022-12-31,2024-02-02,10-Q,34005000000,USD,0000320193-24-000006,CY2022Q4
AAPL,Cash Flow,Operating Cash Flow,NetCashProvidedByUsedInOperatingActivities,2024,Q1,Quarter,2023-10-01,2023-12-30,2024-02-02,10-Q,39895000000,USD,0000320193-24-000006,
AAPL,Cash Flow,Operating Cash Flow,NetCashProvidedByUsedInOperatingActivities,2025,Q1,Quarter,2023-10-01,2023-12-30,2025-01-31,10-Q,39895000000,USD,0000320193-25-000008,CY2023Q4
AAPL,Cash Flow,Operating Cash Flow,NetCashProvidedByUsedInOperatingActivities,2025,Q1,Quarter,2024-09-29,2024-12-28,2025-01-31,10-Q,29935000000,USD,0000320193-25-000008,
AAPL,Cash Flow,Operating Cash Flow,NetCashProvidedByUsedInOperatingActivities,2026,Q1,Quarter,2024-09-29,2024-12-28,2026-01-30,10-Q,29935000000,USD,0000320193-26-000006,CY2024Q4
AAPL,Cash Flow,Operating Cash Flow,NetCashProvidedByUsedInOperatingActivities,2026,Q1,Quarter,2025-09-28,2025-12-27,2026-01-30,10-Q,53925000000,USD,0000320193-26-000006,CY2025Q4
AAPL,Cash Flow,Operating Cash Flow,NetCashProvidedByUsedInOperatingActivities,2010,Q2,YTD,2008-09-28,2009-03-28,2010-04-21,10-Q,4779000000,USD,0001193125-10-088957,
AAPL,Cash Flow,Operating Cash Flow,NetCashProvidedByUsedInOperatingActivities,2010,Q2,YTD,2009-09-27,2010-03-27,2010-04-21,10-Q,8111000000,USD,0001193125-10-088957,
AAPL,Cash Flow,Operating Cash Flow,NetCashProvidedByUsedInOperatingActivities,2011,Q2,YTD,2009-09-27,2010-03-27,2011-04-21,10-Q,8111000000,USD,0001193125-11-104388,
AAPL,Cash Flow,Operating Cash Flow,NetCashProvidedByUsedInOperatingActivities,2011,Q2,YTD,2010-09-26,2011-03-26,2011-04-21,10-Q,15992000000,USD,0001193125-11-104388,
AAPL,Cash Flow,Operating Cash Flow,NetCashProvidedByUsedInOperatingActivities,2012,Q2,YTD,2010-09-26,2011-03-26,2012-04-25,10-Q,15992000000,USD,0001193125-12-182321,
AAPL,Cash Flow,Operating Cash Flow,NetCashProvidedByUsedInOperatingActivities,2012,Q2,YTD,2011-09-25,2012-03-31,2012-04-25,10-Q,31531000000,USD,0001193125-12-182321,
AAPL,Cash Flow,Operating Cash Flow,NetCashProvidedByUsedInOperatingActivities,2013,Q2,YTD,2011-09-25,2012-03-31,2013-04-24,10-Q,31531000000,USD,0001193125-13-168288,
AAPL,Cash Flow,Operating Cash Flow,NetCashProvidedByUsedInOperatingActivities,2013,Q2,YTD,2012-09-30,2013-03-30,2013-04-24,10-Q,35930000000,USD,0001193125-13-168288,
AAPL,Cash Flow,Operating Cash Flow,NetCashProvidedByUsedInOperatingActivities,2017,Q2,YTD,2015-09-27,2016-03-26,2017-05-03,10-Q,39064000000,USD,0001628280-17-004790,
AAPL,Cash Flow,Operating Cash Flow,NetCashProvidedByUsedInOperatingActivities,2017,Q2,YTD,2016-09-25,2017-04-01,2017-05-03,10-Q,39579000000,USD,0001628280-17-004790,
AAPL,Cash Flow,Operating Cash Flow,NetCashProvidedByUsedInOperatingActivities,2018,Q2,YTD,2016-09-25,2017-04-01,2018-05-02,10-Q,39804000000,USD,0000320193-18-000070,
AAPL,Cash Flow,Operating Cash Flow,NetCashProvidedByUsedInOperatingActivities,2018,Q2,YTD,2017-10-01,2018-03-31,2018-05-02,10-Q,43423000000,USD,0000320193-18-000070,
AAPL,Cash Flow,Operating Cash Flow,NetCashProvidedByUsedInOperatingActivities,2019,Q2,YTD,2017-10-01,2018-03-31,2019-05-01,10-Q,43423000000,USD,0000320193-19-000066,
AAPL,Cash Flow,Operating Cash Flow,NetCashProvidedByUsedInOperatingActivities,2019,Q2,YTD,2018-09-30,2019-03-30,2019-05-01,10-Q,37845000000,USD,0000320193-19-000066,
AAPL,Cash Flow,Operating Cash Flow,NetCashProvidedByUsedInOperatingActivities,2020,Q2,YTD,2018-09-30,2019-03-30,2020-05-01,10-Q,37845000000,USD,0000320193-20-000052,
AAPL,Cash Flow,Operating Cash Flow,NetCashProvidedByUsedInOperatingActivities,2020,Q2,YTD,2019-09-29,2020-03-28,2020-05-01,10-Q,43827000000,USD,0000320193-20-000052,
AAPL,Cash Flow,Operating Cash Flow,NetCashProvidedByUsedInOperatingActivities,2021,Q2,YTD,2019-09-29,2020-03-28,2021-04-29,10-Q,43827000000,USD,0000320193-21-000056,
AAPL,Cash Flow,Operating Cash Flow,NetCashProvidedByUsedInOperatingActivities,2021,Q2,YTD,2020-09-27,2021-03-27,2021-04-29,10-Q,62744000000,USD,0000320193-21-000056,
AAPL,Cash Flow,Operating Cash Flow,NetCashProvidedByUsedInOperatingActivities,2022,Q2,YTD,2020-09-27,2021-03-27,2022-04-29,10-Q,62744000000,USD,0000320193-22-000059,
AAPL,Cash Flow,Operating Cash Flow,NetCashProvidedByUsedInOperatingActivities,2022,Q2,YTD,2021-09-26,2022-03-26,2022-04-29,10-Q,75132000000,USD,0000320193-22-000059,
AAPL,Cash Flow,Operating Cash Flow,NetCashProvidedByUsedInOperatingActivities,2023,Q2,YTD,2021-09-26,2022-03-26,2023-05-05,10-Q,75132000000,USD,0000320193-23-000064,
AAPL,Cash Flow,Operating Cash Flow,NetCashProvidedByUsedInOperatingActivities,2023,Q2,YTD,2022-09-25,2023-04-01,2023-05-05,10-Q,62565000000,USD,0000320193-23-000064,
AAPL,Cash Flow,Operating Cash Flow,NetCashProvidedByUsedInOperatingActivities,2024,Q2,YTD,2022-09-25,2023-04-01,2024-05-03,10-Q,62565000000,USD,0000320193-24-000069,
AAPL,Cash Flow,Operating Cash Flow,NetCashProvidedByUsedInOperatingActivities,2024,Q2,YTD,2023-10-01,2024-03-30,2024-05-03,10-Q,62585000000,USD,0000320193-24-000069,
AAPL,Cash Flow,Operating Cash Flow,NetCashProvidedByUsedInOperatingActivities,2025,Q2,YTD,2023-10-01,2024-03-30,2025-05-02,10-Q,62585000000,USD,0000320193-25-000057,
AAPL,Cash Flow,Operating Cash Flow,NetCashProvidedByUsedInOperatingActivities,2025,Q2,YTD,2024-09-29,2025-03-29,2025-05-02,10-Q,53887000000,USD,0000320193-25-000057,
AAPL,Cash Flow,Operating Cash Flow,NetCashProvidedByUsedInOperatingActivities,2026,Q2,YTD,2024-09-29,2025-03-29,2026-05-01,10-Q,53887000000,USD,0000320193-26-000013,
AAPL,Cash Flow,Operating Cash Flow,NetCashProvidedByUsedInOperatingActivities,2026,Q2,YTD,2025-09-28,2026-03-28,2026-05-01,10-Q,82627000000,USD,0000320193-26-000013,
AAPL,Cash Flow,Operating Cash Flow,NetCashProvidedByUsedInOperatingActivities,2009,Q3,Annual,2007-09-30,2008-06-28,2009-07-22,10-Q,5301000000,USD,0001193125-09-153165,
AAPL,Cash Flow,Operating Cash Flow,NetCashProvidedByUsedInOperatingActivities,2009,Q3,Annual,2008-09-28,2009-06-27,2009-07-22,10-Q,7049000000,USD,0001193125-09-153165,
AAPL,Cash Flow,Operating Cash Flow,NetCashProvidedByUsedInOperatingActivities,2010,Q3,Annual,2008-09-28,2009-06-27,2010-07-21,10-Q,7049000000,USD,0001193125-10-162840,
AAPL,Cash Flow,Operating Cash Flow,NetCashProvidedByUsedInOperatingActivities,2010,Q3,Annual,2009-09-27,2010-06-26,2010-07-21,10-Q,12912000000,USD,0001193125-10-162840,
AAPL,Cash Flow,Operating Cash Flow,NetCashProvidedByUsedInOperatingActivities,2011,Q3,Annual,2009-09-27,2010-06-26,2011-07-20,10-Q,12912000000,USD,0001193125-11-192493,
AAPL,Cash Flow,Operating Cash Flow,NetCashProvidedByUsedInOperatingActivities,2011,Q3,Annual,2010-09-26,2011-06-25,2011-07-20,10-Q,27100000000,USD,0001193125-11-192493,
AAPL,Cash Flow,Operating Cash Flow,NetCashProvidedByUsedInOperatingActivities,2012,Q3,Annual,2010-09-26,2011-06-25,2012-07-25,10-Q,27100000000,USD,0001193125-12-314552,
AAPL,Cash Flow,Operating Cash Flow,NetCashProvidedByUsedInOperatingActivities,2012,Q3,Annual,2011-09-25,2012-06-30,2012-07-25,10-Q,41720000000,USD,0001193125-12-314552,
AAPL,Cash Flow,Operating Cash Flow,NetCashProvidedByUsedInOperatingActivities,2013,Q3,Annual,2011-09-25,2012-06-30,2013-07-24,10-Q,41720000000,USD,0001193125-13-300670,
AAPL,Cash Flow,Operating Cash Flow,NetCashProvidedByUsedInOperatingActivities,2013,Q3,Annual,2012-09-30,2013-06-29,2013-07-24,10-Q,43758000000,USD,0001193125-13-300670,
AAPL,Cash Flow,Operating Cash Flow,NetCashProvidedByUsedInOperatingActivities,2017,Q3,Annual,2015-09-27,2016-06-25,2017-08-02,10-Q,49698000000,USD,0000320193-17-000009,
AAPL,Cash Flow,Operating Cash Flow,NetCashProvidedByUsedInOperatingActivities,2017,Q3,Annual,2016-09-25,2017-07-01,2017-08-02,10-Q,47942000000,USD,0000320193-17-000009,
AAPL,Cash Flow,Operating Cash Flow,NetCashProvidedByUsedInOperatingActivities,2018,Q3,Annual,2016-09-25,2017-07-01,2018-08-01,10-Q,48476000000,USD,0000320193-18-000100,
AAPL,Cash Flow,Operating Cash Flow,NetCashProvidedByUsedInOperatingActivities,2018,Q3,Annual,2017-10-01,2018-06-30,2018-08-01,10-Q,57911000000,USD,0000320193-18-000100,
AAPL,Cash Flow,Operating Cash Flow,NetCashProvidedByUsedInOperatingActivities,2019,Q3,Annual,2017-10-01,2018-06-30,2019-07-31,10-Q,57911000000,USD,0000320193-19-000076,
AAPL,Cash Flow,Operating Cash Flow,NetCashProvidedByUsedInOperatingActivities,2019,Q3,Annual,2018-09-30,2019-06-29,2019-07-31,10-Q,49481000000,USD,0000320193-19-000076,
AAPL,Cash Flow,Operating Cash Flow,NetCashProvidedByUsedInOperatingActivities,2020,Q3,Annual,2018-09-30,2019-06-29,2020-07-31,10-Q,49481000000,USD,0000320193-20-000062,
AAPL,Cash Flow,Operating Cash Flow,NetCashProvidedByUsedInOperatingActivities,2020,Q3,Annual,2019-09-29,2020-06-27,2020-07-31,10-Q,60098000000,USD,0000320193-20-000062,
AAPL,Cash Flow,Operating Cash Flow,NetCashProvidedByUsedInOperatingActivities,2021,Q3,Annual,2019-09-29,2020-06-27,2021-07-28,10-Q,60098000000,USD,0000320193-21-000065,
AAPL,Cash Flow,Operating Cash Flow,NetCashProvidedByUsedInOperatingActivities,2021,Q3,Annual,2020-09-27,2021-06-26,2021-07-28,10-Q,83838000000,USD,0000320193-21-000065,
AAPL,Cash Flow,Operating Cash Flow,NetCashProvidedByUsedInOperatingActivities,2022,Q3,Annual,2020-09-27,2021-06-26,2022-07-29,10-Q,83838000000,USD,0000320193-22-000070,
AAPL,Cash Flow,Operating Cash Flow,NetCashProvidedByUsedInOperatingActivities,2022,Q3,Annual,2021-09-26,2022-06-25,2022-07-29,10-Q,98024000000,USD,0000320193-22-000070,
AAPL,Cash Flow,Operating Cash Flow,NetCashProvidedByUsedInOperatingActivities,2023,Q3,Annual,2021-09-26,2022-06-25,2023-08-04,10-Q,98024000000,USD,0000320193-23-000077,
AAPL,Cash Flow,Operating Cash Flow,NetCashProvidedByUsedInOperatingActivities,2023,Q3,Annual,2022-09-25,2023-07-01,2023-08-04,10-Q,88945000000,USD,0000320193-23-000077,
AAPL,Cash Flow,Operating Cash Flow,NetCashProvidedByUsedInOperatingActivities,2024,Q3,Annual,2022-09-25,2023-07-01,2024-08-02,10-Q,88945000000,USD,0000320193-24-000081,
AAPL,Cash Flow,Operating Cash Flow,NetCashProvidedByUsedInOperatingActivities,2024,Q3,Annual,2023-10-01,2024-06-29,2024-08-02,10-Q,91443000000,USD,0000320193-24-000081,
AAPL,Cash Flow,Operating Cash Flow,NetCashProvidedByUsedInOperatingActivities,2025,Q3,Annual,2023-10-01,2024-06-29,2025-08-01,10-Q,91443000000,USD,0000320193-25-000073,
AAPL,Cash Flow,Operating Cash Flow,NetCashProvidedByUsedInOperatingActivities,2025,Q3,Annual,2024-09-29,2025-06-28,2025-08-01,10-Q,81754000000,USD,0000320193-25-000073,
AAPL,Cash Flow,Operating Cash Flow,NetCashProvidedByUsedInOperatingActivities,2026,Q3,Annual,2024-09-29,2025-06-28,2026-07-31,10-Q,81754000000,USD,0000320193-26-000020,
AAPL,Cash Flow,Operating Cash Flow,NetCashProvidedByUsedInOperatingActivities,2026,Q3,Annual,2025-09-28,2026-06-27,2026-07-31,10-Q,116996000000,USD,0000320193-26-000020,
AAPL,Income Statement,Cost of Revenue,CostOfGoodsAndServicesSold,2009,FY,Annual,2006-10-01,2007-09-29,2009-10-27,10-K,15852000000,USD,0001193125-09-214859,
AAPL,Income Statement,Cost of Revenue,CostOfGoodsAndServicesSold,2009,FY,Annual,2007-09-30,2008-09-27,2009-10-27,10-K,21334000000,USD,0001193125-09-214859,
AAPL,Income Statement,Cost of Revenue,CostOfGoodsAndServicesSold,2010,FY,Annual,2007-09-30,2008-09-27,2010-10-27,10-K,24294000000,USD,0001193125-10-238044,CY2008
AAPL,Income Statement,Cost of Revenue,CostOfGoodsAndServicesSold,2009,FY,Annual,2008-09-28,2009-09-26,2009-10-27,10-K,23397000000,USD,0001193125-09-214859,
AAPL,Income Statement,Cost of Revenue,CostOfGoodsAndServicesSold,2010,FY,Annual,2008-09-28,2009-09-26,2010-10-27,10-K,25683000000,USD,0001193125-10-238044,
AAPL,Income Statement,Cost of Revenue,CostOfGoodsAndServicesSold,2011,FY,Annual,2008-09-28,2009-09-26,2011-10-26,10-K,25683000000,USD,0001193125-11-282113,CY2009
AAPL,Income Statement,Cost of Revenue,CostOfGoodsAndServicesSold,2010,FY,Annual,2009-09-27,2010-09-25,2010-10-27,10-K,39541000000,USD,0001193125-10-238044,
AAPL,Income Statement,Cost of Revenue,CostOfGoodsAndServicesSold,2011,FY,Annual,2009-09-27,2010-09-25,2011-10-26,10-K,39541000000,USD,0001193125-11-282113,
AAPL,Income Statement,Cost of Revenue,CostOfGoodsAndServicesSold,2012,FY,Annual,2009-09-27,2010-09-25,2012-10-31,10-K,39541000000,USD,0001193125-12-444068,
AAPL,Income Statement,Cost of Revenue,CostOfGoodsAndServicesSold,2011,FY,Annual,2010-09-26,2011-09-24,2011-10-26,10-K,64431000000,USD,0001193125-11-282113,
AAPL,Income Statement,Cost of Revenue,CostOfGoodsAndServicesSold,2012,FY,Annual,2010-09-26,2011-09-24,2012-10-31,10-K,64431000000,USD,0001193125-12-444068,
AAPL,Income Statement,Cost of Revenue,CostOfGoodsAndServicesSold,2013,FY,Annual,2010-09-26,2011-09-24,2013-10-30,10-K,64431000000,USD,0001193125-13-416534,CY2011
AAPL,Income Statement,Cost of Revenue,CostOfGoodsAndServicesSold,2012,FY,Annual,2011-09-25,2012-09-29,2012-10-31,10-K,87846000000,USD,0001193125-12-444068,
AAPL,Income Statement,Cost of Revenue,CostOfGoodsAndServicesSold,2013,FY,Annual,2011-09-25,2012-09-29,2013-10-30,10-K,87846000000,USD,0001193125-13-416534,
AAPL,Income Statement,Cost of Revenue,CostOfGoodsAndServicesSold,2014,FY,Annual,2011-09-25,2012-09-29,2014-10-27,10-K,87846000000,USD,0001193125-14-383437,
AAPL,Income Statement,Cost of Revenue,CostOfGoodsAndServicesSold,2013,FY,Annual,2012-09-30,2013-09-28,2013-10-30,10-K,106606000000,USD,0001193125-13-416534,
AAPL,Income Statement,Cost of Revenue,CostOfGoodsAndServicesSold,2014,FY,Annual,2012-09-30,2013-09-28,2014-10-27,10-K,106606000000,USD,0001193125-14-383437,
AAPL,Income Statement,Cost of Revenue,CostOfGoodsAndServicesSold,2015,FY,Annual,2012-09-30,2013-09-28,2015-10-28,10-K,106606000000,USD,0001193125-15-356351,CY2013
AAPL,Income Statement,Cost of Revenue,CostOfGoodsAndServicesSold,2014,FY,Annual,2013-09-29,2014-09-27,2014-10-27,10-K,112258000000,USD,0001193125-14-383437,
AAPL,Income Statement,Cost of Revenue,CostOfGoodsAndServicesSold,2015,FY,Annual,2013-09-29,2014-09-27,2015-10-28,10-K,112258000000,USD,0001193125-15-356351,
AAPL,Income Statement,Cost of Revenue,CostOfGoodsAndServicesSold,2016,FY,Annual,2013-09-29,2014-09-27,2016-10-26,10-K,112258000000,USD,0001628280-16-020309,CY2014
AAPL,Income Statement,Cost of Revenue,CostOfGoodsAndServicesSold,2015,FY,Annual,2014-09-28,2015-09-26,2015-10-28,10-K,140089000000,USD,0001193125-15-356351,
AAPL,Income Statement,Cost of Revenue,CostOfGoodsAndServicesSold,2016,FY,Annual,2014-09-28,2015-09-26,2016-10-26,10-K,140089000000,USD,0001628280-16-020309,
AAPL,Income Statement,Cost of Revenue,CostOfGoodsAndServicesSold,2017,FY,Annual,2014-09-28,2015-09-26,2017-11-03,10-K,140089000000,USD,0000320193-17-000070,CY2015
AAPL,Income Statement,Cost of Revenue,CostOfGoodsAndServicesSold,2016,FY,Annual,2015-09-27,2016-09-24,2016-10-26,10-K,131376000000,USD,0001628280-16-020309,
AAPL,Income Statement,Cost of Revenue,CostOfGoodsAndServicesSold,2017,FY,Annual,2015-09-27,2016-09-24,2017-11-03,10-K,131376000000,USD,0000320193-17-000070,
AAPL,Income Statement,Cost of Revenue,CostOfGoodsAndServicesSold,2018,FY,Annual,2015-09-27,2016-09-24,2018-11-05,10-K,131376000000,USD,0000320193-18-000145,CY2016
AAPL,Income Statement,Cost of Revenue,CostOfGoodsAndServicesSold,2017,FY,Annual,2016-09-25,2017-09-30,2017-11-03,10-K,141048000000,USD,0000320193-17-000070,
AAPL,Income Statement,Cost of Revenue,CostOfGoodsAndServicesSold,2018,FY,Annual,2016-09-25,2017-09-30,2018-11-05,10-K,141048000000,USD,0000320193-18-000145,
AAPL,Income Statement,Cost of Revenue,CostOfGoodsAndServicesSold,2019,FY,Annual,2016-09-25,2017-09-30,2019-10-31,10-K,141048000000,USD,0000320193-19-000119,CY2017
AAPL,Income Statement,Cost of Revenue,CostOfGoodsAndServicesSold,2018,FY,Annual,2017-10-01,2018-09-29,2018-11-05,10-K,163756000000,USD,0000320193-18-000145,
AAPL,Income Statement,Cost of Revenue,CostOfGoodsAndServicesSold,2019,FY,Annual,2017-10-01,2018-09-29,2019-10-31,10-K,163756000000,USD,0000320193-19-000119,
AAPL,Income Statement,Cost of Revenue,CostOfGoodsAndServicesSold,2020,FY,Annual,2017-10-01,2018-09-29,2020-10-30,10-K,163756000000,USD,0000320193-20-000096,CY2018
AAPL,Income Statement,Cost of Revenue,CostOfGoodsAndServicesSold,2019,FY,Annual,2018-09-30,2019-09-28,2019-10-31,10-K,161782000000,USD,0000320193-19-000119,
AAPL,Income Statement,Cost of Revenue,CostOfGoodsAndServicesSold,2020,FY,Annual,2018-09-30,2019-09-28,2020-10-30,10-K,161782000000,USD,0000320193-20-000096,
AAPL,Income Statement,Cost of Revenue,CostOfGoodsAndServicesSold,2021,FY,Annual,2018-09-30,2019-09-28,2021-10-29,10-K,161782000000,USD,0000320193-21-000105,CY2019
AAPL,Income Statement,Cost of Revenue,CostOfGoodsAndServicesSold,2020,FY,Annual,2019-09-29,2020-09-26,2020-10-30,10-K,169559000000,USD,0000320193-20-000096,
AAPL,Income Statement,Cost of Revenue,CostOfGoodsAndServicesSold,2021,FY,Annual,2019-09-29,2020-09-26,2021-10-29,10-K,169559000000,USD,0000320193-21-000105,
AAPL,Income Statement,Cost of Revenue,CostOfGoodsAndServicesSold,2022,FY,Annual,2019-09-29,2020-09-26,2022-10-28,10-K,169559000000,USD,0000320193-22-000108,CY2020
AAPL,Income Statement,Cost of Revenue,CostOfGoodsAndServicesSold,2021,FY,Annual,2020-09-27,2021-09-25,2021-10-29,10-K,212981000000,USD,0000320193-21-000105,
AAPL,Income Statement,Cost of Revenue,CostOfGoodsAndServicesSold,2022,FY,Annual,2020-09-27,2021-09-25,2022-10-28,10-K,212981000000,USD,0000320193-22-000108,
AAPL,Income Statement,Cost of Revenue,CostOfGoodsAndServicesSold,2023,FY,Annual,2020-09-27,2021-09-25,2023-11-03,10-K,212981000000,USD,0000320193-23-000106,CY2021
AAPL,Income Statement,Cost of Revenue,CostOfGoodsAndServicesSold,2022,FY,Annual,2021-09-26,2022-09-24,2022-10-28,10-K,223546000000,USD,0000320193-22-000108,
AAPL,Income Statement,Cost of Revenue,CostOfGoodsAndServicesSold,2023,FY,Annual,2021-09-26,2022-09-24,2023-11-03,10-K,223546000000,USD,0000320193-23-000106,
AAPL,Income Statement,Cost of Revenue,CostOfGoodsAndServicesSold,2024,FY,Annual,2021-09-26,2022-09-24,2024-11-01,10-K,223546000000,USD,0000320193-24-000123,CY2022
AAPL,Income Statement,Cost of Revenue,CostOfGoodsAndServicesSold,2023,FY,Annual,2022-09-25,2023-09-30,2023-11-03,10-K,214137000000,USD,0000320193-23-000106,
AAPL,Income Statement,Cost of Revenue,CostOfGoodsAndServicesSold,2024,FY,Annual,2022-09-25,2023-09-30,2024-11-01,10-K,214137000000,USD,0000320193-24-000123,
AAPL,Income Statement,Cost of Revenue,CostOfGoodsAndServicesSold,2025,FY,Annual,2022-09-25,2023-09-30,2025-10-31,10-K,214137000000,USD,0000320193-25-000079,CY2023
AAPL,Income Statement,Cost of Revenue,CostOfGoodsAndServicesSold,2024,FY,Annual,2023-10-01,2024-09-28,2024-11-01,10-K,210352000000,USD,0000320193-24-000123,
AAPL,Income Statement,Cost of Revenue,CostOfGoodsAndServicesSold,2025,FY,Annual,2023-10-01,2024-09-28,2025-10-31,10-K,210352000000,USD,0000320193-25-000079,CY2024
AAPL,Income Statement,Cost of Revenue,CostOfGoodsAndServicesSold,2025,FY,Annual,2024-09-29,2025-09-27,2025-10-31,10-K,220960000000,USD,0000320193-25-000079,CY2025
AAPL,Income Statement,Cost of Revenue,CostOfGoodsAndServicesSold,2010,Q1,Quarter,2008-09-28,2008-12-27,2010-01-25,10-Q,7373000000,USD,0001193125-10-012085,CY2008Q4
AAPL,Income Statement,Cost of Revenue,CostOfGoodsAndServicesSold,2010,Q1,Quarter,2009-09-27,2009-12-26,2010-01-25,10-Q,9272000000,USD,0001193125-10-012085,
AAPL,Income Statement,Cost of Revenue,CostOfGoodsAndServicesSold,2011,Q1,Quarter,2009-09-27,2009-12-26,2011-01-19,10-Q,9272000000,USD,0001193125-11-010144,CY2009Q4
AAPL,Income Statement,Cost of Revenue,CostOfGoodsAndServicesSold,2011,Q1,Quarter,2010-09-26,2010-12-25,2011-01-19,10-Q,16443000000,USD,0001193125-11-010144,
AAPL,Income Statement,Cost of Revenue,CostOfGoodsAndServicesSold,2012,Q1,Quarter,2010-09-26,2010-12-25,2012-01-25,10-Q,16443000000,USD,0001193125-12-023398,CY2010Q4
AAPL,Income Statement,Cost of Revenue,CostOfGoodsAndServicesSold,2012,Q1,Quarter,2011-09-25,2011-12-31,2012-01-25,10-Q,25630000000,USD,0001193125-12-023398,
AAPL,Income Statement,Cost of Revenue,CostOfGoodsAndServicesSold,2013,Q1,Quarter,2011-09-25,2011-12-31,2013-01-24,10-Q,25630000000,USD,0001193125-13-022339,CY2011Q4
AAPL,Income Statement,Cost of Revenue,CostOfGoodsAndServicesSold,2013,Q1,Quarter,2012-09-30,2012-12-29,2013-01-24,10-Q,33452000000,USD,0001193125-13-022339,
AAPL,Income Statement,Cost of Revenue,CostOfGoodsAndServicesSold,2014,Q1,Quarter,2012-09-30,2012-12-29,2014-01-28,10-Q,33452000000,USD,0001193125-14-024487,CY2012Q4
AAPL,Income Statement,Cost of Revenue,CostOfGoodsAndServicesSold,2014,Q1,Quarter,2013-09-29,2013-12-28,2014-01-28,10-Q,35748000000,USD,0001193125-14-024487,
AAPL,Income Statement,Cost of Revenue,CostOfGoodsAndServicesSold,2015,Q1,Quarter,2013-09-29,2013-12-28,2015-01-28,10-Q,35748000000,USD,0001193125-15-023697,CY2013Q4
AAPL,Income Statement,Cost of Revenue,CostOfGoodsAndServicesSold,2015,Q1,Quarter,2014-09-28,2014-12-27,2015-01-28,10-Q,44858000000,USD,0001193125-15-023697,
AAPL,Income Statement,Cost of Revenue,CostOfGoodsAndServicesSold,2016,Q1,Quarter,2014-09-28,2014-12-27,2016-01-27,10-Q,44858000000,USD,0001193125-16-439878,CY2014Q4
AAPL,Income Statement,Cost of Revenue,CostOfGoodsAndServicesSold,2016,Q1,Quarter,2015-09-27,2015-12-26,2016-01-27,10-Q,45449000000,USD,0001193125-16-439878,
AAPL,Income Statement,Cost of Revenue,CostOfGoodsAndServicesSold,2017,Q1,Quarter,2015-09-27,2015-12-26,2017-02-01,10-Q,45449000000,USD,0001628280-17-000717,CY2015Q4
AAPL,Income Statement,Cost of Revenue,CostOfGoodsAndServicesSold,2017,Q1,Quarter,2016-09-25,2016-12-31,2017-02-01,10-Q,48175000000,USD,0001628280-17-000717,
AAPL,Income Statement,Cost of Revenue,CostOfGoodsAndServicesSold,2018,Q1,Quarter,2016-09-25,2016-12-31,2018-02-02,10-Q,48175000000,USD,0000320193-18-000007,CY2016Q4
AAPL,Income Statement,Cost of Revenue,CostOfGoodsAndServicesSold,2018,Q1,Quarter,2017-10-01,2017-12-30,2018-02-02,10-Q,54381000000,USD,0000320193-18-000007,
AAPL,Income Statement,Cost of Revenue,CostOfGoodsAndServicesSold,2019,Q1,Quarter,2017-10-01,2017-12-30,2019-01-30,10-Q,54381000000,USD,0000320193-19-000010,CY2017Q4
AAPL,Income Statement,Cost of Revenue,CostOfGoodsAndServicesSold,2019,Q1,Quarter,2018-09-30,2018-12-29,2019-01-30,10-Q,52279000000,USD,0000320193-19-000010,
AAPL,Income Statement,Cost of Revenue,CostOfGoodsAndServicesSold,2020,Q1,Quarter,2018-09-30,2018-12-29,2020-01-29,10-Q,52279000000,USD,0000320193-20-000010,CY2018Q4
AAPL,Income Statement,Cost of Revenue,CostOfGoodsAndServicesSold,2020,Q1,Quarter,2019-09-29,2019-12-28,2020-01-29,10-Q,56602000000,USD,0000320193-20-000010,
AAPL,Income Statement,Cost of Revenue,CostOfGoodsAndServicesSold,2021,Q1,Quarter,2019-09-29,2019-12-28,2021-01-28,10-Q,56602000000,USD,0000320193-21-000010,CY2019Q4
AAPL,Income Statement,Cost of Revenue,CostOfGoodsAndServicesSold,2021,Q1,Quarter,2020-09-27,2020-12-26,2021-01-28,10-Q,67111000000,USD,0000320193-21-000010,
AAPL,Income Statement,Cost of Revenue,CostOfGoodsAndServicesSold,2022,Q1,Quarter,2020-09-27,2020-12-26,2022-01-28,10-Q,67111000000,USD,0000320193-22-000007,CY2020Q4
AAPL,Income Statement,Cost of Revenue,CostOfGoodsAndServicesSold,2022,Q1,Quarter,2021-09-26,2021-12-25,2022-01-28,10-Q,69702000000,USD,0000320193-22-000007,
AAPL,Income Statement,Cost of Revenue,CostOfGoodsAndServicesSold,2023,Q1,Quarter,2021-09-26,2021-12-25,2023-02-03,10-Q,69702000000,USD,0000320193-23-000006,CY2021Q4
AAPL,Income Statement,Cost of Revenue,CostOfGoodsAndServicesSold,2023,Q1,Quarter,2022-09-25,2022-12-31,2023-02-03,10-Q,66822000000,USD,0000320193-23-000006,
AAPL,Income Statement,Cost of Revenue,CostOfGoodsAndServicesSold,2024,Q1,Quarter,2022-09-25,2022-12-31,2024-02-02,10-Q,66822000000,USD,0000320193-24-000006,CY2022Q4
AAPL,Income Statement,Cost of Revenue,CostOfGoodsAndServicesSold,2024,Q1,Quarter,2023-10-01,2023-12-30,2024-02-02,10-Q,64720000000,USD,0000320193-24-000006,
AAPL,Income Statement,Cost of Revenue,CostOfGoodsAndServicesSold,2025,Q1,Quarter,2023-10-01,2023-12-30,2025-01-31,10-Q,64720000000,USD,0000320193-25-000008,CY2023Q4
AAPL,Income Statement,Cost of Revenue,CostOfGoodsAndServicesSold,2025,Q1,Quarter,2024-09-29,2024-12-28,2025-01-31,10-Q,66025000000,USD,0000320193-25-000008,
AAPL,Income Statement,Cost of Revenue,CostOfGoodsAndServicesSold,2026,Q1,Quarter,2024-09-29,2024-12-28,2026-01-30,10-Q,66025000000,USD,0000320193-26-000006,CY2024Q4
AAPL,Income Statement,Cost of Revenue,CostOfGoodsAndServicesSold,2026,Q1,Quarter,2025-09-28,2025-12-27,2026-01-30,10-Q,74525000000,USD,0000320193-26-000006,CY2025Q4
AAPL,Income Statement,Cost of Revenue,CostOfGoodsAndServicesSold,2010,Q2,YTD,2008-09-28,2009-03-28,2010-04-21,10-Q,12830000000,USD,0001193125-10-088957,
AAPL,Income Statement,Cost of Revenue,CostOfGoodsAndServicesSold,2010,Q2,Quarter,2008-12-28,2009-03-28,2010-04-21,10-Q,5457000000,USD,0001193125-10-088957,CY2009Q1
AAPL,Income Statement,Cost of Revenue,CostOfGoodsAndServicesSold,2010,Q2,YTD,2009-09-27,2010-03-27,2010-04-21,10-Q,17146000000,USD,0001193125-10-088957,
AAPL,Income Statement,Cost of Revenue,CostOfGoodsAndServicesSold,2011,Q2,YTD,2009-09-27,2010-03-27,2011-04-21,10-Q,17146000000,USD,0001193125-11-104388,
AAPL,Income Statement,Cost of Revenue,CostOfGoodsAndServicesSold,2010,Q2,Quarter,2009-12-27,2010-03-27,2010-04-21,10-Q,7874000000,USD,0001193125-10-088957,
AAPL,Income Statement,Cost of Revenue,CostOfGoodsAndServicesSold,2011,Q2,Quarter,2009-12-27,2010-03-27,2011-04-21,10-Q,7874000000,USD,0001193125-11-104388,CY2010Q1
AAPL,Income Statement,Cost of Revenue,CostOfGoodsAndServicesSold,2011,Q2,YTD,2010-09-26,2011-03-26,2011-04-21,10-Q,30892000000,USD,0001193125-11-104388,
AAPL,Income Statement,Cost of Revenue,CostOfGoodsAndServicesSold,2012,Q2,YTD,2010-09-26,2011-03-26,2012-04-25,10-Q,30892000000,USD,0001193125-12-182321,
AAPL,Income Statement,Cost of Revenue,CostOfGoodsAndServicesSold,2011,Q2,Quarter,2010-12-26,2011-03-26,2011-04-21,10-Q,14449000000,USD,0001193125-11-104388,
AAPL,Income Statement,Cost of Revenue,CostOfGoodsAndServicesSold,2012,Q2,Quarter,2010-12-26,2011-03-26,2012-04-25,10-Q,14449000000,USD,0001193125-12-182321,CY2011Q1
AAPL,Income Statement,Cost of Revenue,CostOfGoodsAndServicesSold,2012,Q2,YTD,2011-09-25,2012-03-31,2012-04-25,10-Q,46252000000,USD,0001193125-12-182321,
AAPL,Income Statement,Cost of Revenue,CostOfGoodsAndServicesSold,2013,Q2,YTD,2011-09-25,2012-03-31,2013-04-24,10-Q,46252000000,USD,0001193125-13-168288,
AAPL,Income Statement,Cost of Revenue,CostOfGoodsAndServicesSold,2012,Q2,Quarter,2012-01-01,2012-03-31,2012-04-25,10-Q,20622000000,USD,0001193125-12-182321,
AAPL,Income Statement,Cost of Revenue,CostOfGoodsAndServicesSold,2013,Q2,Quarter,2012-01-01,2012-03-31,2013-04-24,10-Q,20622000000,USD,0001193125-13-168288,CY2012Q1
AAPL,Income Statement,Cost of Revenue,CostOfGoodsAndServicesSold,2013,Q2,YTD,2012-09-30,2013-03-30,2013-04-24,10-Q,60706000000,USD,0001193125-13-168288,
AAPL,Income Statement,Cost of Revenue,CostOfGoodsAndServicesSold,2014,Q2,YTD,2012-09-30,2013-03-30,2014-04-24,10-Q,60706000000,USD,0001193125-14-157311,
AAPL,Income Statement,Cost of Revenue,CostOfGoodsAndServicesSold,2013,Q2,Quarter,2012-12-30,2013-03-30,2013-04-24,10-Q,27254000000,USD,0001193125-13-168288,
AAPL,Income Statement,Cost of Revenue,CostOfGoodsAndServicesSold,2014,Q2,Quarter,2012-12-30,2013-03-30,2014-04-24,10-Q,27254000000,USD,0001193125-14-157311,CY2013Q1
AAPL,Income Statement,Cost of Revenue,CostOfGoodsAndServicesSold,2014,Q2,YTD,2013-09-29,2014-03-29,2014-04-24,10-Q,63447000000,USD,0001193125-14-157311,
AAPL,Income Statement,Cost of Revenue,CostOfGoodsAndServicesSold,2015,Q2,YTD,2013-09-29,2014-03-29,2015-04-28,10-Q,63447000000,USD,0001193125-15-153166,
AAPL,Income Statement,Cost of Revenue,CostOfGoodsAndServicesSold,2014,Q2,Quarter,2013-12-29,2014-03-29,2014-04-24,10-Q,27699000000,USD,0001193125-14-157311,
AAPL,Income Statement,Cost of Revenue,CostOfGoodsAndServicesSold,2015,Q2,Quarter,2013-12-29,2014-03-29,2015-04-28,10-Q,27699000000,USD,0001193125-15-153166,CY2014Q1
AAPL,Income Statement,Cost of Revenue,CostOfGoodsAndServicesSold,2015,Q2,YTD,2014-09-28,2015-03-28,2015-04-28,10-Q,79212000000,USD,0001193125-15-153166,
AAPL,Income Statement,Cost of Revenue,CostOfGoodsAndServicesSold,2016,Q2,YTD,2014-09-28,2015-03-28,2016-04-27,10-Q,79212000000,USD,0001193125-16-559625,
AAPL,Income Statement,Cost of Revenue,CostOfGoodsAndServicesSold,2015,Q2,Quarter,2014-12-28,2015-03-28,2015-04-28,10-Q,34354000000,USD,0001193125-15-153166,
AAPL,Income Statement,Cost of Revenue,CostOfGoodsAndServicesSold,2016,Q2,Quarter,2014-12-28,2015-03-28,2016-04-27,10-Q,34354000000,USD,0001193125-16-559625,CY2015Q1
AAPL,Income Statement,Cost of Revenue,CostOfGoodsAndServicesSold,2016,Q2,YTD,2015-09-27,2016-03-26,2016-04-27,10-Q,76085000000,USD,0001193125-16-559625,
AAPL,Income Statement,Cost of Revenue,CostOfGoodsAndServicesSold,2017,Q2,YTD,2015-09-27,2016-03-26,2017-05-03,10-Q,76085000000,USD,0001628280-17-004790,
AAPL,Income Statement,Cost of Revenue,CostOfGoodsAndServicesSold,2016,Q2,Quarter,2015-12-27,2016-03-26,2016-04-27,10-Q,30636000000,USD,0001193125-16-559625,
AAPL,Income Statement,Cost of Revenue,CostOfGoodsAndServicesSold,2017,Q2,Quarter,2015-12-27,2016-03-26,2017-05-03,10-Q,30636000000,USD,0001628280-17-004790,CY2016Q1
AAPL,Income Statement,Cost of Revenue,CostOfGoodsAndServicesSold,2017,Q2,YTD,2016-09-25,2017-04-01,2017-05-03,10-Q,80480000000,USD,0001628280-17-004790,
AAPL,Income Statement,Cost of Revenue,CostOfGoodsAndServicesSold,2018,Q2,YTD,2016-09-25,2017-04-01,2018-05-02,10-Q,80480000000,USD,0000320193-18-000070,
AAPL,Income Statement,Cost of Revenue,CostOfGoodsAndServicesSold,2017,Q2,Quarter,2017-01-01,2017-04-01,2017-05-03,10-Q,32305000000,USD,0001628280-17-004790,
AAPL,Income Statement,Cost of Revenue,CostOfGoodsAndServicesSold,2018,Q2,Quarter,2017-01-01,2017-04-01,2018-05-02,10-Q,32305000000,USD,0000320193-18-000070,CY2017Q1
AAPL,Income Statement,Cost of Revenue,CostOfGoodsAndServicesSold,2018,Q2,YTD,2017-10-01,2018-03-31,2018-05-02,10-Q,92096000000,USD,0000320193-18-000070,
AAPL,Income Statement,Cost of Revenue,CostOfGoodsAndServicesSold,2019,Q2,YTD,2017-10-01,2018-03-31,2019-05-01,10-Q,92096000000,USD,0000320193-19-000066,
AAPL,Income Statement,Cost of Revenue,CostOfGoodsAndServicesSold,2018,Q2,Quarter,2017-12-31,2018-03-31,2018-05-02,10-Q,37715000000,USD,0000320193-18-000070,
AAPL,Income Statement,Cost of Revenue,CostOfGoodsAndServicesSold,2019,Q2,Quarter,2017-12-31,2018-03-31,2019-05-01,10-Q,37715000000,USD,0000320193-19-000066,CY2018Q1
AAPL,Income Statement,Cost of Revenue,CostOfGoodsAndServicesSold,2019,Q2,YTD,2018-09-30,2019-03-30,2019-05-01,10-Q,88473000000,USD,0000320193-19-000066,
AAPL,Income Statement,Cost of Revenue,CostOfGoodsAndServicesSold,2020,Q2,YTD,2018-09-30,2019-03-30,2020-05-01,10-Q,88473000000,USD,0000320193-20-000052,
AAPL,Income Statement,Cost of Revenue,CostOfGoodsAndServicesSold,2019,Q2,Quarter,2018-12-30,2019-03-30,2019-05-01,10-Q,36194000000,USD,0000320193-19-000066,
AAPL,Income Statement,Cost of Revenue,CostOfGoodsAndServicesSold,2020,Q2,Quarter,2018-12-30,2019-03-30,2020-05-01,10-Q,36194000000,USD,0000320193-20-000052,CY2019Q1
AAPL,Income Statement,Cost of Revenue,CostOfGoodsAndServicesSold,2020,Q2,YTD,2019-09-29,2020-03-28,2020-05-01,10-Q,92545000000,USD,0000320193-20-000052,
AAPL,Income Statement,Cost of Revenue,CostOfGoodsAndServicesSold,2021,Q2,YTD,2019-09-29,2020-03-28,2021-04-29,10-Q,92545000000,USD,0000320193-21-000056,
AAPL,Income Statement,Cost of Revenue,CostOfGoodsAndServicesSold,2020,Q2,Quarter,2019-12-29,2020-03-28,2020-05-01,10-Q,35943000000,USD,0000320193-20-000052,
AAPL,Income Statement,Cost of Revenue,CostOfGoodsAndServicesSold,2021,Q2,Quarter,2019-12-29,2020-03-28,2021-04-29,10-Q,35943000000,USD,0000320193-21-000056,CY2020Q1
AAPL,Income Statement,Cost of Revenue,CostOfGoodsAndServicesSold,2021,Q2,YTD,2020-09-27,2021-03-27,2021-04-29,10-Q,118616000000,USD,0000320193-21-000056,
AAPL,Income Statement,Cost of Revenue,CostOfGoodsAndServicesSold,2022,Q2,YTD,2020-09-27,2021-03-27,2022-04-29,10-Q,118616000000,USD,0000320193-22-000059,
AAPL,Income Statement,Cost of Revenue,CostOfGoodsAndServicesSold,2021,Q2,Quarter,2020-12-27,2021-03-27,2021-04-29,10-Q,51505000000,USD,0000320193-21-000056,
AAPL,Income Statement,Cost of Revenue,CostOfGoodsAndServicesSold,2022,Q2,Quarter,2020-12-27,2021-03-27,2022-04-29,10-Q,51505000000,USD,0000320193-22-000059,CY2021Q1
AAPL,Income Statement,Cost of Revenue,CostOfGoodsAndServicesSold,2022,Q2,YTD,2021-09-26,2022-03-26,2022-04-29,10-Q,124421000000,USD,0000320193-22-000059,
AAPL,Income Statement,Cost of Revenue,CostOfGoodsAndServicesSold,2023,Q2,YTD,2021-09-26,2022-03-26,2023-05-05,10-Q,124421000000,USD,0000320193-23-000064,
AAPL,Income Statement,Cost of Revenue,CostOfGoodsAndServicesSold,2022,Q2,Quarter,2021-12-26,2022-03-26,2022-04-29,10-Q,54719000000,USD,0000320193-22-000059,
AAPL,Income Statement,Cost of Revenue,CostOfGoodsAndServicesSold,2023,Q2,Quarter,2021-12-26,2022-03-26,2023-05-05,10-Q,54719000000,USD,0000320193-23-000064,CY2022Q1
AAPL,Income Statement,Cost of Revenue,CostOfGoodsAndServicesSold,2023,Q2,YTD,2022-09-25,2023-04-01,2023-05-05,10-Q,119682000000,USD,0000320193-23-000064,
AAPL,Income Statement,Cost of Revenue,CostOfGoodsAndServicesSold,2024,Q2,YTD,2022-09-25,2023-04-01,2024-05-03,10-Q,119682000000,USD,0000320193-24-000069,
AAPL,Income Statement,Cost of Revenue,CostOfGoodsAndServicesSold,2023,Q2,Quarter,2023-01-01,2023-04-01,2023-05-05,10-Q,52860000000,USD,0000320193-23-000064,
AAPL,Income Statement,Cost of Revenue,CostOfGoodsAndServicesSold,2024,Q2,Quarter,2023-01-01,2023-04-01,2024-05-03,10-Q,52860000000,USD,0000320193-24-000069,CY2023Q1
AAPL,Income Statement,Cost of Revenue,CostOfGoodsAndServicesSold,2024,Q2,YTD,2023-10-01,2024-03-30,2024-05-03,10-Q,113202000000,USD,0000320193-24-000069,
AAPL,Income Statement,Cost of Revenue,CostOfGoodsAndServicesSold,2025,Q2,YTD,2023-10-01,2024-03-30,2025-05-02,10-Q,113202000000,USD,0000320193-25-000057,
AAPL,Income Statement,Cost of Revenue,CostOfGoodsAndServicesSold,2024,Q2,Quarter,2023-12-31,2024-03-30,2024-05-03,10-Q,48482000000,USD,0000320193-24-000069,
AAPL,Income Statement,Cost of Revenue,CostOfGoodsAndServicesSold,2025,Q2,Quarter,2023-12-31,2024-03-30,2025-05-02,10-Q,48482000000,USD,0000320193-25-000057,CY2024Q1
AAPL,Income Statement,Cost of Revenue,CostOfGoodsAndServicesSold,2025,Q2,YTD,2024-09-29,2025-03-29,2025-05-02,10-Q,116517000000,USD,0000320193-25-000057,
AAPL,Income Statement,Cost of Revenue,CostOfGoodsAndServicesSold,2026,Q2,YTD,2024-09-29,2025-03-29,2026-05-01,10-Q,116517000000,USD,0000320193-26-000013,
AAPL,Income Statement,Cost of Revenue,CostOfGoodsAndServicesSold,2025,Q2,Quarter,2024-12-29,2025-03-29,2025-05-02,10-Q,50492000000,USD,0000320193-25-000057,
AAPL,Income Statement,Cost of Revenue,CostOfGoodsAndServicesSold,2026,Q2,Quarter,2024-12-29,2025-03-29,2026-05-01,10-Q,50492000000,USD,0000320193-26-000013,CY2025Q1
AAPL,Income Statement,Cost of Revenue,CostOfGoodsAndServicesSold,2026,Q2,YTD,2025-09-28,2026-03-28,2026-05-01,10-Q,130928000000,USD,0000320193-26-000013,
AAPL,Income Statement,Cost of Revenue,CostOfGoodsAndServicesSold,2026,Q2,Quarter,2025-12-28,2026-03-28,2026-05-01,10-Q,56403000000,USD,0000320193-26-000013,CY2026Q1
AAPL,Income Statement,Cost of Revenue,CostOfGoodsAndServicesSold,2009,Q3,Annual,2007-09-30,2008-06-28,2009-07-22,10-Q,16178000000,USD,0001193125-09-153165,
AAPL,Income Statement,Cost of Revenue,CostOfGoodsAndServicesSold,2009,Q3,Quarter,2008-03-30,2008-06-28,2009-07-22,10-Q,4864000000,USD,0001193125-09-153165,CY2008Q2
AAPL,Income Statement,Cost of Revenue,CostOfGoodsAndServicesSold,2009,Q3,Annual,2008-09-28,2009-06-27,2009-07-22,10-Q,17141000000,USD,0001193125-09-153165,
AAPL,Income Statement,Cost of Revenue,CostOfGoodsAndServicesSold,2010,Q3,Annual,2008-09-28,2009-06-27,2010-07-21,10-Q,18581000000,USD,0001193125-10-162840,
AAPL,Income Statement,Cost of Revenue,CostOfGoodsAndServicesSold,2009,Q3,Quarter,2009-03-29,2009-06-27,2009-07-22,10-Q,5314000000,USD,0001193125-09-153165,
AAPL,Income Statement,Cost of Revenue,CostOfGoodsAndServicesSold,2010,Q3,Quarter,2009-03-29,2009-06-27,2010-07-21,10-Q,5751000000,USD,0001193125-10-162840,CY2009Q2
AAPL,Income Statement,Cost of Revenue,CostOfGoodsAndServicesSold,2010,Q3,Annual,2009-09-27,2010-06-26,2010-07-21,10-Q,26710000000,USD,0001193125-10-162840,
AAPL,Income Statement,Cost of Revenue,CostOfGoodsAndServicesSold,2011,Q3,Annual,2009-09-27,2010-06-26,2011-07-20,10-Q,26710000000,USD,0001193125-11-192493,
AAPL,Income Statement,Cost of Revenue,CostOfGoodsAndServicesSold,2010,Q3,Quarter,2010-03-28,2010-06-26,2010-07-21,10-Q,9564000000,USD,0001193125-10-162840,
AAPL,Income Statement,Cost of Revenue,CostOfGoodsAndServicesSold,2011,Q3,Quarter,2010-03-28,2010-06-26,2011-07-20,10-Q,9564000000,USD,0001193125-11-192493,CY2010Q2
AAPL,Income Statement,Cost of Revenue,CostOfGoodsAndServicesSold,2011,Q3,Annual,2010-09-26,2011-06-25,2011-07-20,10-Q,47541000000,USD,0001193125-11-192493,
AAPL,Income Statement,Cost of Revenue,CostOfGoodsAndServicesSold,2012,Q3,Annual,2010-09-26,2011-06-25,2012-07-25,10-Q,47541000000,USD,0001193125-12-314552,
AAPL,Income Statement,Cost of Revenue,CostOfGoodsAndServicesSold,2011,Q3,Quarter,2011-03-27,2011-06-25,2011-07-20,10-Q,16649000000,USD,0001193125-11-192493,
AAPL,Income Statement,Cost of Revenue,CostOfGoodsAndServicesSold,2012,Q3,Quarter,2011-03-27,2011-06-25,2012-07-25,10-Q,16649000000,USD,0001193125-12-314552,CY2011Q2
AAPL,Income Statement,Cost of Revenue,CostOfGoodsAndServicesSold,2012,Q3,Annual,2011-09-25,2012-06-30,2012-07-25,10-Q,66281000000,USD,0001193125-12-314552,
AAPL,Income Statement,Cost of Revenue,CostOfGoodsAndServicesSold,2013,Q3,Annual,2011-09-25,2012-06-30,2013-07-24,10-Q,66281000000,USD,0001193125-13-300670,
AAPL,Income Statement,Cost of Revenue,CostOfGoodsAndServicesSold,2012,Q3,Quarter,2012-04-01,2012-06-30,2012-07-25,10-Q,20029000000,USD,0001193125-12-314552,
AAPL,Income Statement,Cost of Revenue,CostOfGoodsAndServicesSold,2013,Q3,Quarter,2012-04-01,2012-06-30,2013-07-24,10-Q,20029000000,USD,0001193125-13-300670,CY2012Q2
AAPL,Income Statement,Cost of Revenue,CostOfGoodsAndServicesSold,2013,Q3,Annual,2012-09-30,2013-06-29,2013-07-24,10-Q,83005000000,USD,0001193125-13-300670,
AAPL,Income Statement,Cost of Revenue,CostOfGoodsAndServicesSold,2014,Q3,Annual,2012-09-30,2013-06-29,2014-07-23,10-Q,83005000000,USD,0001193125-14-277160,
AAPL,Income Statement,Cost of Revenue,CostOfGoodsAndServicesSold,2013,Q3,Quarter,2013-03-31,2013-06-29,2013-07-24,10-Q,22299000000,USD,0001193125-13-300670,
AAPL,Income Statement,Cost of Revenue,CostOfGoodsAndServicesSold,2014,Q3,Quarter,2013-03-31,2013-06-29,2014-07-23,10-Q,22299000000,USD,0001193125-14-277160,CY2013Q2
AAPL,Income Statement,Cost of Revenue,CostOfGoodsAndServicesSold,2014,Q3,Annual,2013-09-29,2014-06-28,2014-07-23,10-Q,86144000000,USD,0001193125-14-277160,
AAPL,Income Statement,Cost of Revenue,CostOfGoodsAndServicesSold,2015,Q3,Annual,2013-09-29,2014-06-28,2015-07-22,10-Q,86144000000,USD,0001193125-15-259935,
AAPL,Income Statement,Cost of Revenue,CostOfGoodsAndServicesSold,2014,Q3,Quarter,2014-03-30,2014-06-28,2014-07-23,10-Q,22697000000,USD,0001193125-14-277160,
AAPL,Income Statement,Cost of Revenue,CostOfGoodsAndServicesSold,2015,Q3,Quarter,2014-03-30,2014-06-28,2015-07-22,10-Q,22697000000,USD,0001193125-15-259935,CY2014Q2
AAPL,Income Statement,Cost of Revenue,CostOfGoodsAndServicesSold,2015,Q3,Annual,2014-09-28,2015-06-27,2015-07-22,10-Q,109136000000,USD,0001193125-15-259935,
AAPL,Income Statement,Cost of Revenue,CostOfGoodsAndServicesSold,2016,Q3,Annual,2014-09-28,2015-06-27,2016-07-27,10-Q,109136000000,USD,0001628280-16-017809,
AAPL,Income Statement,Cost of Revenue,CostOfGoodsAndServicesSold,2015,Q3,Quarter,2015-03-29,2015-06-27,2015-07-22,10-Q,29924000000,USD,0001193125-15-259935,
AAPL,Income Statement,Cost of Revenue,CostOfGoodsAndServicesSold,2016,Q3,Quarter,2015-03-29,2015-06-27,2016-07-27,10-Q,29924000000,USD,0001628280-16-017809,CY2015Q2
AAPL,Income Statement,Cost of Revenue,CostOfGoodsAndServicesSold,2016,Q3,Annual,2015-09-27,2016-06-25,2016-07-27,10-Q,102337000000,USD,0001628280-16-017809,
AAPL,Income Statement,Cost of Revenue,CostOfGoodsAndServicesSold,2017,Q3,Annual,2015-09-27,2016-06-25,2017-08-02,10-Q,102337000000,USD,0000320193-17-000009,
AAPL,Income Statement,Cost of Revenue,CostOfGoodsAndServicesSold,2016,Q3,Quarter,2016-03-27,2016-06-25,2016-07-27,10-Q,26252000000,USD,0001628280-16-017809,
AAPL,Income Statement,Cost of Revenue,CostOfGoodsAndServicesSold,2017,Q3,Quarter,2016-03-27,2016-06-25,2017-08-02,10-Q,26252000000,USD,0000320193-17-000009,CY2016Q2
AAPL,Income Statement,Cost of Revenue,CostOfGoodsAndServicesSold,2017,Q3,Annual,2016-09-25,2017-07-01,2017-08-02,10-Q,108400000000,USD,0000320193-17-000009,
AAPL,Income Statement,Cost of Revenue,CostOfGoodsAndServicesSold,2018,Q3,Annual,2016-09-25,2017-07-01,2018-08-01,10-Q,108400000000,USD,0000320193-18-000100,
AAPL,Income Statement,Cost of Revenue,CostOfGoodsAndServicesSold,2017,Q3,Quarter,2017-04-02,2017-07-01,2017-08-02,10-Q,27920000000,USD,0000320193-17-000009,
AAPL,Income Statement,Cost of Revenue,CostOfGoodsAndServicesSold,2018,Q3,Quarter,2017-04-02,2017-07-01,2018-08-01,10-Q,27920000000,USD,0000320193-18-000100,CY2017Q2
AAPL,Income Statement,Cost of Revenue,CostOfGoodsAndServicesSold,2018,Q3,Annual,2017-10-01,2018-06-30,2018-08-01,10-Q,124940000000,USD,0000320193-18-000100,
AAPL,Income Statement,Cost of Revenue,CostOfGoodsAndServicesSold,2019,Q3,Annual,2017-10-01,2018-06-30,2019-07-31,10-Q,124940000000,USD,0000320193-19-000076,
AAPL,Income Statement,Cost of Revenue,CostOfGoodsAndServicesSold,2018,Q3,Quarter,2018-04-01,2018-06-30,2018-08-01,10-Q,32844000000,USD,0000320193-18-000100,
AAPL,Income Statement,Cost of Revenue,CostOfGoodsAndServicesSold,2019,Q3,Quarter,2018-04-01,2018-06-30,2019-07-31,10-Q,32844000000,USD,0000320193-19-000076,CY2018Q2
AAPL,Income Statement,Cost of Revenue,CostOfGoodsAndServicesSold,2019,Q3,Annual,2018-09-30,2019-06-29,2019-07-31,10-Q,122055000000,USD,0000320193-19-000076,
AAPL,Income Statement,Cost of Revenue,CostOfGoodsAndServicesSold,2020,Q3,Annual,2018-09-30,2019-06-29,2020-07-31,10-Q,122055000000,USD,0000320193-20-000062,
AAPL,Income Statement,Cost of Revenue,CostOfGoodsAndServicesSold,2019,Q3,Quarter,2019-03-31,2019-06-29,2019-07-31,10-Q,33582000000,USD,0000320193-19-000076,
AAPL,Income Statement,Cost of Revenue,CostOfGoodsAndServicesSold,2020,Q3,Quarter,2019-03-31,2019-06-29,2020-07-31,10-Q,33582000000,USD,0000320193-20-000062,CY2019Q2
AAPL,Income Statement,Cost of Revenue,CostOfGoodsAndServicesSold,2020,Q3,Annual,2019-09-29,2020-06-27,2020-07-31,10-Q,129550000000,USD,0000320193-20-000062,
AAPL,Income Statement,Cost of Revenue,CostOfGoodsAndServicesSold,2021,Q3,Annual,2019-09-29,2020-06-27,2021-07-28,10-Q,129550000000,USD,0000320193-21-000065,
AAPL,Income Statement,Cost of Revenue,CostOfGoodsAndServicesSold,2020,Q3,Quarter,2020-03-29,2020-06-27,2020-07-31,10-Q,37005000000,USD,0000320193-20-000062,
AAPL,Income Statement,Cost of Revenue,CostOfGoodsAndServicesSold,2021,Q3,Quarter,2020-03-29,2020-06-27,2021-07-28,10-Q,37005000000,USD,0000320193-21-000065,CY2020Q2
AAPL,Income Statement,Cost of Revenue,CostOfGoodsAndServicesSold,2021,Q3,Annual,2020-09-27,2021-06-26,2021-07-28,10-Q,164795000000,USD,0000320193-21-000065,
AAPL,Income Statement,Cost of Revenue,CostOfGoodsAndServicesSold,2022,Q3,Annual,2020-09-27,2021-06-26,2022-07-29,10-Q,164795000000,USD,0000320193-22-000070,
AAPL,Income Statement,Cost of Revenue,CostOfGoodsAndServicesSold,2021,Q3,Quarter,2021-03-28,2021-06-26,2021-07-28,10-Q,46179000000,USD,0000320193-21-000065,
AAPL,Income Statement,Cost of Revenue,CostOfGoodsAndServicesSold,2022,Q3,Quarter,2021-03-28,2021-06-26,2022-07-29,10-Q,46179000000,USD,0000320193-22-000070,CY2021Q2
AAPL,Income Statement,Cost of Revenue,CostOfGoodsAndServicesSold,2022,Q3,Annual,2021-09-26,2022-06-25,2022-07-29,10-Q,171495000000,USD,0000320193-22-000070,
AAPL,Income Statement,Cost of Revenue,CostOfGoodsAndServicesSold,2023,Q3,Annual,2021-09-26,2022-06-25,2023-08-04,10-Q,171495000000,USD,0000320193-23-000077,
AAPL,Income Statement,Cost of Revenue,CostOfGoodsAndServicesSold,2022,Q3,Quarter,2022-03-27,2022-06-25,2022-07-29,10-Q,47074000000,USD,0000320193-22-000070,
AAPL,Income Statement,Cost of Revenue,CostOfGoodsAndServicesSold,2023,Q3,Quarter,2022-03-27,2022-06-25,2023-08-04,10-Q,47074000000,USD,0000320193-23-000077,CY2022Q2
AAPL,Income Statement,Cost of Revenue,CostOfGoodsAndServicesSold,2023,Q3,Annual,2022-09-25,2023-07-01,2023-08-04,10-Q,165066000000,USD,0000320193-23-000077,
AAPL,Income Statement,Cost of Revenue,CostOfGoodsAndServicesSold,2024,Q3,Annual,2022-09-25,2023-07-01,2024-08-02,10-Q,165066000000,USD,0000320193-24-000081,
AAPL,Income Statement,Cost of Revenue,CostOfGoodsAndServicesSold,2023,Q3,Quarter,2023-04-02,2023-07-01,2023-08-04,10-Q,45384000000,USD,0000320193-23-000077,
AAPL,Income Statement,Cost of Revenue,CostOfGoodsAndServicesSold,2024,Q3,Quarter,2023-04-02,2023-07-01,2024-08-02,10-Q,45384000000,USD,0000320193-24-000081,CY2023Q2
AAPL,Income Statement,Cost of Revenue,CostOfGoodsAndServicesSold,2024,Q3,Annual,2023-10-01,2024-06-29,2024-08-02,10-Q,159301000000,USD,0000320193-24-000081,
AAPL,Income Statement,Cost of Revenue,CostOfGoodsAndServicesSold,2025,Q3,Annual,2023-10-01,2024-06-29,2025-08-01,10-Q,159301000000,USD,0000320193-25-000073,
AAPL,Income Statement,Cost of Revenue,CostOfGoodsAndServicesSold,2024,Q3,Quarter,2024-03-31,2024-06-29,2024-08-02,10-Q,46099000000,USD,0000320193-24-000081,
AAPL,Income Statement,Cost of Revenue,CostOfGoodsAndServicesSold,2025,Q3,Quarter,2024-03-31,2024-06-29,2025-08-01,10-Q,46099000000,USD,0000320193-25-000073,CY2024Q2
AAPL,Income Statement,Cost of Revenue,CostOfGoodsAndServicesSold,2025,Q3,Annual,2024-09-29,2025-06-28,2025-08-01,10-Q,166835000000,USD,0000320193-25-000073,
AAPL,Income Statement,Cost of Revenue,CostOfGoodsAndServicesSold,2026,Q3,Annual,2024-09-29,2025-06-28,2026-07-31,10-Q,166835000000,USD,0000320193-26-000020,
AAPL,Income Statement,Cost of Revenue,CostOfGoodsAndServicesSold,2025,Q3,Quarter,2025-03-30,2025-06-28,2025-08-01,10-Q,50318000000,USD,0000320193-25-000073,
AAPL,Income Statement,Cost of Revenue,CostOfGoodsAndServicesSold,2026,Q3,Quarter,2025-03-30,2025-06-28,2026-07-31,10-Q,50318000000,USD,0000320193-26-000020,CY2025Q2
AAPL,Income Statement,Cost of Revenue,CostOfGoodsAndServicesSold,2026,Q3,Annual,2025-09-28,2026-06-27,2026-07-31,10-Q,185575000000,USD,0000320193-26-000020,
AAPL,Income Statement,Cost of Revenue,CostOfGoodsAndServicesSold,2026,Q3,Quarter,2026-03-29,2026-06-27,2026-07-31,10-Q,54647000000,USD,0000320193-26-000020,CY2026Q2
AAPL,Income Statement,Gross Profit,GrossProfit,2009,FY,Annual,2006-10-01,2007-09-29,2009-10-27,10-K,8154000000,USD,0001193125-09-214859,
AAPL,Income Statement,Gross Profit,GrossProfit,2009,FY,Annual,2007-09-30,2008-09-27,2009-10-27,10-K,11145000000,USD,0001193125-09-214859,
AAPL,Income Statement,Gross Profit,GrossProfit,2010,FY,Annual,2007-09-30,2008-09-27,2010-10-27,10-K,13197000000,USD,0001193125-10-238044,CY2008
AAPL,Income Statement,Gross Profit,GrossProfit,2010,FY,Quarter,2008-09-28,2008-12-27,2010-10-27,10-K,4507000000,USD,0001193125-10-238044,CY2008Q4
AAPL,Income Statement,Gross Profit,GrossProfit,2010,FY,Quarter,2008-12-28,2009-03-28,2010-10-27,10-K,3627000000,USD,0001193125-10-238044,CY2009Q1
AAPL,Income Statement,Gross Profit,GrossProfit,2010,FY,Quarter,2009-03-29,2009-06-27,2010-10-27,10-K,3983000000,USD,0001193125-10-238044,CY2009Q2
AAPL,Income Statement,Gross Profit,GrossProfit,2009,FY,Annual,2008-09-28,2009-09-26,2009-10-27,10-K,13140000000,USD,0001193125-09-214859,
AAPL,Income Statement,Gross Profit,GrossProfit,2010,FY,Annual,2008-09-28,2009-09-26,2010-10-27,10-K,17222000000,USD,0001193125-10-238044,
AAPL,Income Statement,Gross Profit,GrossProfit,2011,FY,Annual,2008-09-28,2009-09-26,2011-10-26,10-K,17222000000,USD,0001193125-11-282113,CY2009
AAPL,Income Statement,Gross Profit,GrossProfit,2010,FY,Quarter,2009-06-28,2009-09-26,2010-10-27,10-K,5105000000,USD,0001193125-10-238044,CY2009Q3
AAPL,Income Statement,Gross Profit,GrossProfit,2010,FY,Quarter,2009-09-27,2009-12-26,2010-10-27,10-K,6411000000,USD,0001193125-10-238044,
AAPL,Income Statement,Gross Profit,GrossProfit,2011,FY,Quarter,2009-09-27,2009-12-26,2011-10-26,10-K,6411000000,USD,0001193125-11-282113,CY2009Q4
AAPL,Income Statement,Gross Profit,GrossProfit,2010,FY,Quarter,2009-12-27,2010-03-27,2010-10-27,10-K,5625000000,USD,0001193125-10-238044,
AAPL,Income Statement,Gross Profit,GrossProfit,2011,FY,Quarter,2009-12-27,2010-03-27,2011-10-26,10-K,5625000000,USD,0001193125-11-282113,CY2010Q1
AAPL,Income Statement,Gross Profit,GrossProfit,2010,FY,Quarter,2010-03-28,2010-06-26,2010-10-27,10-K,6136000000,USD,0001193125-10-238044,
AAPL,Income Statement,Gross Profit,GrossProfit,2011,FY,Quarter,2010-03-28,2010-06-26,2011-10-26,10-K,6136000000,USD,0001193125-11-282113,CY2010Q2
AAPL,Income Statement,Gross Profit,GrossProfit,2010,FY,Annual,2009-09-27,2010-09-25,2010-10-27,10-K,25684000000,USD,0001193125-10-238044,
AAPL,Income Statement,Gross Profit,GrossProfit,2011,FY,Annual,2009-09-27,2010-09-25,2011-10-26,10-K,25684000000,USD,0001193125-11-282113,
AAPL,Income Statement,Gross Profit,GrossProfit,2012,FY,Annual,2009-09-27,2010-09-25,2012-10-31,10-K,25684000000,USD,0001193125-12-444068,
AAPL,Income Statement,Gross Profit,GrossProfit,2010,FY,Quarter,2010-06-27,2010-09-25,2010-10-27,10-K,7512000000,USD,0001193125-10-238044,
AAPL,Income Statement,Gross Profit,GrossProfit,2011,FY,Quarter,2010-06-27,2010-09-25,2011-10-26,10-K,7512000000,USD,0001193125-11-282113,CY2010Q3
AAPL,Income Statement,Gross Profit,GrossProfit,2011,FY,Quarter,2010-09-26,2010-12-25,2011-10-26,10-K,10298000000,USD,0001193125-11-282113,
AAPL,Income Statement,Gross Profit,GrossProfit,2012,FY,Quarter,2010-09-26,2010-12-25,2012-10-31,10-K,10298000000,USD,0001193125-12-444068,
AAPL,Income Statement,Gross Profit,GrossProfit,2011,FY,Quarter,2010-12-26,2011-03-26,2011-10-26,10-K,10218000000,USD,0001193125-11-282113,
AAPL,Income Statement,Gross Profit,GrossProfit,2012,FY,Quarter,2010-12-26,2011-03-26,2012-10-31,10-K,10218000000,USD,0001193125-12-444068,
AAPL,Income Statement,Gross Profit,GrossProfit,2011,FY,Quarter,2011-03-27,2011-06-25,2011-10-26,10-K,11922000000,USD,0001193125-11-282113,
AAPL,Income Statement,Gross Profit,GrossProfit,2012,FY,Quarter,2011-03-27,2011-06-25,2012-10-31,10-K,11922000000,USD,0001193125-12-444068,
AAPL,Income Statement,Gross Profit,GrossProfit,2011,FY,Annual,2010-09-26,2011-09-24,2011-10-26,10-K,43818000000,USD,0001193125-11-282113,
AAPL,Income Statement,Gross Profit,GrossProfit,2012,FY,Annual,2010-09-26,2011-09-24,2012-10-31,10-K,43818000000,USD,0001193125-12-444068,
AAPL,Income Statement,Gross Profit,GrossProfit,2013,FY,Annual,2010-09-26,2011-09-24,2013-10-30,10-K,43818000000,USD,0001193125-13-416534,CY2011
AAPL,Income Statement,Gross Profit,GrossProfit,2011,FY,Quarter,2011-06-26,2011-09-24,2011-10-26,10-K,11380000000,USD,0001193125-11-282113,
AAPL,Income Statement,Gross Profit,GrossProfit,2012,FY,Quarter,2011-06-26,2011-09-24,2012-10-31,10-K,11380000000,USD,0001193125-12-444068,
AAPL,Income Statement,Gross Profit,GrossProfit,2012,FY,Quarter,2011-09-25,2011-12-31,2012-10-31,10-K,20703000000,USD,0001193125-12-444068,
AAPL,Income Statement,Gross Profit,GrossProfit,2013,FY,Quarter,2011-09-25,2011-12-31,2013-10-30,10-K,20703000000,USD,0001193125-13-416534,CY2011Q4
AAPL,Income Statement,Gross Profit,GrossProfit,2012,FY,Quarter,2012-01-01,2012-03-31,2012-10-31,10-K,18564000000,USD,0001193125-12-444068,
AAPL,Income Statement,Gross Profit,GrossProfit,2013,FY,Quarter,2012-01-01,2012-03-31,2013-10-30,10-K,18564000000,USD,0001193125-13-416534,CY2012Q1
AAPL,Income Statement,Gross Profit,GrossProfit,2012,FY,Quarter,2012-04-01,2012-06-30,2012-10-31,10-K,14994000000,USD,0001193125-12-444068,
AAPL,Income Statement,Gross Profit,GrossProfit,2013,FY,Quarter,2012-04-01,2012-06-30,2013-10-30,10-K,14994000000,USD,0001193125-13-416534,CY2012Q2
AAPL,Income Statement,Gross Profit,GrossProfit,2012,FY,Annual,2011-09-25,2012-09-29,2012-10-31,10-K,68662000000,USD,0001193125-12-444068,
AAPL,Income Statement,Gross Profit,GrossProfit,2013,FY,Annual,2011-09-25,2012-09-29,2013-10-30,10-K,68662000000,USD,0001193125-13-416534,
AAPL,Income Statement,Gross Profit,GrossProfit,2014,FY,Annual,2011-09-25,2012-09-29,2014-10-27,10-K,68662000000,USD,0001193125-14-383437,
AAPL,Income Statement,Gross Profit,GrossProfit,2012,FY,Quarter,2012-07-01,2012-09-29,2012-10-31,10-K,14401000000,USD,0001193125-12-444068,
AAPL,Income Statement,Gross Profit,GrossProfit,2013,FY,Quarter,2012-07-01,2012-09-29,2013-10-30,10-K,14401000000,USD,0001193125-13-416534,CY2012Q3
AAPL,Income Statement,Gross Profit,GrossProfit,2013,FY,Quarter,2012-09-30,2012-12-29,2013-10-30,10-K,21060000000,USD,0001193125-13-416534,
AAPL,Income Statement,Gross Profit,GrossProfit,2014,FY,Quarter,2012-09-30,2012-12-29,2014-10-27,10-K,21060000000,USD,0001193125-14-383437,
AAPL,Income Statement,Gross Profit,GrossProfit,2013,FY,Quarter,2012-12-30,2013-03-30,2013-10-30,10-K,16349000000,USD,0001193125-13-416534,
AAPL,Income Statement,Gross Profit,GrossProfit,2014,FY,Quarter,2012-12-30,2013-03-30,2014-10-27,10-K,16349000000,USD,0001193125-14-383437,
AAPL,Income Statement,Gross Profit,GrossProfit,2013,FY,Quarter,2013-03-31,2013-06-29,2013-10-30,10-K,13024000000,USD,0001193125-13-416534,
AAPL,Income Statement,Gross Profit,GrossProfit,2014,FY,Quarter,2013-03-31,2013-06-29,2014-10-27,10-K,13024000000,USD,0001193125-14-383437,
AAPL,Income Statement,Gross Profit,GrossProfit,2013,FY,Annual,2012-09-30,2013-09-28,2013-10-30,10-K,64304000000,USD,0001193125-13-416534,
AAPL,Income Statement,Gross Profit,GrossProfit,2014,FY,Annual,2012-09-30,2013-09-28,2014-10-27,10-K,64304000000,USD,0001193125-14-383437,
AAPL,Income Statement,Gross Profit,GrossProfit,2015,FY,Annual,2012-09-30,2013-09-28,2015-10-28,10-K,64304000000,USD,0001193125-15-356351,CY2013
AAPL,Income Statement,Gross Profit,GrossProfit,2013,FY,Quarter,2013-06-30,2013-09-28,2013-10-30,10-K,13871000000,USD,0001193125-13-416534,
AAPL,Income Statement,Gross Profit,GrossProfit,2014,FY,Quarter,2013-06-30,2013-09-28,2014-10-27,10-K,13871000000,USD,0001193125-14-383437,
AAPL,Income Statement,Gross Profit,GrossProfit,2014,FY,Quarter,2013-09-29,2013-12-28,2014-10-27,10-K,21846000000,USD,0001193125-14-383437,
AAPL,Income Statement,Gross Profit,GrossProfit,2015,FY,Quarter,2013-09-29,2013-12-28,2015-10-28,10-K,21846000000,USD,0001193125-15-356351,CY2013Q4
AAPL,Income Statement,Gross Profit,GrossProfit,2014,FY,Quarter,2013-12-29,2014-03-29,2014-10-27,10-K,17947000000,USD,0001193125-14-383437,
AAPL,Income Statement,Gross Profit,GrossProfit,2015,FY,Quarter,2013-12-29,2014-03-29,2015-10-28,10-K,17947000000,USD,0001193125-15-356351,CY2014Q1
AAPL,Income Statement,Gross Profit,GrossProfit,2014,FY,Quarter,2014-03-30,2014-06-28,2014-10-27,10-K,14735000000,USD,0001193125-14-383437,
AAPL,Income Statement,Gross Profit,GrossProfit,2015,FY,Quarter,2014-03-30,2014-06-28,2015-10-28,10-K,14735000000,USD,0001193125-15-356351,CY2014Q2
AAPL,Income Statement,Gross Profit,GrossProfit,2014,FY,Annual,2013-09-29,2014-09-27,2014-10-27,10-K,70537000000,USD,0001193125-14-383437,
AAPL,Income Statement,Gross Profit,GrossProfit,2015,FY,Annual,2013-09-29,2014-09-27,2015-10-28,10-K,70537000000,USD,0001193125-15-356351,
AAPL,Income Statement,Gross Profit,GrossProfit,2016,FY,Annual,2013-09-29,2014-09-27,2016-10-26,10-K,70537000000,USD,0001628280-16-020309,CY2014
AAPL,Income Statement,Gross Profit,GrossProfit,2014,FY,Quarter,2014-06-29,2014-09-27,2014-10-27,10-K,16009000000,USD,0001193125-14-383437,
AAPL,Income Statement,Gross Profit,GrossProfit,2015,FY,Quarter,2014-06-29,2014-09-27,2015-10-28,10-K,16009000000,USD,0001193125-15-356351,CY2014Q3
AAPL,Income Statement,Gross Profit,GrossProfit,2015,FY,Quarter,2014-09-28,2014-12-27,2015-10-28,10-K,29741000000,USD,0001193125-15-356351,
AAPL,Income Statement,Gross Profit,GrossProfit,2016,FY,Quarter,2014-09-28,2014-12-27,2016-10-26,10-K,29741000000,USD,0001628280-16-020309,CY2014Q4
AAPL,Income Statement,Gross Profit,GrossProfit,2015,FY,Quarter,2014-12-28,2015-03-28,2015-10-28,10-K,23656000000,USD,0001193125-15-356351,
AAPL,Income Statement,Gross Profit,GrossProfit,2016,FY,Quarter,2014-12-28,2015-03-28,2016-10-26,10-K,23656000000,USD,0001628280-16-020309,CY2015Q1
AAPL,Income Statement,Gross Profit,GrossProfit,2015,FY,Quarter,2015-03-29,2015-06-27,2015-10-28,10-K,19681000000,USD,0001193125-15-356351,
AAPL,Income Statement,Gross Profit,GrossProfit,2016,FY,Quarter,2015-03-29,2015-06-27,2016-10-26,10-K,19681000000,USD,0001628280-16-020309,CY2015Q2
AAPL,Income Statement,Gross Profit,GrossProfit,2015,FY,Annual,2014-09-28,2015-09-26,2015-10-28,10-K,93626000000,USD,0001193125-15-356351,
AAPL,Income Statement,Gross Profit,GrossProfit,2016,FY,Annual,2014-09-28,2015-09-26,2016-10-26,10-K,93626000000,USD,0001628280-16-020309,
AAPL,Income Statement,Gross Profit,GrossProfit,2017,FY,Annual,2014-09-28,2015-09-26,2017-11-03,10-K,93626000000,USD,0000320193-17-000070,CY2015
AAPL,Income Statement,Gross Profit,GrossProfit,2015,FY,Quarter,2015-06-28,2015-09-26,2015-10-28,10-K,20548000000,USD,0001193125-15-356351,
AAPL,Income Statement,Gross Profit,GrossProfit,2016,FY,Quarter,2015-06-28,2015-09-26,2016-10-26,10-K,20548000000,USD,0001628280-16-020309,CY2015Q3
AAPL,Income Statement,Gross Profit,GrossProfit,2016,FY,Quarter,2015-09-27,2015-12-26,2016-10-26,10-K,30423000000,USD,0001628280-16-020309,
AAPL,Income Statement,Gross Profit,GrossProfit,2017,FY,Quarter,2015-09-27,2015-12-26,2017-11-03,10-K,30423000000,USD,0000320193-17-000070,CY2015Q4
AAPL,Income Statement,Gross Profit,GrossProfit,2016,FY,Quarter,2015-12-27,2016-03-26,2016-10-26,10-K,19921000000,USD,0001628280-16-020309,
AAPL,Income Statement,Gross Profit,GrossProfit,2017,FY,Quarter,2015-12-27,2016-03-26,2017-11-03,10-K,19921000000,USD,0000320193-17-000070,CY2016Q1
AAPL,Income Statement,Gross Profit,GrossProfit,2016,FY,Quarter,2016-03-27,2016-06-25,2016-10-26,10-K,16106000000,USD,0001628280-16-020309,
AAPL,Income Statement,Gross Profit,GrossProfit,2017,FY,Quarter,2016-03-27,2016-06-25,2017-11-03,10-K,16106000000,USD,0000320193-17-000070,CY2016Q2
AAPL,Income Statement,Gross Profit,GrossProfit,2016,FY,Annual,2015-09-27,2016-09-24,2016-10-26,10-K,84263000000,USD,0001628280-16-020309,
AAPL,Income Statement,Gross Profit,GrossProfit,2017,FY,Annual,2015-09-27,2016-09-24,2017-11-03,10-K,84263000000,USD,0000320193-17-000070,
AAPL,Income Statement,Gross Profit,GrossProfit,2018,FY,Annual,2015-09-27,2016-09-24,2018-11-05,10-K,84263000000,USD,0000320193-18-000145,CY2016
AAPL,Income Statement,Gross Profit,GrossProfit,2016,FY,Quarter,2016-06-26,2016-09-24,2016-10-26,10-K,17813000000,USD,0001628280-16-020309,
AAPL,Income Statement,Gross Profit,GrossProfit,2017,FY,Quarter,2016-06-26,2016-09-24,2017-11-03,10-K,17813000000,USD,0000320193-17-000070,CY2016Q3
AAPL,Income Statement,Gross Profit,GrossProfit,2017,FY,Quarter,2016-09-25,2016-12-31,2017-11-03,10-K,30176000000,USD,0000320193-17-000070,
AAPL,Income Statement,Gross Profit,GrossProfit,2018,FY,Quarter,2016-09-25,2016-12-31,2018-11-05,10-K,30176000000,USD,0000320193-18-000145,CY2016Q4
AAPL,Income Statement,Gross Profit,GrossProfit,2017,FY,Quarter,2017-01-01,2017-04-01,2017-11-03,10-K,20591000000,USD,0000320193-17-000070,
AAPL,Income Statement,Gross Profit,GrossProfit,2018,FY,Quarter,2017-01-01,2017-04-01,2018-11-05,10-K,20591000000,USD,0000320193-18-000145,CY2017Q1
AAPL,Income Statement,Gross Profit,GrossProfit,2017,FY,Quarter,2017-04-02,2017-07-01,2017-11-03,10-K,17488000000,USD,0000320193-17-000070,
AAPL,Income Statement,Gross Profit,GrossProfit,2018,FY,Quarter,2017-04-02,2017-07-01,2018-11-05,10-K,17488000000,USD,0000320193-18-000145,CY2017Q2
AAPL,Income Statement,Gross Profit,GrossProfit,2017,FY,Annual,2016-09-25,2017-09-30,2017-11-03,10-K,88186000000,USD,0000320193-17-000070,
AAPL,Income Statement,Gross Profit,GrossProfit,2018,FY,Annual,2016-09-25,2017-09-30,2018-11-05,10-K,88186000000,USD,0000320193-18-000145,
AAPL,Income Statement,Gross Profit,GrossProfit,2019,FY,Annual,2016-09-25,2017-09-30,2019-10-31,10-K,88186000000,USD,0000320193-19-000119,CY2017
AAPL,Income Statement,Gross Profit,GrossProfit,2017,FY,Quarter,2017-07-02,2017-09-30,2017-11-03,10-K,19931000000,USD,0000320193-17-000070,
AAPL,Income Statement,Gross Profit,GrossProfit,2018,FY,Quarter,2017-07-02,2017-09-30,2018-11-05,10-K,19931000000,USD,0000320193-18-000145,CY2017Q3
AAPL,Income Statement,Gross Profit,GrossProfit,2018,FY,Quarter,2017-10-01,2017-12-30,2018-11-05,10-K,33912000000,USD,0000320193-18-000145,
AAPL,Income Statement,Gross Profit,GrossProfit,2019,FY,Quarter,2017-10-01,2017-12-30,2019-10-31,10-K,33912000000,USD,0000320193-19-000119,CY2017Q4
AAPL,Income Statement,Gross Profit,GrossProfit,2018,FY,Quarter,2017-12-31,2018-03-31,2018-11-05,10-K,23422000000,USD,0000320193-18-000145,
AAPL,Income Statement,Gross Profit,GrossProfit,2019,FY,Quarter,2017-12-31,2018-03-31,2019-10-31,10-K,23422000000,USD,0000320193-19-000119,CY2018Q1
AAPL,Income Statement,Gross Profit,GrossProfit,2018,FY,Quarter,2018-04-01,2018-06-30,2018-11-05,10-K,20421000000,USD,0000320193-18-000145,
AAPL,Income Statement,Gross Profit,GrossProfit,2019,FY,Quarter,2018-04-01,2018-06-30,2019-10-31,10-K,20421000000,USD,0000320193-19-000119,CY2018Q2
AAPL,Income Statement,Gross Profit,GrossProfit,2018,FY,Annual,2017-10-01,2018-09-29,2018-11-05,10-K,101839000000,USD,0000320193-18-000145,
AAPL,Income Statement,Gross Profit,GrossProfit,2019,FY,Annual,2017-10-01,2018-09-29,2019-10-31,10-K,101839000000,USD,0000320193-19-000119,
AAPL,Income Statement,Gross Profit,GrossProfit,2020,FY,Annual,2017-10-01,2018-09-29,2020-10-30,10-K,101839000000,USD,0000320193-20-000096,CY2018
AAPL,Income Statement,Gross Profit,GrossProfit,2018,FY,Quarter,2018-07-01,2018-09-29,2018-11-05,10-K,24084000000,USD,0000320193-18-000145,
AAPL,Income Statement,Gross Profit,GrossProfit,2019,FY,Quarter,2018-07-01,2018-09-29,2019-10-31,10-K,24084000000,USD,0000320193-19-000119,CY2018Q3
AAPL,Income Statement,Gross Profit,GrossProfit,2019,FY,Quarter,2018-09-30,2018-12-29,2019-10-31,10-K,32031000000,USD,0000320193-19-000119,
AAPL,Income Statement,Gross Profit,GrossProfit,2020,FY,Quarter,2018-09-30,2018-12-29,2020-10-30,10-K,32031000000,USD,0000320193-20-000096,CY2018Q4
AAPL,Income Statement,Gross Profit,GrossProfit,2019,FY,Quarter,2018-12-30,2019-03-30,2019-10-31,10-K,21821000000,USD,0000320193-19-000119,
AAPL,Income Statement,Gross Profit,GrossProfit,2020,FY,Quarter,2018-12-30,2019-03-30,2020-10-30,10-K,21821000000,USD,0000320193-20-000096,CY2019Q1
AAPL,Income Statement,Gross Profit,GrossProfit,2019,FY,Quarter,2019-03-31,2019-06-29,2019-10-31,10-K,20227000000,USD,0000320193-19-000119,
AAPL,Income Statement,Gross Profit,GrossProfit,2020,FY,Quarter,2019-03-31,2019-06-29,2020-10-30,10-K,20227000000,USD,0000320193-20-000096,CY2019Q2
AAPL,Income Statement,Gross Profit,GrossProfit,2019,FY,Annual,2018-09-30,2019-09-28,2019-10-31,10-K,98392000000,USD,0000320193-19-000119,
AAPL,Income Statement,Gross Profit,GrossProfit,2020,FY,Annual,2018-09-30,2019-09-28,2020-10-30,10-K,98392000000,USD,0000320193-20-000096,
AAPL,Income Statement,Gross Profit,GrossProfit,2021,FY,Annual,2018-09-30,2019-09-28,2021-10-29,10-K,98392000000,USD,0000320193-21-000105,CY2019
AAPL,Income Statement,Gross Profit,GrossProfit,2019,FY,Quarter,2019-06-30,2019-09-28,2019-10-31,10-K,24313000000,USD,0000320193-19-000119,
AAPL,Income Statement,Gross Profit,GrossProfit,2020,FY,Quarter,2019-06-30,2019-09-28,2020-10-30,10-K,24313000000,USD,0000320193-20-000096,CY2019Q3
AAPL,Income Statement,Gross Profit,GrossProfit,2020,FY,Quarter,2019-09-29,2019-12-28,2020-10-30,10-K,35217000000,USD,0000320193-20-000096,
AAPL,Income Statement,Gross Profit,GrossProfit,2020,FY,Quarter,2019-12-29,2020-03-28,2020-10-30,10-K,22370000000,USD,0000320193-20-000096,
AAPL,Income Statement,Gross Profit,GrossProfit,2020,FY,Quarter,2020-03-29,2020-06-27,2020-10-30,10-K,22680000000,USD,0000320193-20-000096,
AAPL,Income Statement,Gross Profit,GrossProfit,2020,FY,Annual,2019-09-29,2020-09-26,2020-10-30,10-K,104956000000,USD,0000320193-20-000096,
AAPL,Income Statement,Gross Profit,GrossProfit,2021,FY,Annual,2019-09-29,2020-09-26,2021-10-29,10-K,104956000000,USD,0000320193-21-000105,
AAPL,Income Statement,Gross Profit,GrossProfit,2022,FY,Annual,2019-09-29,2020-09-26,2022-10-28,10-K,104956000000,USD,0000320193-22-000108,CY2020
AAPL,Income Statement,Gross Profit,GrossProfit,2020,FY,Quarter,2020-06-28,2020-09-26,2020-10-30,10-K,24689000000,USD,0000320193-20-000096,CY2020Q3
AAPL,Income Statement,Gross Profit,GrossProfit,2021,FY,Annual,2020-09-27,2021-09-25,2021-10-29,10-K,152836000000,USD,0000320193-21-000105,
AAPL,Income Statement,Gross Profit,GrossProfit,2022,FY,Annual,2020-09-27,2021-09-25,2022-10-28,10-K,152836000000,USD,0000320193-22-000108,
AAPL,Income Statement,Gross Profit,GrossProfit,2023,FY,Annual,2020-09-27,2021-09-25,2023-11-03,10-K,152836000000,USD,0000320193-23-000106,CY2021
AAPL,Income Statement,Gross Profit,GrossProfit,2022,FY,Annual,2021-09-26,2022-09-24,2022-10-28,10-K,170782000000,USD,0000320193-22-000108,
AAPL,Income Statement,Gross Profit,GrossProfit,2023,FY,Annual,2021-09-26,2022-09-24,2023-11-03,10-K,170782000000,USD,0000320193-23-000106,
AAPL,Income Statement,Gross Profit,GrossProfit,2024,FY,Annual,2021-09-26,2022-09-24,2024-11-01,10-K,170782000000,USD,0000320193-24-000123,CY2022
AAPL,Income Statement,Gross Profit,GrossProfit,2023,FY,Annual,2022-09-25,2023-09-30,2023-11-03,10-K,169148000000,USD,0000320193-23-000106,
AAPL,Income Statement,Gross Profit,GrossProfit,2024,FY,Annual,2022-09-25,2023-09-30,2024-11-01,10-K,169148000000,USD,0000320193-24-000123,
AAPL,Income Statement,Gross Profit,GrossProfit,2025,FY,Annual,2022-09-25,2023-09-30,2025-10-31,10-K,169148000000,USD,0000320193-25-000079,CY2023
AAPL,Income Statement,Gross Profit,GrossProfit,2024,FY,Annual,2023-10-01,2024-09-28,2024-11-01,10-K,180683000000,USD,0000320193-24-000123,
AAPL,Income Statement,Gross Profit,GrossProfit,2025,FY,Annual,2023-10-01,2024-09-28,2025-10-31,10-K,180683000000,USD,0000320193-25-000079,CY2024
AAPL,Income Statement,Gross Profit,GrossProfit,2025,FY,Annual,2024-09-29,2025-09-27,2025-10-31,10-K,195201000000,USD,0000320193-25-000079,CY2025
AAPL,Income Statement,Gross Profit,GrossProfit,2010,Q1,Quarter,2008-09-28,2008-12-27,2010-01-25,10-Q,4507000000,USD,0001193125-10-012085,
AAPL,Income Statement,Gross Profit,GrossProfit,2010,Q1,Quarter,2009-09-27,2009-12-26,2010-01-25,10-Q,6411000000,USD,0001193125-10-012085,
AAPL,Income Statement,Gross Profit,GrossProfit,2011,Q1,Quarter,2009-09-27,2009-12-26,2011-01-19,10-Q,6411000000,USD,0001193125-11-010144,
AAPL,Income Statement,Gross Profit,GrossProfit,2011,Q1,Quarter,2010-09-26,2010-12-25,2011-01-19,10-Q,10298000000,USD,0001193125-11-010144,
AAPL,Income Statement,Gross Profit,GrossProfit,2012,Q1,Quarter,2010-09-26,2010-12-25,2012-01-25,10-Q,10298000000,USD,0001193125-12-023398,
AAPL,Income Statement,Gross Profit,GrossProfit,2012,Q1,Quarter,2011-09-25,2011-12-31,2012-01-25,10-Q,20703000000,USD,0001193125-12-023398,
AAPL,Income Statement,Gross Profit,GrossProfit,2013,Q1,Quarter,2011-09-25,2011-12-31,2013-01-24,10-Q,20703000000,USD,0001193125-13-022339,
AAPL,Income Statement,Gross Profit,GrossProfit,2013,Q1,Quarter,2012-09-30,2012-12-29,2013-01-24,10-Q,21060000000,USD,0001193125-13-022339,
AAPL,Income Statement,Gross Profit,GrossProfit,2014,Q1,Quarter,2012-09-30,2012-12-29,2014-01-28,10-Q,21060000000,USD,0001193125-14-024487,
AAPL,Income Statement,Gross Profit,GrossProfit,2014,Q1,Quarter,2013-09-29,2013-12-28,2014-01-28,10-Q,21846000000,USD,0001193125-14-024487,
AAPL,Income Statement,Gross Profit,GrossProfit,2015,Q1,Quarter,2013-09-29,2013-12-28,2015-01-28,10-Q,21846000000,USD,0001193125-15-023697,
AAPL,Income Statement,Gross Profit,GrossProfit,2015,Q1,Quarter,2014-09-28,2014-12-27,2015-01-28,10-Q,29741000000,USD,0001193125-15-023697,
AAPL,Income Statement,Gross Profit,GrossProfit,2016,Q1,Quarter,2014-09-28,2014-12-27,2016-01-27,10-Q,29741000000,USD,0001193125-16-439878,
AAPL,Income Statement,Gross Profit,GrossProfit,2016,Q1,Quarter,2015-09-27,2015-12-26,2016-01-27,10-Q,30423000000,USD,0001193125-16-439878,
AAPL,Income Statement,Gross Profit,GrossProfit,2017,Q1,Quarter,2015-09-27,2015-12-26,2017-02-01,10-Q,30423000000,USD,0001628280-17-000717,
AAPL,Income Statement,Gross Profit,GrossProfit,2017,Q1,Quarter,2016-09-25,2016-12-31,2017-02-01,10-Q,30176000000,USD,0001628280-17-000717,
AAPL,Income Statement,Gross Profit,GrossProfit,2018,Q1,Quarter,2016-09-25,2016-12-31,2018-02-02,10-Q,30176000000,USD,0000320193-18-000007,
AAPL,Income Statement,Gross Profit,GrossProfit,2018,Q1,Quarter,2017-10-01,2017-12-30,2018-02-02,10-Q,33912000000,USD,0000320193-18-000007,
AAPL,Income Statement,Gross Profit,GrossProfit,2019,Q1,Quarter,2017-10-01,2017-12-30,2019-01-30,10-Q,33912000000,USD,0000320193-19-000010,
AAPL,Income Statement,Gross Profit,GrossProfit,2019,Q1,Quarter,2018-09-30,2018-12-29,2019-01-30,10-Q,32031000000,USD,0000320193-19-000010,
AAPL,Income Statement,Gross Profit,GrossProfit,2020,Q1,Quarter,2018-09-30,2018-12-29,2020-01-29,10-Q,32031000000,USD,0000320193-20-000010,
AAPL,Income Statement,Gross Profit,GrossProfit,2020,Q1,Quarter,2019-09-29,2019-12-28,2020-01-29,10-Q,35217000000,USD,0000320193-20-000010,
AAPL,Income Statement,Gross Profit,GrossProfit,2021,Q1,Quarter,2019-09-29,2019-12-28,2021-01-28,10-Q,35217000000,USD,0000320193-21-000010,CY2019Q4
AAPL,Income Statement,Gross Profit,GrossProfit,2021,Q1,Quarter,2020-09-27,2020-12-26,2021-01-28,10-Q,44328000000,USD,0000320193-21-000010,
AAPL,Income Statement,Gross Profit,GrossProfit,2022,Q1,Quarter,2020-09-27,2020-12-26,2022-01-28,10-Q,44328000000,USD,0000320193-22-000007,CY2020Q4
AAPL,Income Statement,Gross Profit,GrossProfit,2022,Q1,Quarter,2021-09-26,2021-12-25,2022-01-28,10-Q,54243000000,USD,0000320193-22-000007,
AAPL,Income Statement,Gross Profit,GrossProfit,2023,Q1,Quarter,2021-09-26,2021-12-25,2023-02-03,10-Q,54243000000,USD,0000320193-23-000006,CY2021Q4
AAPL,Income Statement,Gross Profit,GrossProfit,2023,Q1,Quarter,2022-09-25,2022-12-31,2023-02-03,10-Q,50332000000,USD,0000320193-23-000006,
AAPL,Income Statement,Gross Profit,GrossProfit,2024,Q1,Quarter,2022-09-25,2022-12-31,2024-02-02,10-Q,50332000000,USD,0000320193-24-000006,CY2022Q4
AAPL,Income Statement,Gross Profit,GrossProfit,2024,Q1,Quarter,2023-10-01,2023-12-30,2024-02-02,10-Q,54855000000,USD,0000320193-24-000006,
AAPL,Income Statement,Gross Profit,GrossProfit,2025,Q1,Quarter,2023-10-01,2023-12-30,2025-01-31,10-Q,54855000000,USD,0000320193-25-000008,CY2023Q4
AAPL,Income Statement,Gross Profit,GrossProfit,2025,Q1,Quarter,2024-09-29,2024-12-28,2025-01-31,10-Q,58275000000,USD,0000320193-25-000008,
AAPL,Income Statement,Gross Profit,GrossProfit,2026,Q1,Quarter,2024-09-29,2024-12-28,2026-01-30,10-Q,58275000000,USD,0000320193-26-000006,CY2024Q4
AAPL,Income Statement,Gross Profit,GrossProfit,2026,Q1,Quarter,2025-09-28,2025-12-27,2026-01-30,10-Q,69231000000,USD,0000320193-26-000006,CY2025Q4
AAPL,Income Statement,Gross Profit,GrossProfit,2010,Q2,YTD,2008-09-28,2009-03-28,2010-04-21,10-Q,8134000000,USD,0001193125-10-088957,
AAPL,Income Statement,Gross Profit,GrossProfit,2010,Q2,Quarter,2008-12-28,2009-03-28,2010-04-21,10-Q,3627000000,USD,0001193125-10-088957,
AAPL,Income Statement,Gross Profit,GrossProfit,2010,Q2,YTD,2009-09-27,2010-03-27,2010-04-21,10-Q,12036000000,USD,0001193125-10-088957,
AAPL,Income Statement,Gross Profit,GrossProfit,2011,Q2,YTD,2009-09-27,2010-03-27,2011-04-21,10-Q,12036000000,USD,0001193125-11-104388,
AAPL,Income Statement,Gross Profit,GrossProfit,2010,Q2,Quarter,2009-12-27,2010-03-27,2010-04-21,10-Q,5625000000,USD,0001193125-10-088957,
AAPL,Income Statement,Gross Profit,GrossProfit,2011,Q2,Quarter,2009-12-27,2010-03-27,2011-04-21,10-Q,5625000000,USD,0001193125-11-104388,
AAPL,Income Statement,Gross Profit,GrossProfit,2011,Q2,YTD,2010-09-26,2011-03-26,2011-04-21,10-Q,20516000000,USD,0001193125-11-104388,
AAPL,Income Statement,Gross Profit,GrossProfit,2012,Q2,YTD,2010-09-26,2011-03-26,2012-04-25,10-Q,20516000000,USD,0001193125-12-182321,
AAPL,Income Statement,Gross Profit,GrossProfit,2011,Q2,Quarter,2010-12-26,2011-03-26,2011-04-21,10-Q,10218000000,USD,0001193125-11-104388,
AAPL,Income Statement,Gross Profit,GrossProfit,2012,Q2,Quarter,2010-12-26,2011-03-26,2012-04-25,10-Q,10218000000,USD,0001193125-12-182321,
AAPL,Income Statement,Gross Profit,GrossProfit,2012,Q2,YTD,2011-09-25,2012-03-31,2012-04-25,10-Q,39267000000,USD,0001193125-12-182321,
AAPL,Income Statement,Gross Profit,GrossProfit,2013,Q2,YTD,2011-09-25,2012-03-31,2013-04-24,10-Q,39267000000,USD,0001193125-13-168288,
AAPL,Income Statement,Gross Profit,GrossProfit,2012,Q2,Quarter,2012-01-01,2012-03-31,2012-04-25,10-Q,18564000000,USD,0001193125-12-182321,
AAPL,Income Statement,Gross Profit,GrossProfit,2013,Q2,Quarter,2012-01-01,2012-03-31,2013-04-24,10-Q,18564000000,USD,0001193125-13-168288,
AAPL,Income Statement,Gross Profit,GrossProfit,2013,Q2,YTD,2012-09-30,2013-03-30,2013-04-24,10-Q,37409000000,USD,0001193125-13-168288,
AAPL,Income Statement,Gross Profit,GrossProfit,2014,Q2,YTD,2012-09-30,2013-03-30,2014-04-24,10-Q,37409000000,USD,0001193125-14-157311,
AAPL,Income Statement,Gross Profit,GrossProfit,2013,Q2,Quarter,2012-12-30,2013-03-30,2013-04-24,10-Q,16349000000,USD,0001193125-13-168288,
AAPL,Income Statement,Gross Profit,GrossProfit,2014,Q2,Quarter,2012-12-30,2013-03-30,2014-04-24,10-Q,16349000000,USD,0001193125-14-157311,
AAPL,Income Statement,Gross Profit,GrossProfit,2014,Q2,YTD,2013-09-29,2014-03-29,2014-04-24,10-Q,39793000000,USD,0001193125-14-157311,
AAPL,Income Statement,Gross Profit,GrossProfit,2015,Q2,YTD,2013-09-29,2014-03-29,2015-04-28,10-Q,39793000000,USD,0001193125-15-153166,
AAPL,Income Statement,Gross Profit,GrossProfit,2014,Q2,Quarter,2013-12-29,2014-03-29,2014-04-24,10-Q,17947000000,USD,0001193125-14-157311,
AAPL,Income Statement,Gross Profit,GrossProfit,2015,Q2,Quarter,2013-12-29,2014-03-29,2015-04-28,10-Q,17947000000,USD,0001193125-15-153166,
AAPL,Income Statement,Gross Profit,GrossProfit,2015,Q2,YTD,2014-09-28,2015-03-28,2015-04-28,10-Q,53397000000,USD,0001193125-15-153166,
AAPL,Income Statement,Gross Profit,GrossProfit,2016,Q2,YTD,2014-09-28,2015-03-28,2016-04-27,10-Q,53397000000,USD,0001193125-16-559625,
AAPL,Income Statement,Gross Profit,GrossProfit,2015,Q2,Quarter,2014-12-28,2015-03-28,2015-04-28,10-Q,23656000000,USD,0001193125-15-153166,
AAPL,Income Statement,Gross Profit,GrossProfit,2016,Q2,Quarter,2014-12-28,2015-03-28,2016-04-27,10-Q,23656000000,USD,0001193125-16-559625,
AAPL,Income Statement,Gross Profit,GrossProfit,2016,Q2,YTD,2015-09-27,2016-03-26,2016-04-27,10-Q,50344000000,USD,0001193125-16-559625,
AAPL,Income Statement,Gross Profit,GrossProfit,2017,Q2,YTD,2015-09-27,2016-03-26,2017-05-03,10-Q,50344000000,USD,0001628280-17-004790,
AAPL,Income Statement,Gross Profit,GrossProfit,2016,Q2,Quarter,2015-12-27,2016-03-26,2016-04-27,10-Q,19921000000,USD,0001193125-16-559625,
AAPL,Income Statement,Gross Profit,GrossProfit,2017,Q2,Quarter,2015-12-27,2016-03-26,2017-05-03,10-Q,19921000000,USD,0001628280-17-004790,
AAPL,Income Statement,Gross Profit,GrossProfit,2017,Q2,YTD,2016-09-25,2017-04-01,2017-05-03,10-Q,50767000000,USD,0001628280-17-004790,
AAPL,Income Statement,Gross Profit,GrossProfit,2018,Q2,YTD,2016-09-25,2017-04-01,2018-05-02,10-Q,50767000000,USD,0000320193-18-000070,
AAPL,Income Statement,Gross Profit,GrossProfit,2017,Q2,Quarter,2017-01-01,2017-04-01,2017-05-03,10-Q,20591000000,USD,0001628280-17-004790,
AAPL,Income Statement,Gross Profit,GrossProfit,2018,Q2,Quarter,2017-01-01,2017-04-01,2018-05-02,10-Q,20591000000,USD,0000320193-18-000070,
AAPL,Income Statement,Gross Profit,GrossProfit,2018,Q2,YTD,2017-10-01,2018-03-31,2018-05-02,10-Q,57334000000,USD,0000320193-18-000070,
AAPL,Income Statement,Gross Profit,GrossProfit,2019,Q2,YTD,2017-10-01,2018-03-31,2019-05-01,10-Q,57334000000,USD,0000320193-19-000066,
AAPL,Income Statement,Gross Profit,GrossProfit,2018,Q2,Quarter,2017-12-31,2018-03-31,2018-05-02,10-Q,23422000000,USD,0000320193-18-000070,
AAPL,Income Statement,Gross Profit,GrossProfit,2019,Q2,Quarter,2017-12-31,2018-03-31,2019-05-01,10-Q,23422000000,USD,0000320193-19-000066,
AAPL,Income Statement,Gross Profit,GrossProfit,2019,Q2,YTD,2018-09-30,2019-03-30,2019-05-01,10-Q,53852000000,USD,0000320193-19-000066,
AAPL,Income Statement,Gross Profit,GrossProfit,2020,Q2,YTD,2018-09-30,2019-03-30,2020-05-01,10-Q,53852000000,USD,0000320193-20-000052,
AAPL,Income Statement,Gross Profit,GrossProfit,2019,Q2,Quarter,2018-12-30,2019-03-30,2019-05-01,10-Q,21821000000,USD,0000320193-19-000066,
AAPL,Income Statement,Gross Profit,GrossProfit,2020,Q2,Quarter,2018-12-30,2019-03-30,2020-05-01,10-Q,21821000000,USD,0000320193-20-000052,
AAPL,Income Statement,Gross Profit,GrossProfit,2020,Q2,YTD,2019-09-29,2020-03-28,2020-05-01,10-Q,57587000000,USD,0000320193-20-000052,
AAPL,Income Statement,Gross Profit,GrossProfit,2021,Q2,YTD,2019-09-29,2020-03-28,2021-04-29,10-Q,57587000000,USD,0000320193-21-000056,
AAPL,Income Statement,Gross Profit,GrossProfit,2020,Q2,Quarter,2019-12-29,2020-03-28,2020-05-01,10-Q,22370000000,USD,0000320193-20-000052,
AAPL,Income Statement,Gross Profit,GrossProfit,2021,Q2,Quarter,2019-12-29,2020-03-28,2021-04-29,10-Q,22370000000,USD,0000320193-21-000056,CY2020Q1
AAPL,Income Statement,Gross Profit,GrossProfit,2021,Q2,YTD,2020-09-27,2021-03-27,2021-04-29,10-Q,82407000000,USD,0000320193-21-000056,
AAPL,Income Statement,Gross Profit,GrossProfit,2022,Q2,YTD,2020-09-27,2021-03-27,2022-04-29,10-Q,82407000000,USD,0000320193-22-000059,
AAPL,Income Statement,Gross Profit,GrossProfit,2021,Q2,Quarter,2020-12-27,2021-03-27,2021-04-29,10-Q,38079000000,USD,0000320193-21-000056,
AAPL,Income Statement,Gross Profit,GrossProfit,2022,Q2,Quarter,2020-12-27,2021-03-27,2022-04-29,10-Q,38079000000,USD,0000320193-22-000059,CY2021Q1
AAPL,Income Statement,Gross Profit,GrossProfit,2022,Q2,YTD,2021-09-26,2022-03-26,2022-04-29,10-Q,96802000000,USD,0000320193-22-000059,
AAPL,Income Statement,Gross Profit,GrossProfit,2023,Q2,YTD,2021-09-26,2022-03-26,2023-05-05,10-Q,96802000000,USD,0000320193-23-000064,
AAPL,Income Statement,Gross Profit,GrossProfit,2022,Q2,Quarter,2021-12-26,2022-03-26,2022-04-29,10-Q,42559000000,USD,0000320193-22-000059,
AAPL,Income Statement,Gross Profit,GrossProfit,2023,Q2,Quarter,2021-12-26,2022-03-26,2023-05-05,10-Q,42559000000,USD,0000320193-23-000064,CY2022Q1
AAPL,Income Statement,Gross Profit,GrossProfit,2023,Q2,YTD,2022-09-25,2023-04-01,2023-05-05,10-Q,92308000000,USD,0000320193-23-000064,
AAPL,Income Statement,Gross Profit,GrossProfit,2024,Q2,YTD,2022-09-25,2023-04-01,2024-05-03,10-Q,92308000000,USD,0000320193-24-000069,
AAPL,Income Statement,Gross Profit,GrossProfit,2023,Q2,Quarter,2023-01-01,2023-04-01,2023-05-05,10-Q,41976000000,USD,0000320193-23-000064,
AAPL,Income Statement,Gross Profit,GrossProfit,2024,Q2,Quarter,2023-01-01,2023-04-01,2024-05-03,10-Q,41976000000,USD,0000320193-24-000069,CY2023Q1
AAPL,Income Statement,Gross Profit,GrossProfit,2024,Q2,YTD,2023-10-01,2024-03-30,2024-05-03,10-Q,97126000000,USD,0000320193-24-000069,
AAPL,Income Statement,Gross Profit,GrossProfit,2025,Q2,YTD,2023-10-01,2024-03-30,2025-05-02,10-Q,97126000000,USD,0000320193-25-000057,
AAPL,Income Statement,Gross Profit,GrossProfit,2024,Q2,Quarter,2023-12-31,2024-03-30,2024-05-03,10-Q,42271000000,USD,0000320193-24-000069,
AAPL,Income Statement,Gross Profit,GrossProfit,2025,Q2,Quarter,2023-12-31,2024-03-30,2025-05-02,10-Q,42271000000,USD,0000320193-25-000057,CY2024Q1
AAPL,Income Statement,Gross Profit,GrossProfit,2025,Q2,YTD,2024-09-29,2025-03-29,2025-05-02,10-Q,103142000000,USD,0000320193-25-000057,
AAPL,Income Statement,Gross Profit,GrossProfit,2026,Q2,YTD,2024-09-29,2025-03-29,2026-05-01,10-Q,103142000000,USD,0000320193-26-000013,
AAPL,Income Statement,Gross Profit,GrossProfit,2025,Q2,Quarter,2024-12-29,2025-03-29,2025-05-02,10-Q,44867000000,USD,0000320193-25-000057,
AAPL,Income Statement,Gross Profit,GrossProfit,2026,Q2,Quarter,2024-12-29,2025-03-29,2026-05-01,10-Q,44867000000,USD,0000320193-26-000013,CY2025Q1
AAPL,Income Statement,Gross Profit,GrossProfit,2026,Q2,YTD,2025-09-28,2026-03-28,2026-05-01,10-Q,124012000000,USD,0000320193-26-000013,
AAPL,Income Statement,Gross Profit,GrossProfit,2026,Q2,Quarter,2025-12-28,2026-03-28,2026-05-01,10-Q,54781000000,USD,0000320193-26-000013,CY2026Q1
AAPL,Income Statement,Gross Profit,GrossProfit,2009,Q3,Annual,2007-09-30,2008-06-28,2009-07-22,10-Q,8406000000,USD,0001193125-09-153165,
AAPL,Income Statement,Gross Profit,GrossProfit,2009,Q3,Quarter,2008-03-30,2008-06-28,2009-07-22,10-Q,2600000000,USD,0001193125-09-153165,CY2008Q2
AAPL,Income Statement,Gross Profit,GrossProfit,2009,Q3,Annual,2008-09-28,2009-06-27,2009-07-22,10-Q,9526000000,USD,0001193125-09-153165,
AAPL,Income Statement,Gross Profit,GrossProfit,2010,Q3,Annual,2008-09-28,2009-06-27,2010-07-21,10-Q,12117000000,USD,0001193125-10-162840,
AAPL,Income Statement,Gross Profit,GrossProfit,2009,Q3,Quarter,2009-03-29,2009-06-27,2009-07-22,10-Q,3023000000,USD,0001193125-09-153165,
AAPL,Income Statement,Gross Profit,GrossProfit,2010,Q3,Quarter,2009-03-29,2009-06-27,2010-07-21,10-Q,3983000000,USD,0001193125-10-162840,
AAPL,Income Statement,Gross Profit,GrossProfit,2010,Q3,Annual,2009-09-27,2010-06-26,2010-07-21,10-Q,18172000000,USD,0001193125-10-162840,
AAPL,Income Statement,Gross Profit,GrossProfit,2011,Q3,Annual,2009-09-27,2010-06-26,2011-07-20,10-Q,18172000000,USD,0001193125-11-192493,
AAPL,Income Statement,Gross Profit,GrossProfit,2010,Q3,Quarter,2010-03-28,2010-06-26,2010-07-21,10-Q,6136000000,USD,0001193125-10-162840,
AAPL,Income Statement,Gross Profit,GrossProfit,2011,Q3,Quarter,2010-03-28,2010-06-26,2011-07-20,10-Q,6136000000,USD,0001193125-11-192493,
AAPL,Income Statement,Gross Profit,GrossProfit,2011,Q3,Annual,2010-09-26,2011-06-25,2011-07-20,10-Q,32438000000,USD,0001193125-11-192493,
AAPL,Income Statement,Gross Profit,GrossProfit,2012,Q3,Annual,2010-09-26,2011-06-25,2012-07-25,10-Q,32438000000,USD,0001193125-12-314552,
AAPL,Income Statement,Gross Profit,GrossProfit,2011,Q3,Quarter,2011-03-27,2011-06-25,2011-07-20,10-Q,11922000000,USD,0001193125-11-192493,
AAPL,Income Statement,Gross Profit,GrossProfit,2012,Q3,Quarter,2011-03-27,2011-06-25,2012-07-25,10-Q,11922000000,USD,0001193125-12-314552,
AAPL,Income Statement,Gross Profit,GrossProfit,2012,Q3,Annual,2011-09-25,2012-06-30,2012-07-25,10-Q,54261000000,USD,0001193125-12-314552,
AAPL,Income Statement,Gross Profit,GrossProfit,2013,Q3,Annual,2011-09-25,2012-06-30,2013-07-24,10-Q,54261000000,USD,0001193125-13-300670,
AAPL,Income Statement,Gross Profit,GrossProfit,2012,Q3,Quarter,2012-04-01,2012-06-30,2012-07-25,10-Q,14994000000,USD,0001193125-12-314552,
AAPL,Income Statement,Gross Profit,GrossProfit,2013,Q3,Quarter,2012-04-01,2012-06-30,2013-07-24,10-Q,14994000000,USD,0001193125-13-300670,
AAPL,Income Statement,Gross Profit,GrossProfit,2013,Q3,Annual,2012-09-30,2013-06-29,2013-07-24,10-Q,50433000000,USD,0001193125-13-300670,
AAPL,Income Statement,Gross Profit,GrossProfit,2014,Q3,Annual,2012-09-30,2013-06-29,2014-07-23,10-Q,50433000000,USD,0001193125-14-277160,
AAPL,Income Statement,Gross Profit,GrossProfit,2013,Q3,Quarter,2013-03-31,2013-06-29,2013-07-24,10-Q,13024000000,USD,0001193125-13-300670,
AAPL,Income Statement,Gross Profit,GrossProfit,2014,Q3,Quarter,2013-03-31,2013-06-29,2014-07-23,10-Q,13024000000,USD,0001193125-14-277160,
AAPL,Income Statement,Gross Profit,GrossProfit,2014,Q3,Annual,2013-09-29,2014-06-28,2014-07-23,10-Q,54528000000,USD,0001193125-14-277160,
AAPL,Income Statement,Gross Profit,GrossProfit,2015,Q3,Annual,2013-09-29,2014-06-28,2015-07-22,10-Q,54528000000,USD,0001193125-15-259935,
AAPL,Income Statement,Gross Profit,GrossProfit,2014,Q3,Quarter,2014-03-30,2014-06-28,2014-07-23,10-Q,14735000000,USD,0001193125-14-277160,
AAPL,Income Statement,Gross Profit,GrossProfit,2015,Q3,Quarter,2014-03-30,2014-06-28,2015-07-22,10-Q,14735000000,USD,0001193125-15-259935,
AAPL,Income Statement,Gross Profit,GrossProfit,2015,Q3,Annual,2014-09-28,2015-06-27,2015-07-22,10-Q,73078000000,USD,0001193125-15-259935,
AAPL,Income Statement,Gross Profit,GrossProfit,2016,Q3,Annual,2014-09-28,2015-06-27,2016-07-27,10-Q,73078000000,USD,0001628280-16-017809,
AAPL,Income Statement,Gross Profit,GrossProfit,2015,Q3,Quarter,2015-03-29,2015-06-27,2015-07-22,10-Q,19681000000,USD,0001193125-15-259935,
AAPL,Income Statement,Gross Profit,GrossProfit,2016,Q3,Quarter,2015-03-29,2015-06-27,2016-07-27,10-Q,19681000000,USD,0001628280-16-017809,
AAPL,Income Statement,Gross Profit,GrossProfit,2016,Q3,Annual,2015-09-27,2016-06-25,2016-07-27,10-Q,66450000000,USD,0001628280-16-017809,
AAPL,Income Statement,Gross Profit,GrossProfit,2017,Q3,Annual,2015-09-27,2016-06-25,2017-08-02,10-Q,66450000000,USD,0000320193-17-000009,
AAPL,Income Statement,Gross Profit,GrossProfit,2016,Q3,Quarter,2016-03-27,2016-06-25,2016-07-27,10-Q,16106000000,USD,0001628280-16-017809,
AAPL,Income Statement,Gross Profit,GrossProfit,2017,Q3,Quarter,2016-03-27,2016-06-25,2017-08-02,10-Q,16106000000,USD,0000320193-17-000009,
AAPL,Income Statement,Gross Profit,GrossProfit,2017,Q3,Annual,2016-09-25,2017-07-01,2017-08-02,10-Q,68255000000,USD,0000320193-17-000009,
AAPL,Income Statement,Gross Profit,GrossProfit,2018,Q3,Annual,2016-09-25,2017-07-01,2018-08-01,10-Q,68255000000,USD,0000320193-18-000100,
AAPL,Income Statement,Gross Profit,GrossProfit,2017,Q3,Quarter,2017-04-02,2017-07-01,2017-08-02,10-Q,17488000000,USD,0000320193-17-000009,
AAPL,Income Statement,Gross Profit,GrossProfit,2018,Q3,Quarter,2017-04-02,2017-07-01,2018-08-01,10-Q,17488000000,USD,0000320193-18-000100,
AAPL,Income Statement,Gross Profit,GrossProfit,2018,Q3,Annual,2017-10-01,2018-06-30,2018-08-01,10-Q,77755000000,USD,0000320193-18-000100,
AAPL,Income Statement,Gross Profit,GrossProfit,2019,Q3,Annual,2017-10-01,2018-06-30,2019-07-31,10-Q,77755000000,USD,0000320193-19-000076,
AAPL,Income Statement,Gross Profit,GrossProfit,2018,Q3,Quarter,2018-04-01,2018-06-30,2018-08-01,10-Q,20421000000,USD,0000320193-18-000100,
AAPL,Income Statement,Gross Profit,GrossProfit,2019,Q3,Quarter,2018-04-01,2018-06-30,2019-07-31,10-Q,20421000000,USD,0000320193-19-000076,
AAPL,Income Statement,Gross Profit,GrossProfit,2019,Q3,Annual,2018-09-30,2019-06-29,2019-07-31,10-Q,74079000000,USD,0000320193-19-000076,
AAPL,Income Statement,Gross Profit,GrossProfit,2020,Q3,Annual,2018-09-30,2019-06-29,2020-07-31,10-Q,74079000000,USD,0000320193-20-000062,
AAPL,Income Statement,Gross Profit,GrossProfit,2019,Q3,Quarter,2019-03-31,2019-06-29,2019-07-31,10-Q,20227000000,USD,0000320193-19-000076,
AAPL,Income Statement,Gross Profit,GrossProfit,2020,Q3,Quarter,2019-03-31,2019-06-29,2020-07-31,10-Q,20227000000,USD,0000320193-20-000062,
AAPL,Income Statement,Gross Profit,GrossProfit,2020,Q3,Annual,2019-09-29,2020-06-27,2020-07-31,10-Q,80267000000,USD,0000320193-20-000062,
AAPL,Income Statement,Gross Profit,GrossProfit,2021,Q3,Annual,2019-09-29,2020-06-27,2021-07-28,10-Q,80267000000,USD,0000320193-21-000065,
AAPL,Income Statement,Gross Profit,GrossProfit,2020,Q3,Quarter,2020-03-29,2020-06-27,2020-07-31,10-Q,22680000000,USD,0000320193-20-000062,
AAPL,Income Statement,Gross Profit,GrossProfit,2021,Q3,Quarter,2020-03-29,2020-06-27,2021-07-28,10-Q,22680000000,USD,0000320193-21-000065,CY2020Q2
AAPL,Income Statement,Gross Profit,GrossProfit,2021,Q3,Annual,2020-09-27,2021-06-26,2021-07-28,10-Q,117662000000,USD,0000320193-21-000065,
AAPL,Income Statement,Gross Profit,GrossProfit,2022,Q3,Annual,2020-09-27,2021-06-26,2022-07-29,10-Q,117662000000,USD,0000320193-22-000070,
AAPL,Income Statement,Gross Profit,GrossProfit,2021,Q3,Quarter,2021-03-28,2021-06-26,2021-07-28,10-Q,35255000000,USD,0000320193-21-000065,
AAPL,Income Statement,Gross Profit,GrossProfit,2022,Q3,Quarter,2021-03-28,2021-06-26,2022-07-29,10-Q,35255000000,USD,0000320193-22-000070,CY2021Q2
AAPL,Income Statement,Gross Profit,GrossProfit,2022,Q3,Annual,2021-09-26,2022-06-25,2022-07-29,10-Q,132687000000,USD,0000320193-22-000070,
AAPL,Income Statement,Gross Profit,GrossProfit,2023,Q3,Annual,2021-09-26,2022-06-25,2023-08-04,10-Q,132687000000,USD,0000320193-23-000077,
AAPL,Income Statement,Gross Profit,GrossProfit,2022,Q3,Quarter,2022-03-27,2022-06-25,2022-07-29,10-Q,35885000000,USD,0000320193-22-000070,
AAPL,Income Statement,Gross Profit,GrossProfit,2023,Q3,Quarter,2022-03-27,2022-06-25,2023-08-04,10-Q,35885000000,USD,0000320193-23-000077,CY2022Q2
AAPL,Income Statement,Gross Profit,GrossProfit,2023,Q3,Annual,2022-09-25,2023-07-01,2023-08-04,10-Q,128721000000,USD,0000320193-23-000077,
AAPL,Income Statement,Gross Profit,GrossProfit,2024,Q3,Annual,2022-09-25,2023-07-01,2024-08-02,10-Q,128721000000,USD,0000320193-24-000081,
AAPL,Income Statement,Gross Profit,GrossProfit,2023,Q3,Quarter,2023-04-02,2023-07-01,2023-08-04,10-Q,36413000000,USD,0000320193-23-000077,
AAPL,Income Statement,Gross Profit,GrossProfit,2024,Q3,Quarter,2023-04-02,2023-07-01,2024-08-02,10-Q,36413000000,USD,0000320193-24-000081,CY2023Q2
AAPL,Income Statement,Gross Profit,GrossProfit,2024,Q3,Annual,2023-10-01,2024-06-29,2024-08-02,10-Q,136804000000,USD,0000320193-24-000081,
AAPL,Income Statement,Gross Profit,GrossProfit,2025,Q3,Annual,2023-10-01,2024-06-29,2025-08-01,10-Q,136804000000,USD,0000320193-25-000073,
AAPL,Income Statement,Gross Profit,GrossProfit,2024,Q3,Quarter,2024-03-31,2024-06-29,2024-08-02,10-Q,39678000000,USD,0000320193-24-000081,
AAPL,Income Statement,Gross Profit,GrossProfit,2025,Q3,Quarter,2024-03-31,2024-06-29,2025-08-01,10-Q,39678000000,USD,0000320193-25-000073,CY2024Q2
AAPL,Income Statement,Gross Profit,GrossProfit,2025,Q3,Annual,2024-09-29,2025-06-28,2025-08-01,10-Q,146860000000,USD,0000320193-25-000073,
AAPL,Income Statement,Gross Profit,GrossProfit,2026,Q3,Annual,2024-09-29,2025-06-28,2026-07-31,10-Q,146860000000,USD,0000320193-26-000020,
AAPL,Income Statement,Gross Profit,GrossProfit,2025,Q3,Quarter,2025-03-30,2025-06-28,2025-08-01,10-Q,43718000000,USD,0000320193-25-000073,
AAPL,Income Statement,Gross Profit,GrossProfit,2026,Q3,Quarter,2025-03-30,2025-06-28,2026-07-31,10-Q,43718000000,USD,0000320193-26-000020,CY2025Q2
AAPL,Income Statement,Gross Profit,GrossProfit,2026,Q3,Annual,2025-09-28,2026-06-27,2026-07-31,10-Q,178782000000,USD,0000320193-26-000020,
AAPL,Income Statement,Gross Profit,GrossProfit,2026,Q3,Quarter,2026-03-29,2026-06-27,2026-07-31,10-Q,54770000000,USD,0000320193-26-000020,CY2026Q2
AAPL,Income Statement,Income Tax,IncomeTaxExpenseBenefit,2009,FY,Annual,2006-10-01,2007-09-29,2009-10-27,10-K,1512000000,USD,0001193125-09-214859,
AAPL,Income Statement,Income Tax,IncomeTaxExpenseBenefit,2009,FY,Annual,2007-09-30,2008-09-27,2009-10-27,10-K,2061000000,USD,0001193125-09-214859,
AAPL,Income Statement,Income Tax,IncomeTaxExpenseBenefit,2010,FY,Annual,2007-09-30,2008-09-27,2010-10-27,10-K,2828000000,USD,0001193125-10-238044,CY2008
AAPL,Income Statement,Income Tax,IncomeTaxExpenseBenefit,2009,FY,Annual,2008-09-28,2009-09-26,2009-10-27,10-K,2280000000,USD,0001193125-09-214859,
AAPL,Income Statement,Income Tax,IncomeTaxExpenseBenefit,2010,FY,Annual,2008-09-28,2009-09-26,2010-10-27,10-K,3831000000,USD,0001193125-10-238044,
AAPL,Income Statement,Income Tax,IncomeTaxExpenseBenefit,2011,FY,Annual,2008-09-28,2009-09-26,2011-10-26,10-K,3831000000,USD,0001193125-11-282113,CY2009
AAPL,Income Statement,Income Tax,IncomeTaxExpenseBenefit,2010,FY,Annual,2009-09-27,2010-09-25,2010-10-27,10-K,4527000000,USD,0001193125-10-238044,
AAPL,Income Statement,Income Tax,IncomeTaxExpenseBenefit,2011,FY,Annual,2009-09-27,2010-09-25,2011-10-26,10-K,4527000000,USD,0001193125-11-282113,
AAPL,Income Statement,Income Tax,IncomeTaxExpenseBenefit,2012,FY,Annual,2009-09-27,2010-09-25,2012-10-31,10-K,4527000000,USD,0001193125-12-444068,
AAPL,Income Statement,Income Tax,IncomeTaxExpenseBenefit,2011,FY,Annual,2010-09-26,2011-09-24,2011-10-26,10-K,8283000000,USD,0001193125-11-282113,
AAPL,Income Statement,Income Tax,IncomeTaxExpenseBenefit,2012,FY,Annual,2010-09-26,2011-09-24,2012-10-31,10-K,8283000000,USD,0001193125-12-444068,
AAPL,Income Statement,Income Tax,IncomeTaxExpenseBenefit,2013,FY,Annual,2010-09-26,2011-09-24,2013-10-30,10-K,8283000000,USD,0001193125-13-416534,CY2011
AAPL,Income Statement,Income Tax,IncomeTaxExpenseBenefit,2012,FY,Annual,2011-09-25,2012-09-29,2012-10-31,10-K,14030000000,USD,0001193125-12-444068,
AAPL,Income Statement,Income Tax,IncomeTaxExpenseBenefit,2013,FY,Annual,2011-09-25,2012-09-29,2013-10-30,10-K,14030000000,USD,0001193125-13-416534,
AAPL,Income Statement,Income Tax,IncomeTaxExpenseBenefit,2014,FY,Annual,2011-09-25,2012-09-29,2014-10-27,10-K,14030000000,USD,0001193125-14-383437,
AAPL,Income Statement,Income Tax,IncomeTaxExpenseBenefit,2013,FY,Annual,2012-09-30,2013-09-28,2013-10-30,10-K,13118000000,USD,0001193125-13-416534,
AAPL,Income Statement,Income Tax,IncomeTaxExpenseBenefit,2014,FY,Annual,2012-09-30,2013-09-28,2014-10-27,10-K,13118000000,USD,0001193125-14-383437,
AAPL,Income Statement,Income Tax,IncomeTaxExpenseBenefit,2015,FY,Annual,2012-09-30,2013-09-28,2015-10-28,10-K,13118000000,USD,0001193125-15-356351,CY2013
AAPL,Income Statement,Income Tax,IncomeTaxExpenseBenefit,2014,FY,Annual,2013-09-29,2014-09-27,2014-10-27,10-K,13973000000,USD,0001193125-14-383437,
AAPL,Income Statement,Income Tax,IncomeTaxExpenseBenefit,2015,FY,Annual,2013-09-29,2014-09-27,2015-10-28,10-K,13973000000,USD,0001193125-15-356351,
AAPL,Income Statement,Income Tax,IncomeTaxExpenseBenefit,2016,FY,Annual,2013-09-29,2014-09-27,2016-10-26,10-K,13973000000,USD,0001628280-16-020309,CY2014
AAPL,Income Statement,Income Tax,IncomeTaxExpenseBenefit,2015,FY,Annual,2014-09-28,2015-09-26,2015-10-28,10-K,19121000000,USD,0001193125-15-356351,
AAPL,Income Statement,Income Tax,IncomeTaxExpenseBenefit,2016,FY,Annual,2014-09-28,2015-09-26,2016-10-26,10-K,19121000000,USD,0001628280-16-020309,
AAPL,Income Statement,Income Tax,IncomeTaxExpenseBenefit,2017,FY,Annual,2014-09-28,2015-09-26,2017-11-03,10-K,19121000000,USD,0000320193-17-000070,CY2015
AAPL,Income Statement,Income Tax,IncomeTaxExpenseBenefit,2016,FY,Annual,2015-09-27,2016-09-24,2016-10-26,10-K,15685000000,USD,0001628280-16-020309,
AAPL,Income Statement,Income Tax,IncomeTaxExpenseBenefit,2017,FY,Annual,2015-09-27,2016-09-24,2017-11-03,10-K,15685000000,USD,0000320193-17-000070,
AAPL,Income Statement,Income Tax,IncomeTaxExpenseBenefit,2018,FY,Annual,2015-09-27,2016-09-24,2018-11-05,10-K,15685000000,USD,0000320193-18-000145,CY2016
AAPL,Income Statement,Income Tax,IncomeTaxExpenseBenefit,2017,FY,Annual,2016-09-25,2017-09-30,2017-11-03,10-K,15738000000,USD,0000320193-17-000070,
AAPL,Income Statement,Income Tax,IncomeTaxExpenseBenefit,2018,FY,Annual,2016-09-25,2017-09-30,2018-11-05,10-K,15738000000,USD,0000320193-18-000145,
AAPL,Income Statement,Income Tax,IncomeTaxExpenseBenefit,2019,FY,Annual,2016-09-25,2017-09-30,2019-10-31,10-K,15738000000,USD,0000320193-19-000119,CY2017
AAPL,Income Statement,Income Tax,IncomeTaxExpenseBenefit,2018,FY,Annual,2017-10-01,2018-09-29,2018-11-05,10-K,13372000000,USD,0000320193-18-000145,
AAPL,Income Statement,Income Tax,IncomeTaxExpenseBenefit,2019,FY,Annual,2017-10-01,2018-09-29,2019-10-31,10-K,13372000000,USD,0000320193-19-000119,
AAPL,Income Statement,Income Tax,IncomeTaxExpenseBenefit,2020,FY,Annual,2017-10-01,2018-09-29,2020-10-30,10-K,13372000000,USD,0000320193-20-000096,CY2018
AAPL,Income Statement,Income Tax,IncomeTaxExpenseBenefit,2019,FY,Annual,2018-09-30,2019-09-28,2019-10-31,10-K,10481000000,USD,0000320193-19-000119,
AAPL,Income Statement,Income Tax,IncomeTaxExpenseBenefit,2020,FY,Annual,2018-09-30,2019-09-28,2020-10-30,10-K,10481000000,USD,0000320193-20-000096,
AAPL,Income Statement,Income Tax,IncomeTaxExpenseBenefit,2021,FY,Annual,2018-09-30,2019-09-28,2021-10-29,10-K,10481000000,USD,0000320193-21-000105,CY2019
AAPL,Income Statement,Income Tax,IncomeTaxExpenseBenefit,2020,FY,Annual,2019-09-29,2020-09-26,2020-10-30,10-K,9680000000,USD,0000320193-20-000096,
AAPL,Income Statement,Income Tax,IncomeTaxExpenseBenefit,2021,FY,Annual,2019-09-29,2020-09-26,2021-10-29,10-K,9680000000,USD,0000320193-21-000105,
AAPL,Income Statement,Income Tax,IncomeTaxExpenseBenefit,2022,FY,Annual,2019-09-29,2020-09-26,2022-10-28,10-K,9680000000,USD,0000320193-22-000108,CY2020
AAPL,Income Statement,Income Tax,IncomeTaxExpenseBenefit,2021,FY,Annual,2020-09-27,2021-09-25,2021-10-29,10-K,14527000000,USD,0000320193-21-000105,
AAPL,Income Statement,Income Tax,IncomeTaxExpenseBenefit,2022,FY,Annual,2020-09-27,2021-09-25,2022-10-28,10-K,14527000000,USD,0000320193-22-000108,
AAPL,Income Statement,Income Tax,IncomeTaxExpenseBenefit,2023,FY,Annual,2020-09-27,2021-09-25,2023-11-03,10-K,14527000000,USD,0000320193-23-000106,CY2021
AAPL,Income Statement,Income Tax,IncomeTaxExpenseBenefit,2022,FY,Annual,2021-09-26,2022-09-24,2022-10-28,10-K,19300000000,USD,0000320193-22-000108,
AAPL,Income Statement,Income Tax,IncomeTaxExpenseBenefit,2023,FY,Annual,2021-09-26,2022-09-24,2023-11-03,10-K,19300000000,USD,0000320193-23-000106,
AAPL,Income Statement,Income Tax,IncomeTaxExpenseBenefit,2024,FY,Annual,2021-09-26,2022-09-24,2024-11-01,10-K,19300000000,USD,0000320193-24-000123,CY2022
AAPL,Income Statement,Income Tax,IncomeTaxExpenseBenefit,2023,FY,Annual,2022-09-25,2023-09-30,2023-11-03,10-K,16741000000,USD,0000320193-23-000106,
AAPL,Income Statement,Income Tax,IncomeTaxExpenseBenefit,2024,FY,Annual,2022-09-25,2023-09-30,2024-11-01,10-K,16741000000,USD,0000320193-24-000123,
AAPL,Income Statement,Income Tax,IncomeTaxExpenseBenefit,2025,FY,Annual,2022-09-25,2023-09-30,2025-10-31,10-K,16741000000,USD,0000320193-25-000079,CY2023
AAPL,Income Statement,Income Tax,IncomeTaxExpenseBenefit,2024,FY,Annual,2023-10-01,2024-09-28,2024-11-01,10-K,29749000000,USD,0000320193-24-000123,
AAPL,Income Statement,Income Tax,IncomeTaxExpenseBenefit,2025,FY,Annual,2023-10-01,2024-09-28,2025-10-31,10-K,29749000000,USD,0000320193-25-000079,CY2024
AAPL,Income Statement,Income Tax,IncomeTaxExpenseBenefit,2025,FY,Annual,2024-09-29,2025-09-27,2025-10-31,10-K,20719000000,USD,0000320193-25-000079,CY2025
AAPL,Income Statement,Income Tax,IncomeTaxExpenseBenefit,2010,Q1,Quarter,2008-09-28,2008-12-27,2010-01-25,10-Q,1004000000,USD,0001193125-10-012085,CY2008Q4
AAPL,Income Statement,Income Tax,IncomeTaxExpenseBenefit,2010,Q1,Quarter,2009-09-27,2009-12-26,2010-01-25,10-Q,1380000000,USD,0001193125-10-012085,
AAPL,Income Statement,Income Tax,IncomeTaxExpenseBenefit,2011,Q1,Quarter,2009-09-27,2009-12-26,2011-01-19,10-Q,1380000000,USD,0001193125-11-010144,CY2009Q4
AAPL,Income Statement,Income Tax,IncomeTaxExpenseBenefit,2011,Q1,Quarter,2010-09-26,2010-12-25,2011-01-19,10-Q,1959000000,USD,0001193125-11-010144,
AAPL,Income Statement,Income Tax,IncomeTaxExpenseBenefit,2012,Q1,Quarter,2010-09-26,2010-12-25,2012-01-25,10-Q,1959000000,USD,0001193125-12-023398,CY2010Q4
AAPL,Income Statement,Income Tax,IncomeTaxExpenseBenefit,2012,Q1,Quarter,2011-09-25,2011-12-31,2012-01-25,10-Q,4413000000,USD,0001193125-12-023398,
AAPL,Income Statement,Income Tax,IncomeTaxExpenseBenefit,2013,Q1,Quarter,2011-09-25,2011-12-31,2013-01-24,10-Q,4413000000,USD,0001193125-13-022339,CY2011Q4
AAPL,Income Statement,Income Tax,IncomeTaxExpenseBenefit,2013,Q1,Quarter,2012-09-30,2012-12-29,2013-01-24,10-Q,4594000000,USD,0001193125-13-022339,
AAPL,Income Statement,Income Tax,IncomeTaxExpenseBenefit,2014,Q1,Quarter,2012-09-30,2012-12-29,2014-01-28,10-Q,4594000000,USD,0001193125-14-024487,CY2012Q4
AAPL,Income Statement,Income Tax,IncomeTaxExpenseBenefit,2014,Q1,Quarter,2013-09-29,2013-12-28,2014-01-28,10-Q,4637000000,USD,0001193125-14-024487,
AAPL,Income Statement,Income Tax,IncomeTaxExpenseBenefit,2015,Q1,Quarter,2013-09-29,2013-12-28,2015-01-28,10-Q,4637000000,USD,0001193125-15-023697,CY2013Q4
AAPL,Income Statement,Income Tax,IncomeTaxExpenseBenefit,2015,Q1,Quarter,2014-09-28,2014-12-27,2015-01-28,10-Q,6392000000,USD,0001193125-15-023697,
AAPL,Income Statement,Income Tax,IncomeTaxExpenseBenefit,2016,Q1,Quarter,2014-09-28,2014-12-27,2016-01-27,10-Q,6392000000,USD,0001193125-16-439878,CY2014Q4
AAPL,Income Statement,Income Tax,IncomeTaxExpenseBenefit,2016,Q1,Quarter,2015-09-27,2015-12-26,2016-01-27,10-Q,6212000000,USD,0001193125-16-439878,
AAPL,Income Statement,Income Tax,IncomeTaxExpenseBenefit,2017,Q1,Quarter,2015-09-27,2015-12-26,2017-02-01,10-Q,6212000000,USD,0001628280-17-000717,CY2015Q4
AAPL,Income Statement,Income Tax,IncomeTaxExpenseBenefit,2017,Q1,Quarter,2016-09-25,2016-12-31,2017-02-01,10-Q,6289000000,USD,0001628280-17-000717,
AAPL,Income Statement,Income Tax,IncomeTaxExpenseBenefit,2018,Q1,Quarter,2016-09-25,2016-12-31,2018-02-02,10-Q,6289000000,USD,0000320193-18-000007,CY2016Q4
AAPL,Income Statement,Income Tax,IncomeTaxExpenseBenefit,2018,Q1,Quarter,2017-10-01,2017-12-30,2018-02-02,10-Q,6965000000,USD,0000320193-18-000007,
AAPL,Income Statement,Income Tax,IncomeTaxExpenseBenefit,2019,Q1,Quarter,2017-10-01,2017-12-30,2019-01-30,10-Q,6965000000,USD,0000320193-19-000010,CY2017Q4
AAPL,Income Statement,Income Tax,IncomeTaxExpenseBenefit,2019,Q1,Quarter,2018-09-30,2018-12-29,2019-01-30,10-Q,3941000000,USD,0000320193-19-000010,
AAPL,Income Statement,Income Tax,IncomeTaxExpenseBenefit,2020,Q1,Quarter,2018-09-30,2018-12-29,2020-01-29,10-Q,3941000000,USD,0000320193-20-000010,CY2018Q4
AAPL,Income Statement,Income Tax,IncomeTaxExpenseBenefit,2020,Q1,Quarter,2019-09-29,2019-12-28,2020-01-29,10-Q,3682000000,USD,0000320193-20-000010,
AAPL,Income Statement,Income Tax,IncomeTaxExpenseBenefit,2021,Q1,Quarter,2019-09-29,2019-12-28,2021-01-28,10-Q,3682000000,USD,0000320193-21-000010,CY2019Q4
AAPL,Income Statement,Income Tax,IncomeTaxExpenseBenefit,2021,Q1,Quarter,2020-09-27,2020-12-26,2021-01-28,10-Q,4824000000,USD,0000320193-21-000010,
AAPL,Income Statement,Income Tax,IncomeTaxExpenseBenefit,2022,Q1,Quarter,2020-09-27,2020-12-26,2022-01-28,10-Q,4824000000,USD,0000320193-22-000007,CY2020Q4
AAPL,Income Statement,Income Tax,IncomeTaxExpenseBenefit,2022,Q1,Quarter,2021-09-26,2021-12-25,2022-01-28,10-Q,6611000000,USD,0000320193-22-000007,
AAPL,Income Statement,Income Tax,IncomeTaxExpenseBenefit,2023,Q1,Quarter,2021-09-26,2021-12-25,2023-02-03,10-Q,6611000000,USD,0000320193-23-000006,CY2021Q4
AAPL,Income Statement,Income Tax,IncomeTaxExpenseBenefit,2023,Q1,Quarter,2022-09-25,2022-12-31,2023-02-03,10-Q,5625000000,USD,0000320193-23-000006,
AAPL,Income Statement,Income Tax,IncomeTaxExpenseBenefit,2024,Q1,Quarter,2022-09-25,2022-12-31,2024-02-02,10-Q,5625000000,USD,0000320193-24-000006,CY2022Q4
AAPL,Income Statement,Income Tax,IncomeTaxExpenseBenefit,2024,Q1,Quarter,2023-10-01,2023-12-30,2024-02-02,10-Q,6407000000,USD,0000320193-24-000006,
AAPL,Income Statement,Income Tax,IncomeTaxExpenseBenefit,2025,Q1,Quarter,2023-10-01,2023-12-30,2025-01-31,10-Q,6407000000,USD,0000320193-25-000008,CY2023Q4
AAPL,Income Statement,Income Tax,IncomeTaxExpenseBenefit,2025,Q1,Quarter,2024-09-29,2024-12-28,2025-01-31,10-Q,6254000000,USD,0000320193-25-000008,
AAPL,Income Statement,Income Tax,IncomeTaxExpenseBenefit,2026,Q1,Quarter,2024-09-29,2024-12-28,2026-01-30,10-Q,6254000000,USD,0000320193-26-000006,CY2024Q4
AAPL,Income Statement,Income Tax,IncomeTaxExpenseBenefit,2026,Q1,Quarter,2025-09-28,2025-12-27,2026-01-30,10-Q,8905000000,USD,0000320193-26-000006,CY2025Q4
AAPL,Income Statement,Income Tax,IncomeTaxExpenseBenefit,2010,Q2,YTD,2008-09-28,2009-03-28,2010-04-21,10-Q,1770000000,USD,0001193125-10-088957,
AAPL,Income Statement,Income Tax,IncomeTaxExpenseBenefit,2010,Q2,Quarter,2008-12-28,2009-03-28,2010-04-21,10-Q,766000000,USD,0001193125-10-088957,CY2009Q1
AAPL,Income Statement,Income Tax,IncomeTaxExpenseBenefit,2010,Q2,YTD,2009-09-27,2010-03-27,2010-04-21,10-Q,2335000000,USD,0001193125-10-088957,
AAPL,Income Statement,Income Tax,IncomeTaxExpenseBenefit,2011,Q2,YTD,2009-09-27,2010-03-27,2011-04-21,10-Q,2335000000,USD,0001193125-11-104388,
AAPL,Income Statement,Income Tax,IncomeTaxExpenseBenefit,2010,Q2,Quarter,2009-12-27,2010-03-27,2010-04-21,10-Q,955000000,USD,0001193125-10-088957,
AAPL,Income Statement,Income Tax,IncomeTaxExpenseBenefit,2011,Q2,Quarter,2009-12-27,2010-03-27,2011-04-21,10-Q,955000000,USD,0001193125-11-104388,CY2010Q1
AAPL,Income Statement,Income Tax,IncomeTaxExpenseBenefit,2011,Q2,YTD,2010-09-26,2011-03-26,2011-04-21,10-Q,3872000000,USD,0001193125-11-104388,
AAPL,Income Statement,Income Tax,IncomeTaxExpenseBenefit,2012,Q2,YTD,2010-09-26,2011-03-26,2012-04-25,10-Q,3872000000,USD,0001193125-12-182321,
AAPL,Income Statement,Income Tax,IncomeTaxExpenseBenefit,2011,Q2,Quarter,2010-12-26,2011-03-26,2011-04-21,10-Q,1913000000,USD,0001193125-11-104388,
AAPL,Income Statement,Income Tax,IncomeTaxExpenseBenefit,2012,Q2,Quarter,2010-12-26,2011-03-26,2012-04-25,10-Q,1913000000,USD,0001193125-12-182321,CY2011Q1
AAPL,Income Statement,Income Tax,IncomeTaxExpenseBenefit,2012,Q2,YTD,2011-09-25,2012-03-31,2012-04-25,10-Q,8323000000,USD,0001193125-12-182321,
AAPL,Income Statement,Income Tax,IncomeTaxExpenseBenefit,2013,Q2,YTD,2011-09-25,2012-03-31,2013-04-24,10-Q,8323000000,USD,0001193125-13-168288,
AAPL,Income Statement,Income Tax,IncomeTaxExpenseBenefit,2012,Q2,Quarter,2012-01-01,2012-03-31,2012-04-25,10-Q,3910000000,USD,0001193125-12-182321,
AAPL,Income Statement,Income Tax,IncomeTaxExpenseBenefit,2013,Q2,Quarter,2012-01-01,2012-03-31,2013-04-24,10-Q,3910000000,USD,0001193125-13-168288,CY2012Q1
AAPL,Income Statement,Income Tax,IncomeTaxExpenseBenefit,2013,Q2,YTD,2012-09-30,2013-03-30,2013-04-24,10-Q,7952000000,USD,0001193125-13-168288,
AAPL,Income Statement,Income Tax,IncomeTaxExpenseBenefit,2014,Q2,YTD,2012-09-30,2013-03-30,2014-04-24,10-Q,7952000000,USD,0001193125-14-157311,
AAPL,Income Statement,Income Tax,IncomeTaxExpenseBenefit,2013,Q2,Quarter,2012-12-30,2013-03-30,2013-04-24,10-Q,3358000000,USD,0001193125-13-168288,
AAPL,Income Statement,Income Tax,IncomeTaxExpenseBenefit,2014,Q2,Quarter,2012-12-30,2013-03-30,2014-04-24,10-Q,3358000000,USD,0001193125-14-157311,CY2013Q1
AAPL,Income Statement,Income Tax,IncomeTaxExpenseBenefit,2014,Q2,YTD,2013-09-29,2014-03-29,2014-04-24,10-Q,8232000000,USD,0001193125-14-157311,
AAPL,Income Statement,Income Tax,IncomeTaxExpenseBenefit,2015,Q2,YTD,2013-09-29,2014-03-29,2015-04-28,10-Q,8232000000,USD,0001193125-15-153166,
AAPL,Income Statement,Income Tax,IncomeTaxExpenseBenefit,2014,Q2,Quarter,2013-12-29,2014-03-29,2014-04-24,10-Q,3595000000,USD,0001193125-14-157311,
AAPL,Income Statement,Income Tax,IncomeTaxExpenseBenefit,2015,Q2,Quarter,2013-12-29,2014-03-29,2015-04-28,10-Q,3595000000,USD,0001193125-15-153166,CY2014Q1
AAPL,Income Statement,Income Tax,IncomeTaxExpenseBenefit,2015,Q2,YTD,2014-09-28,2015-03-28,2015-04-28,10-Q,11387000000,USD,0001193125-15-153166,
AAPL,Income Statement,Income Tax,IncomeTaxExpenseBenefit,2016,Q2,YTD,2014-09-28,2015-03-28,2016-04-27,10-Q,11387000000,USD,0001193125-16-559625,
AAPL,Income Statement,Income Tax,IncomeTaxExpenseBenefit,2015,Q2,Quarter,2014-12-28,2015-03-28,2015-04-28,10-Q,4995000000,USD,0001193125-15-153166,
AAPL,Income Statement,Income Tax,IncomeTaxExpenseBenefit,2016,Q2,Quarter,2014-12-28,2015-03-28,2016-04-27,10-Q,4995000000,USD,0001193125-16-559625,CY2015Q1
AAPL,Income Statement,Income Tax,IncomeTaxExpenseBenefit,2016,Q2,YTD,2015-09-27,2016-03-26,2016-04-27,10-Q,9838000000,USD,0001193125-16-559625,
AAPL,Income Statement,Income Tax,IncomeTaxExpenseBenefit,2017,Q2,YTD,2015-09-27,2016-03-26,2017-05-03,10-Q,9838000000,USD,0001628280-17-004790,
AAPL,Income Statement,Income Tax,IncomeTaxExpenseBenefit,2016,Q2,Quarter,2015-12-27,2016-03-26,2016-04-27,10-Q,3626000000,USD,0001193125-16-559625,
AAPL,Income Statement,Income Tax,IncomeTaxExpenseBenefit,2017,Q2,Quarter,2015-12-27,2016-03-26,2017-05-03,10-Q,3626000000,USD,0001628280-17-004790,CY2016Q1
AAPL,Income Statement,Income Tax,IncomeTaxExpenseBenefit,2017,Q2,YTD,2016-09-25,2017-04-01,2017-05-03,10-Q,9944000000,USD,0001628280-17-004790,
AAPL,Income Statement,Income Tax,IncomeTaxExpenseBenefit,2018,Q2,YTD,2016-09-25,2017-04-01,2018-05-02,10-Q,9944000000,USD,0000320193-18-000070,
AAPL,Income Statement,Income Tax,IncomeTaxExpenseBenefit,2017,Q2,Quarter,2017-01-01,2017-04-01,2017-05-03,10-Q,3655000000,USD,0001628280-17-004790,
AAPL,Income Statement,Income Tax,IncomeTaxExpenseBenefit,2018,Q2,Quarter,2017-01-01,2017-04-01,2018-05-02,10-Q,3655000000,USD,0000320193-18-000070,CY2017Q1
AAPL,Income Statement,Income Tax,IncomeTaxExpenseBenefit,2018,Q2,YTD,2017-10-01,2018-03-31,2018-05-02,10-Q,9311000000,USD,0000320193-18-000070,
AAPL,Income Statement,Income Tax,IncomeTaxExpenseBenefit,2019,Q2,YTD,2017-10-01,2018-03-31,2019-05-01,10-Q,9311000000,USD,0000320193-19-000066,
AAPL,Income Statement,Income Tax,IncomeTaxExpenseBenefit,2018,Q2,Quarter,2017-12-31,2018-03-31,2018-05-02,10-Q,2346000000,USD,0000320193-18-000070,
AAPL,Income Statement,Income Tax,IncomeTaxExpenseBenefit,2019,Q2,Quarter,2017-12-31,2018-03-31,2019-05-01,10-Q,2346000000,USD,0000320193-19-000066,CY2018Q1
AAPL,Income Statement,Income Tax,IncomeTaxExpenseBenefit,2019,Q2,YTD,2018-09-30,2019-03-30,2019-05-01,10-Q,6173000000,USD,0000320193-19-000066,
AAPL,Income Statement,Income Tax,IncomeTaxExpenseBenefit,2020,Q2,YTD,2018-09-30,2019-03-30,2020-05-01,10-Q,6173000000,USD,0000320193-20-000052,
AAPL,Income Statement,Income Tax,IncomeTaxExpenseBenefit,2019,Q2,Quarter,2018-12-30,2019-03-30,2019-05-01,10-Q,2232000000,USD,0000320193-19-000066,
AAPL,Income Statement,Income Tax,IncomeTaxExpenseBenefit,2020,Q2,Quarter,2018-12-30,2019-03-30,2020-05-01,10-Q,2232000000,USD,0000320193-20-000052,CY2019Q1
AAPL,Income Statement,Income Tax,IncomeTaxExpenseBenefit,2020,Q2,YTD,2019-09-29,2020-03-28,2020-05-01,10-Q,5568000000,USD,0000320193-20-000052,
AAPL,Income Statement,Income Tax,IncomeTaxExpenseBenefit,2021,Q2,YTD,2019-09-29,2020-03-28,2021-04-29,10-Q,5568000000,USD,0000320193-21-000056,
AAPL,Income Statement,Income Tax,IncomeTaxExpenseBenefit,2020,Q2,Quarter,2019-12-29,2020-03-28,2020-05-01,10-Q,1886000000,USD,0000320193-20-000052,
AAPL,Income Statement,Income Tax,IncomeTaxExpenseBenefit,2021,Q2,Quarter,2019-12-29,2020-03-28,2021-04-29,10-Q,1886000000,USD,0000320193-21-000056,CY2020Q1
AAPL,Income Statement,Income Tax,IncomeTaxExpenseBenefit,2021,Q2,YTD,2020-09-27,2021-03-27,2021-04-29,10-Q,9205000000,USD,0000320193-21-000056,
AAPL,Income Statement,Income Tax,IncomeTaxExpenseBenefit,2022,Q2,YTD,2020-09-27,2021-03-27,2022-04-29,10-Q,9205000000,USD,0000320193-22-000059,
AAPL,Income Statement,Income Tax,IncomeTaxExpenseBenefit,2021,Q2,Quarter,2020-12-27,2021-03-27,2021-04-29,10-Q,4381000000,USD,0000320193-21-000056,
AAPL,Income Statement,Income Tax,IncomeTaxExpenseBenefit,2022,Q2,Quarter,2020-12-27,2021-03-27,2022-04-29,10-Q,4381000000,USD,0000320193-22-000059,CY2021Q1
AAPL,Income Statement,Income Tax,IncomeTaxExpenseBenefit,2022,Q2,YTD,2021-09-26,2022-03-26,2022-04-29,10-Q,11740000000,USD,0000320193-22-000059,
AAPL,Income Statement,Income Tax,IncomeTaxExpenseBenefit,2023,Q2,YTD,2021-09-26,2022-03-26,2023-05-05,10-Q,11740000000,USD,0000320193-23-000064,
AAPL,Income Statement,Income Tax,IncomeTaxExpenseBenefit,2022,Q2,Quarter,2021-12-26,2022-03-26,2022-04-29,10-Q,5129000000,USD,0000320193-22-000059,
AAPL,Income Statement,Income Tax,IncomeTaxExpenseBenefit,2023,Q2,Quarter,2021-12-26,2022-03-26,2023-05-05,10-Q,5129000000,USD,0000320193-23-000064,CY2022Q1
AAPL,Income Statement,Income Tax,IncomeTaxExpenseBenefit,2023,Q2,YTD,2022-09-25,2023-04-01,2023-05-05,10-Q,9847000000,USD,0000320193-23-000064,
AAPL,Income Statement,Income Tax,IncomeTaxExpenseBenefit,2024,Q2,YTD,2022-09-25,2023-04-01,2024-05-03,10-Q,9847000000,USD,0000320193-24-000069,
AAPL,Income Statement,Income Tax,IncomeTaxExpenseBenefit,2023,Q2,Quarter,2023-01-01,2023-04-01,2023-05-05,10-Q,4222000000,USD,0000320193-23-000064,
AAPL,Income Statement,Income Tax,IncomeTaxExpenseBenefit,2024,Q2,Quarter,2023-01-01,2023-04-01,2024-05-03,10-Q,4222000000,USD,0000320193-24-000069,CY2023Q1
AAPL,Income Statement,Income Tax,IncomeTaxExpenseBenefit,2024,Q2,YTD,2023-10-01,2024-03-30,2024-05-03,10-Q,10829000000,USD,0000320193-24-000069,
AAPL,Income Statement,Income Tax,IncomeTaxExpenseBenefit,2025,Q2,YTD,2023-10-01,2024-03-30,2025-05-02,10-Q,10829000000,USD,0000320193-25-000057,
AAPL,Income Statement,Income Tax,IncomeTaxExpenseBenefit,2024,Q2,Quarter,2023-12-31,2024-03-30,2024-05-03,10-Q,4422000000,USD,0000320193-24-000069,
AAPL,Income Statement,Income Tax,IncomeTaxExpenseBenefit,2025,Q2,Quarter,2023-12-31,2024-03-30,2025-05-02,10-Q,4422000000,USD,0000320193-25-000057,CY2024Q1
AAPL,Income Statement,Income Tax,IncomeTaxExpenseBenefit,2025,Q2,YTD,2024-09-29,2025-03-29,2025-05-02,10-Q,10784000000,USD,0000320193-25-000057,
AAPL,Income Statement,Income Tax,IncomeTaxExpenseBenefit,2026,Q2,YTD,2024-09-29,2025-03-29,2026-05-01,10-Q,10784000000,USD,0000320193-26-000013,
AAPL,Income Statement,Income Tax,IncomeTaxExpenseBenefit,2025,Q2,Quarter,2024-12-29,2025-03-29,2025-05-02,10-Q,4530000000,USD,0000320193-25-000057,
AAPL,Income Statement,Income Tax,IncomeTaxExpenseBenefit,2026,Q2,Quarter,2024-12-29,2025-03-29,2026-05-01,10-Q,4530000000,USD,0000320193-26-000013,CY2025Q1
AAPL,Income Statement,Income Tax,IncomeTaxExpenseBenefit,2026,Q2,YTD,2025-09-28,2026-03-28,2026-05-01,10-Q,15160000000,USD,0000320193-26-000013,
AAPL,Income Statement,Income Tax,IncomeTaxExpenseBenefit,2026,Q2,Quarter,2025-12-28,2026-03-28,2026-05-01,10-Q,6255000000,USD,0000320193-26-000013,CY2026Q1
AAPL,Income Statement,Income Tax,IncomeTaxExpenseBenefit,2009,Q3,Annual,2007-09-30,2008-06-28,2009-07-22,10-Q,1615000000,USD,0001193125-09-153165,
AAPL,Income Statement,Income Tax,IncomeTaxExpenseBenefit,2009,Q3,Quarter,2008-03-30,2008-06-28,2009-07-22,10-Q,438000000,USD,0001193125-09-153165,CY2008Q2
AAPL,Income Statement,Income Tax,IncomeTaxExpenseBenefit,2009,Q3,Annual,2008-09-28,2009-06-27,2009-07-22,10-Q,1707000000,USD,0001193125-09-153165,
AAPL,Income Statement,Income Tax,IncomeTaxExpenseBenefit,2010,Q3,Annual,2008-09-28,2009-06-27,2010-07-21,10-Q,2634000000,USD,0001193125-10-162840,
AAPL,Income Statement,Income Tax,IncomeTaxExpenseBenefit,2009,Q3,Quarter,2009-03-29,2009-06-27,2009-07-22,10-Q,503000000,USD,0001193125-09-153165,
AAPL,Income Statement,Income Tax,IncomeTaxExpenseBenefit,2010,Q3,Quarter,2009-03-29,2009-06-27,2010-07-21,10-Q,864000000,USD,0001193125-10-162840,CY2009Q2
AAPL,Income Statement,Income Tax,IncomeTaxExpenseBenefit,2010,Q3,Annual,2009-09-27,2010-06-26,2010-07-21,10-Q,3374000000,USD,0001193125-10-162840,
AAPL,Income Statement,Income Tax,IncomeTaxExpenseBenefit,2011,Q3,Annual,2009-09-27,2010-06-26,2011-07-20,10-Q,3374000000,USD,0001193125-11-192493,
AAPL,Income Statement,Income Tax,IncomeTaxExpenseBenefit,2010,Q3,Quarter,2010-03-28,2010-06-26,2010-07-21,10-Q,1039000000,USD,0001193125-10-162840,
AAPL,Income Statement,Income Tax,IncomeTaxExpenseBenefit,2011,Q3,Quarter,2010-03-28,2010-06-26,2011-07-20,10-Q,1039000000,USD,0001193125-11-192493,CY2010Q2
AAPL,Income Statement,Income Tax,IncomeTaxExpenseBenefit,2011,Q3,Annual,2010-09-26,2011-06-25,2011-07-20,10-Q,6115000000,USD,0001193125-11-192493,
AAPL,Income Statement,Income Tax,IncomeTaxExpenseBenefit,2012,Q3,Annual,2010-09-26,2011-06-25,2012-07-25,10-Q,6115000000,USD,0001193125-12-314552,
AAPL,Income Statement,Income Tax,IncomeTaxExpenseBenefit,2011,Q3,Quarter,2011-03-27,2011-06-25,2011-07-20,10-Q,2243000000,USD,0001193125-11-192493,
AAPL,Income Statement,Income Tax,IncomeTaxExpenseBenefit,2012,Q3,Quarter,2011-03-27,2011-06-25,2012-07-25,10-Q,2243000000,USD,0001193125-12-314552,CY2011Q2
AAPL,Income Statement,Income Tax,IncomeTaxExpenseBenefit,2012,Q3,Annual,2011-09-25,2012-06-30,2012-07-25,10-Q,11360000000,USD,0001193125-12-314552,
AAPL,Income Statement,Income Tax,IncomeTaxExpenseBenefit,2013,Q3,Annual,2011-09-25,2012-06-30,2013-07-24,10-Q,11360000000,USD,0001193125-13-300670,
AAPL,Income Statement,Income Tax,IncomeTaxExpenseBenefit,2012,Q3,Quarter,2012-04-01,2012-06-30,2012-07-25,10-Q,3037000000,USD,0001193125-12-314552,
AAPL,Income Statement,Income Tax,IncomeTaxExpenseBenefit,2013,Q3,Quarter,2012-04-01,2012-06-30,2013-07-24,10-Q,3037000000,USD,0001193125-13-300670,CY2012Q2
AAPL,Income Statement,Income Tax,IncomeTaxExpenseBenefit,2013,Q3,Annual,2012-09-30,2013-06-29,2013-07-24,10-Q,10487000000,USD,0001193125-13-300670,
AAPL,Income Statement,Income Tax,IncomeTaxExpenseBenefit,2014,Q3,Annual,2012-09-30,2013-06-29,2014-07-23,10-Q,10487000000,USD,0001193125-14-277160,
AAPL,Income Statement,Income Tax,IncomeTaxExpenseBenefit,2013,Q3,Quarter,2013-03-31,2013-06-29,2013-07-24,10-Q,2535000000,USD,0001193125-13-300670,
AAPL,Income Statement,Income Tax,IncomeTaxExpenseBenefit,2014,Q3,Quarter,2013-03-31,2013-06-29,2014-07-23,10-Q,2535000000,USD,0001193125-14-277160,CY2013Q2
AAPL,Income Statement,Income Tax,IncomeTaxExpenseBenefit,2014,Q3,Annual,2013-09-29,2014-06-28,2014-07-23,10-Q,10968000000,USD,0001193125-14-277160,
AAPL,Income Statement,Income Tax,IncomeTaxExpenseBenefit,2015,Q3,Annual,2013-09-29,2014-06-28,2015-07-22,10-Q,10968000000,USD,0001193125-15-259935,
AAPL,Income Statement,Income Tax,IncomeTaxExpenseBenefit,2014,Q3,Quarter,2014-03-30,2014-06-28,2014-07-23,10-Q,2736000000,USD,0001193125-14-277160,
AAPL,Income Statement,Income Tax,IncomeTaxExpenseBenefit,2015,Q3,Quarter,2014-03-30,2014-06-28,2015-07-22,10-Q,2736000000,USD,0001193125-15-259935,CY2014Q2
AAPL,Income Statement,Income Tax,IncomeTaxExpenseBenefit,2015,Q3,Annual,2014-09-28,2015-06-27,2015-07-22,10-Q,15183000000,USD,0001193125-15-259935,
AAPL,Income Statement,Income Tax,IncomeTaxExpenseBenefit,2016,Q3,Annual,2014-09-28,2015-06-27,2016-07-27,10-Q,15183000000,USD,0001628280-16-017809,
AAPL,Income Statement,Income Tax,IncomeTaxExpenseBenefit,2015,Q3,Quarter,2015-03-29,2015-06-27,2015-07-22,10-Q,3796000000,USD,0001193125-15-259935,
AAPL,Income Statement,Income Tax,IncomeTaxExpenseBenefit,2016,Q3,Quarter,2015-03-29,2015-06-27,2016-07-27,10-Q,3796000000,USD,0001628280-16-017809,CY2015Q2
AAPL,Income Statement,Income Tax,IncomeTaxExpenseBenefit,2016,Q3,Annual,2015-09-27,2016-06-25,2016-07-27,10-Q,12511000000,USD,0001628280-16-017809,
AAPL,Income Statement,Income Tax,IncomeTaxExpenseBenefit,2017,Q3,Annual,2015-09-27,2016-06-25,2017-08-02,10-Q,12511000000,USD,0000320193-17-000009,
AAPL,Income Statement,Income Tax,IncomeTaxExpenseBenefit,2016,Q3,Quarter,2016-03-27,2016-06-25,2016-07-27,10-Q,2673000000,USD,0001628280-16-017809,
AAPL,Income Statement,Income Tax,IncomeTaxExpenseBenefit,2017,Q3,Quarter,2016-03-27,2016-06-25,2017-08-02,10-Q,2673000000,USD,0000320193-17-000009,CY2016Q2
AAPL,Income Statement,Income Tax,IncomeTaxExpenseBenefit,2017,Q3,Annual,2016-09-25,2017-07-01,2017-08-02,10-Q,12535000000,USD,0000320193-17-000009,
AAPL,Income Statement,Income Tax,IncomeTaxExpenseBenefit,2018,Q3,Annual,2016-09-25,2017-07-01,2018-08-01,10-Q,12535000000,USD,0000320193-18-000100,
AAPL,Income Statement,Income Tax,IncomeTaxExpenseBenefit,2017,Q3,Quarter,2017-04-02,2017-07-01,2017-08-02,10-Q,2591000000,USD,0000320193-17-000009,
AAPL,Income Statement,Income Tax,IncomeTaxExpenseBenefit,2018,Q3,Quarter,2017-04-02,2017-07-01,2018-08-01,10-Q,2591000000,USD,0000320193-18-000100,CY2017Q2
AAPL,Income Statement,Income Tax,IncomeTaxExpenseBenefit,2018,Q3,Annual,2017-10-01,2018-06-30,2018-08-01,10-Q,11076000000,USD,0000320193-18-000100,
AAPL,Income Statement,Income Tax,IncomeTaxExpenseBenefit,2019,Q3,Annual,2017-10-01,2018-06-30,2019-07-31,10-Q,11076000000,USD,0000320193-19-000076,
AAPL,Income Statement,Income Tax,IncomeTaxExpenseBenefit,2018,Q3,Quarter,2018-04-01,2018-06-30,2018-08-01,10-Q,1765000000,USD,0000320193-18-000100,
AAPL,Income Statement,Income Tax,IncomeTaxExpenseBenefit,2019,Q3,Quarter,2018-04-01,2018-06-30,2019-07-31,10-Q,1765000000,USD,0000320193-19-000076,CY2018Q2
AAPL,Income Statement,Income Tax,IncomeTaxExpenseBenefit,2019,Q3,Annual,2018-09-30,2019-06-29,2019-07-31,10-Q,8040000000,USD,0000320193-19-000076,
AAPL,Income Statement,Income Tax,IncomeTaxExpenseBenefit,2020,Q3,Annual,2018-09-30,2019-06-29,2020-07-31,10-Q,8040000000,USD,0000320193-20-000062,
AAPL,Income Statement,Income Tax,IncomeTaxExpenseBenefit,2019,Q3,Quarter,2019-03-31,2019-06-29,2019-07-31,10-Q,1867000000,USD,0000320193-19-000076,
AAPL,Income Statement,Income Tax,IncomeTaxExpenseBenefit,2020,Q3,Quarter,2019-03-31,2019-06-29,2020-07-31,10-Q,1867000000,USD,0000320193-20-000062,CY2019Q2
AAPL,Income Statement,Income Tax,IncomeTaxExpenseBenefit,2020,Q3,Annual,2019-09-29,2020-06-27,2020-07-31,10-Q,7452000000,USD,0000320193-20-000062,
AAPL,Income Statement,Income Tax,IncomeTaxExpenseBenefit,2021,Q3,Annual,2019-09-29,2020-06-27,2021-07-28,10-Q,7452000000,USD,0000320193-21-000065,
AAPL,Income Statement,Income Tax,IncomeTaxExpenseBenefit,2020,Q3,Quarter,2020-03-29,2020-06-27,2020-07-31,10-Q,1884000000,USD,0000320193-20-000062,
AAPL,Income Statement,Income Tax,IncomeTaxExpenseBenefit,2021,Q3,Quarter,2020-03-29,2020-06-27,2021-07-28,10-Q,1884000000,USD,0000320193-21-000065,CY2020Q2
AAPL,Income Statement,Income Tax,IncomeTaxExpenseBenefit,2021,Q3,Annual,2020-09-27,2021-06-26,2021-07-28,10-Q,11830000000,USD,0000320193-21-000065,
AAPL,Income Statement,Income Tax,IncomeTaxExpenseBenefit,2022,Q3,Annual,2020-09-27,2021-06-26,2022-07-29,10-Q,11830000000,USD,0000320193-22-000070,
AAPL,Income Statement,Income Tax,IncomeTaxExpenseBenefit,2021,Q3,Quarter,2021-03-28,2021-06-26,2021-07-28,10-Q,2625000000,USD,0000320193-21-000065,
AAPL,Income Statement,Income Tax,IncomeTaxExpenseBenefit,2022,Q3,Quarter,2021-03-28,2021-06-26,2022-07-29,10-Q,2625000000,USD,0000320193-22-000070,CY2021Q2
AAPL,Income Statement,Income Tax,IncomeTaxExpenseBenefit,2022,Q3,Annual,2021-09-26,2022-06-25,2022-07-29,10-Q,15364000000,USD,0000320193-22-000070,
AAPL,Income Statement,Income Tax,IncomeTaxExpenseBenefit,2023,Q3,Annual,2021-09-26,2022-06-25,2023-08-04,10-Q,15364000000,USD,0000320193-23-000077,
AAPL,Income Statement,Income Tax,IncomeTaxExpenseBenefit,2022,Q3,Quarter,2022-03-27,2022-06-25,2022-07-29,10-Q,3624000000,USD,0000320193-22-000070,
AAPL,Income Statement,Income Tax,IncomeTaxExpenseBenefit,2023,Q3,Quarter,2022-03-27,2022-06-25,2023-08-04,10-Q,3624000000,USD,0000320193-23-000077,CY2022Q2
AAPL,Income Statement,Income Tax,IncomeTaxExpenseBenefit,2023,Q3,Annual,2022-09-25,2023-07-01,2023-08-04,10-Q,12699000000,USD,0000320193-23-000077,
AAPL,Income Statement,Income Tax,IncomeTaxExpenseBenefit,2024,Q3,Annual,2022-09-25,2023-07-01,2024-08-02,10-Q,12699000000,USD,0000320193-24-000081,
AAPL,Income Statement,Income Tax,IncomeTaxExpenseBenefit,2023,Q3,Quarter,2023-04-02,2023-07-01,2023-08-04,10-Q,2852000000,USD,0000320193-23-000077,
AAPL,Income Statement,Income Tax,IncomeTaxExpenseBenefit,2024,Q3,Quarter,2023-04-02,2023-07-01,2024-08-02,10-Q,2852000000,USD,0000320193-24-000081,CY2023Q2
AAPL,Income Statement,Income Tax,IncomeTaxExpenseBenefit,2024,Q3,Annual,2023-10-01,2024-06-29,2024-08-02,10-Q,14875000000,USD,0000320193-24-000081,
AAPL,Income Statement,Income Tax,IncomeTaxExpenseBenefit,2025,Q3,Annual,2023-10-01,2024-06-29,2025-08-01,10-Q,14875000000,USD,0000320193-25-000073,
AAPL,Income Statement,Income Tax,IncomeTaxExpenseBenefit,2024,Q3,Quarter,2024-03-31,2024-06-29,2024-08-02,10-Q,4046000000,USD,0000320193-24-000081,
AAPL,Income Statement,Income Tax,IncomeTaxExpenseBenefit,2025,Q3,Quarter,2024-03-31,2024-06-29,2025-08-01,10-Q,4046000000,USD,0000320193-25-000073,CY2024Q2
AAPL,Income Statement,Income Tax,IncomeTaxExpenseBenefit,2025,Q3,Annual,2024-09-29,2025-06-28,2025-08-01,10-Q,15381000000,USD,0000320193-25-000073,
AAPL,Income Statement,Income Tax,IncomeTaxExpenseBenefit,2026,Q3,Annual,2024-09-29,2025-06-28,2026-07-31,10-Q,15381000000,USD,0000320193-26-000020,
AAPL,Income Statement,Income Tax,IncomeTaxExpenseBenefit,2025,Q3,Quarter,2025-03-30,2025-06-28,2025-08-01,10-Q,4597000000,USD,0000320193-25-000073,
AAPL,Income Statement,Income Tax,IncomeTaxExpenseBenefit,2026,Q3,Quarter,2025-03-30,2025-06-28,2026-07-31,10-Q,4597000000,USD,0000320193-26-000020,CY2025Q2
AAPL,Income Statement,Income Tax,IncomeTaxExpenseBenefit,2026,Q3,Annual,2025-09-28,2026-06-27,2026-07-31,10-Q,21638000000,USD,0000320193-26-000020,
AAPL,Income Statement,Income Tax,IncomeTaxExpenseBenefit,2026,Q3,Quarter,2026-03-29,2026-06-27,2026-07-31,10-Q,6478000000,USD,0000320193-26-000020,CY2026Q2
AAPL,Income Statement,Interest Expense,InterestExpenseDebt,2013,FY,Annual,2012-09-30,2013-09-28,2013-10-30,10-K,136000000,USD,0001193125-13-416534,
AAPL,Income Statement,Interest Expense,InterestExpenseDebt,2014,FY,Annual,2012-09-30,2013-09-28,2014-10-27,10-K,136000000,USD,0001193125-14-383437,
AAPL,Income Statement,Interest Expense,InterestExpenseDebt,2015,FY,Annual,2012-09-30,2013-09-28,2015-10-28,10-K,136000000,USD,0001193125-15-356351,CY2013
AAPL,Income Statement,Interest Expense,InterestExpenseDebt,2014,FY,Annual,2013-09-29,2014-09-27,2014-10-27,10-K,381000000,USD,0001193125-14-383437,
AAPL,Income Statement,Interest Expense,InterestExpenseDebt,2015,FY,Annual,2013-09-29,2014-09-27,2015-10-28,10-K,381000000,USD,0001193125-15-356351,
AAPL,Income Statement,Interest Expense,InterestExpenseDebt,2016,FY,Annual,2013-09-29,2014-09-27,2016-10-26,10-K,381000000,USD,0001628280-16-020309,CY2014
AAPL,Income Statement,Interest Expense,InterestExpenseDebt,2015,FY,Annual,2014-09-28,2015-09-26,2015-10-28,10-K,722000000,USD,0001193125-15-356351,
AAPL,Income Statement,Interest Expense,InterestExpenseDebt,2016,FY,Annual,2014-09-28,2015-09-26,2016-10-26,10-K,722000000,USD,0001628280-16-020309,
AAPL,Income Statement,Interest Expense,InterestExpenseDebt,2017,FY,Annual,2014-09-28,2015-09-26,2017-11-03,10-K,722000000,USD,0000320193-17-000070,CY2015
AAPL,Income Statement,Interest Expense,InterestExpenseDebt,2016,FY,Annual,2015-09-27,2016-09-24,2016-10-26,10-K,1400000000,USD,0001628280-16-020309,
AAPL,Income Statement,Interest Expense,InterestExpenseDebt,2017,FY,Annual,2015-09-27,2016-09-24,2017-11-03,10-K,1400000000,USD,0000320193-17-000070,
AAPL,Income Statement,Interest Expense,InterestExpenseDebt,2018,FY,Annual,2015-09-27,2016-09-24,2018-11-05,10-K,1400000000,USD,0000320193-18-000145,CY2016
AAPL,Income Statement,Interest Expense,InterestExpenseDebt,2017,FY,Annual,2016-09-25,2017-09-30,2017-11-03,10-K,2200000000,USD,0000320193-17-000070,
AAPL,Income Statement,Interest Expense,InterestExpenseDebt,2018,FY,Annual,2016-09-25,2017-09-30,2018-11-05,10-K,2200000000,USD,0000320193-18-000145,CY2017
AAPL,Income Statement,Interest Expense,InterestExpenseDebt,2018,FY,Annual,2017-10-01,2018-09-29,2018-11-05,10-K,3000000000,USD,0000320193-18-000145,CY2018
AAPL,Income Statement,Interest Expense,InterestExpenseDebt,2021,FY,Annual,2018-09-30,2019-09-28,2021-10-29,10-K,3200000000,USD,0000320193-21-000105,CY2019
AAPL,Income Statement,Interest Expense,InterestExpenseDebt,2021,FY,Annual,2019-09-29,2020-09-26,2021-10-29,10-K,2800000000,USD,0000320193-21-000105,CY2020
AAPL,Income Statement,Interest Expense,InterestExpenseDebt,2021,FY,Annual,2020-09-27,2021-09-25,2021-10-29,10-K,2600000000,USD,0000320193-21-000105,CY2021
AAPL,Income Statement,Interest Expense,InterestExpenseDebt,2014,Q1,Quarter,2013-09-29,2013-12-28,2014-01-28,10-Q,84000000,USD,0001193125-14-024487,
AAPL,Income Statement,Interest Expense,InterestExpenseDebt,2015,Q1,Quarter,2013-09-29,2013-12-28,2015-01-28,10-Q,84000000,USD,0001193125-15-023697,CY2013Q4
AAPL,Income Statement,Interest Expense,InterestExpenseDebt,2015,Q1,Quarter,2014-09-28,2014-12-27,2015-01-28,10-Q,128000000,USD,0001193125-15-023697,
AAPL,Income Statement,Interest Expense,InterestExpenseDebt,2016,Q1,Quarter,2014-09-28,2014-12-27,2016-01-27,10-Q,128000000,USD,0001193125-16-439878,CY2014Q4
AAPL,Income Statement,Interest Expense,InterestExpenseDebt,2016,Q1,Quarter,2015-09-27,2015-12-26,2016-01-27,10-Q,271000000,USD,0001193125-16-439878,
AAPL,Income Statement,Interest Expense,InterestExpenseDebt,2017,Q1,Quarter,2015-09-27,2015-12-26,2017-02-01,10-Q,271000000,USD,0001628280-17-000717,CY2015Q4
AAPL,Income Statement,Interest Expense,InterestExpenseDebt,2017,Q1,Quarter,2016-09-25,2016-12-31,2017-02-01,10-Q,509000000,USD,0001628280-17-000717,
AAPL,Income Statement,Interest Expense,InterestExpenseDebt,2018,Q1,Quarter,2016-09-25,2016-12-31,2018-02-02,10-Q,509000000,USD,0000320193-18-000007,CY2016Q4
AAPL,Income Statement,Interest Expense,InterestExpenseDebt,2018,Q1,Quarter,2017-10-01,2017-12-30,2018-02-02,10-Q,695000000,USD,0000320193-18-000007,
AAPL,Income Statement,Interest Expense,InterestExpenseDebt,2019,Q1,Quarter,2017-10-01,2017-12-30,2019-01-30,10-Q,695000000,USD,0000320193-19-000010,CY2017Q4
AAPL,Income Statement,Interest Expense,InterestExpenseDebt,2019,Q1,Quarter,2018-09-30,2018-12-29,2019-01-30,10-Q,809000000,USD,0000320193-19-000010,CY2018Q4
AAPL,Income Statement,Interest Expense,InterestExpenseDebt,2014,Q2,YTD,2013-09-29,2014-03-29,2014-04-24,10-Q,168000000,USD,0001193125-14-157311,
AAPL,Income Statement,Interest Expense,InterestExpenseDebt,2015,Q2,YTD,2013-09-29,2014-03-29,2015-04-28,10-Q,168000000,USD,0001193125-15-153166,
AAPL,Income Statement,Interest Expense,InterestExpenseDebt,2014,Q2,Quarter,2013-12-29,2014-03-29,2014-04-24,10-Q,84000000,USD,0001193125-14-157311,
AAPL,Income Statement,Interest Expense,InterestExpenseDebt,2015,Q2,Quarter,2013-12-29,2014-03-29,2015-04-28,10-Q,84000000,USD,0001193125-15-153166,CY2014Q1
AAPL,Income Statement,Interest Expense,InterestExpenseDebt,2015,Q2,YTD,2014-09-28,2015-03-28,2015-04-28,10-Q,289000000,USD,0001193125-15-153166,
AAPL,Income Statement,Interest Expense,InterestExpenseDebt,2016,Q2,YTD,2014-09-28,2015-03-28,2016-04-27,10-Q,289000000,USD,0001193125-16-559625,
AAPL,Income Statement,Interest Expense,InterestExpenseDebt,2015,Q2,Quarter,2014-12-28,2015-03-28,2015-04-28,10-Q,161000000,USD,0001193125-15-153166,
AAPL,Income Statement,Interest Expense,InterestExpenseDebt,2016,Q2,Quarter,2014-12-28,2015-03-28,2016-04-27,10-Q,161000000,USD,0001193125-16-559625,CY2015Q1
AAPL,Income Statement,Interest Expense,InterestExpenseDebt,2016,Q2,YTD,2015-09-27,2016-03-26,2016-04-27,10-Q,582000000,USD,0001193125-16-559625,
AAPL,Income Statement,Interest Expense,InterestExpenseDebt,2017,Q2,YTD,2015-09-27,2016-03-26,2017-05-03,10-Q,582000000,USD,0001628280-17-004790,
AAPL,Income Statement,Interest Expense,InterestExpenseDebt,2016,Q2,Quarter,2015-12-27,2016-03-26,2016-04-27,10-Q,311000000,USD,0001193125-16-559625,
AAPL,Income Statement,Interest Expense,InterestExpenseDebt,2017,Q2,Quarter,2015-12-27,2016-03-26,2017-05-03,10-Q,311000000,USD,0001628280-17-004790,CY2016Q1
AAPL,Income Statement,Interest Expense,InterestExpenseDebt,2017,Q2,YTD,2016-09-25,2017-04-01,2017-05-03,10-Q,1000000000,USD,0001628280-17-004790,
AAPL,Income Statement,Interest Expense,InterestExpenseDebt,2018,Q2,YTD,2016-09-25,2017-04-01,2018-05-02,10-Q,1000000000,USD,0000320193-18-000070,
AAPL,Income Statement,Interest Expense,InterestExpenseDebt,2017,Q2,Quarter,2017-01-01,2017-04-01,2017-05-03,10-Q,507000000,USD,0001628280-17-004790,
AAPL,Income Statement,Interest Expense,InterestExpenseDebt,2018,Q2,Quarter,2017-01-01,2017-04-01,2018-05-02,10-Q,507000000,USD,0000320193-18-000070,CY2017Q1
AAPL,Income Statement,Interest Expense,InterestExpenseDebt,2018,Q2,YTD,2017-10-01,2018-03-31,2018-05-02,10-Q,1400000000,USD,0000320193-18-000070,
AAPL,Income Statement,Interest Expense,InterestExpenseDebt,2019,Q2,YTD,2017-10-01,2018-03-31,2019-05-01,10-Q,1400000000,USD,0000320193-19-000066,
AAPL,Income Statement,Interest Expense,InterestExpenseDebt,2018,Q2,Quarter,2017-12-31,2018-03-31,2018-05-02,10-Q,742000000,USD,0000320193-18-000070,
AAPL,Income Statement,Interest Expense,InterestExpenseDebt,2019,Q2,Quarter,2017-12-31,2018-03-31,2019-05-01,10-Q,742000000,USD,0000320193-19-000066,CY2018Q1
AAPL,Income Statement,Interest Expense,InterestExpenseDebt,2019,Q2,YTD,2018-09-30,2019-03-30,2019-05-01,10-Q,1600000000,USD,0000320193-19-000066,
AAPL,Income Statement,Interest Expense,InterestExpenseDebt,2019,Q2,Quarter,2018-12-30,2019-03-30,2019-05-01,10-Q,828000000,USD,0000320193-19-000066,CY2019Q1
AAPL,Income Statement,Interest Expense,InterestExpenseDebt,2013,Q3,Annual,2012-09-30,2013-06-29,2013-07-24,10-Q,53000000,USD,0001193125-13-300670,
AAPL,Income Statement,Interest Expense,InterestExpenseDebt,2013,Q3,Quarter,2013-03-31,2013-06-29,2013-07-24,10-Q,53000000,USD,0001193125-13-300670,CY2013Q2
AAPL,Income Statement,Interest Expense,InterestExpenseDebt,2014,Q3,Annual,2013-09-29,2014-06-28,2014-07-23,10-Q,268000000,USD,0001193125-14-277160,
AAPL,Income Statement,Interest Expense,InterestExpenseDebt,2015,Q3,Annual,2013-09-29,2014-06-28,2015-07-22,10-Q,268000000,USD,0001193125-15-259935,
AAPL,Income Statement,Interest Expense,InterestExpenseDebt,2014,Q3,Quarter,2014-03-30,2014-06-28,2014-07-23,10-Q,100000000,USD,0001193125-14-277160,
AAPL,Income Statement,Interest Expense,InterestExpenseDebt,2015,Q3,Quarter,2014-03-30,2014-06-28,2015-07-22,10-Q,100000000,USD,0001193125-15-259935,CY2014Q2
AAPL,Income Statement,Interest Expense,InterestExpenseDebt,2015,Q3,Annual,2014-09-28,2015-06-27,2015-07-22,10-Q,486000000,USD,0001193125-15-259935,
AAPL,Income Statement,Interest Expense,InterestExpenseDebt,2016,Q3,Annual,2014-09-28,2015-06-27,2016-07-27,10-Q,486000000,USD,0001628280-16-017809,
AAPL,Income Statement,Interest Expense,InterestExpenseDebt,2015,Q3,Quarter,2015-03-29,2015-06-27,2015-07-22,10-Q,197000000,USD,0001193125-15-259935,
AAPL,Income Statement,Interest Expense,InterestExpenseDebt,2016,Q3,Quarter,2015-03-29,2015-06-27,2016-07-27,10-Q,197000000,USD,0001628280-16-017809,CY2015Q2
AAPL,Income Statement,Interest Expense,InterestExpenseDebt,2016,Q3,Annual,2015-09-27,2016-06-25,2016-07-27,10-Q,975000000,USD,0001628280-16-017809,
AAPL,Income Statement,Interest Expense,InterestExpenseDebt,2017,Q3,Annual,2015-09-27,2016-06-25,2017-08-02,10-Q,975000000,USD,0000320193-17-000009,
AAPL,Income Statement,Interest Expense,InterestExpenseDebt,2016,Q3,Quarter,2016-03-27,2016-06-25,2016-07-27,10-Q,393000000,USD,0001628280-16-017809,
AAPL,Income Statement,Interest Expense,InterestExpenseDebt,2017,Q3,Quarter,2016-03-27,2016-06-25,2017-08-02,10-Q,393000000,USD,0000320193-17-000009,CY2016Q2
AAPL,Income Statement,Interest Expense,InterestExpenseDebt,2017,Q3,Annual,2016-09-25,2017-07-01,2017-08-02,10-Q,1600000000,USD,0000320193-17-000009,
AAPL,Income Statement,Interest Expense,InterestExpenseDebt,2018,Q3,Annual,2016-09-25,2017-07-01,2018-08-01,10-Q,1600000000,USD,0000320193-18-000100,
AAPL,Income Statement,Interest Expense,InterestExpenseDebt,2017,Q3,Quarter,2017-04-02,2017-07-01,2017-08-02,10-Q,574000000,USD,0000320193-17-000009,
AAPL,Income Statement,Interest Expense,InterestExpenseDebt,2018,Q3,Quarter,2017-04-02,2017-07-01,2018-08-01,10-Q,574000000,USD,0000320193-18-000100,CY2017Q2
AAPL,Income Statement,Interest Expense,InterestExpenseDebt,2018,Q3,Annual,2017-10-01,2018-06-30,2018-08-01,10-Q,2200000000,USD,0000320193-18-000100,
AAPL,Income Statement,Interest Expense,InterestExpenseDebt,2018,Q3,Quarter,2018-04-01,2018-06-30,2018-08-01,10-Q,780000000,USD,0000320193-18-000100,CY2018Q2
AAPL,Income Statement,Net Income,NetIncomeLoss,2009,FY,Annual,2006-10-01,2007-09-29,2009-10-27,10-K,3496000000,USD,0001193125-09-214859,
AAPL,Income Statement,Net Income,NetIncomeLoss,2009,FY,Annual,2007-09-30,2008-09-27,2009-10-27,10-K,4834000000,USD,0001193125-09-214859,
AAPL,Income Statement,Net Income,NetIncomeLoss,2010,FY,Annual,2007-09-30,2008-09-27,2010-10-27,10-K,6119000000,USD,0001193125-10-238044,CY2008
AAPL,Income Statement,Net Income,NetIncomeLoss,2010,FY,Quarter,2008-09-28,2008-12-27,2010-10-27,10-K,2255000000,USD,0001193125-10-238044,CY2008Q4
AAPL,Income Statement,Net Income,NetIncomeLoss,2010,FY,Quarter,2008-12-28,2009-03-28,2010-10-27,10-K,1620000000,USD,0001193125-10-238044,CY2009Q1
AAPL,Income Statement,Net Income,NetIncomeLoss,2010,FY,Quarter,2009-03-29,2009-06-27,2010-10-27,10-K,1828000000,USD,0001193125-10-238044,CY2009Q2
AAPL,Income Statement,Net Income,NetIncomeLoss,2009,FY,Annual,2008-09-28,2009-09-26,2009-10-27,10-K,5704000000,USD,0001193125-09-214859,
AAPL,Income Statement,Net Income,NetIncomeLoss,2010,FY,Annual,2008-09-28,2009-09-26,2010-10-27,10-K,8235000000,USD,0001193125-10-238044,
AAPL,Income Statement,Net Income,NetIncomeLoss,2011,FY,Annual,2008-09-28,2009-09-26,2011-10-26,10-K,8235000000,USD,0001193125-11-282113,CY2009
AAPL,Income Statement,Net Income,NetIncomeLoss,2010,FY,Quarter,2009-06-28,2009-09-26,2010-10-27,10-K,2532000000,USD,0001193125-10-238044,CY2009Q3
AAPL,Income Statement,Net Income,NetIncomeLoss,2010,FY,Quarter,2009-09-27,2009-12-26,2010-10-27,10-K,3378000000,USD,0001193125-10-238044,
AAPL,Income Statement,Net Income,NetIncomeLoss,2011,FY,Quarter,2009-09-27,2009-12-26,2011-10-26,10-K,3378000000,USD,0001193125-11-282113,CY2009Q4
AAPL,Income Statement,Net Income,NetIncomeLoss,2010,FY,Quarter,2009-12-27,2010-03-27,2010-10-27,10-K,3074000000,USD,0001193125-10-238044,
AAPL,Income Statement,Net Income,NetIncomeLoss,2011,FY,Quarter,2009-12-27,2010-03-27,2011-10-26,10-K,3074000000,USD,0001193125-11-282113,CY2010Q1
AAPL,Income Statement,Net Income,NetIncomeLoss,2010,FY,Quarter,2010-03-28,2010-06-26,2010-10-27,10-K,3253000000,USD,0001193125-10-238044,
AAPL,Income Statement,Net Income,NetIncomeLoss,2011,FY,Quarter,2010-03-28,2010-06-26,2011-10-26,10-K,3253000000,USD,0001193125-11-282113,CY2010Q2
AAPL,Income Statement,Net Income,NetIncomeLoss,2010,FY,Annual,2009-09-27,2010-09-25,2010-10-27,10-K,14013000000,USD,0001193125-10-238044,
AAPL,Income Statement,Net Income,NetIncomeLoss,2011,FY,Annual,2009-09-27,2010-09-25,2011-10-26,10-K,14013000000,USD,0001193125-11-282113,
AAPL,Income Statement,Net Income,NetIncomeLoss,2012,FY,Annual,2009-09-27,2010-09-25,2012-10-31,10-K,14013000000,USD,0001193125-12-444068,
AAPL,Income Statement,Net Income,NetIncomeLoss,2010,FY,Quarter,2010-06-27,2010-09-25,2010-10-27,10-K,4308000000,USD,0001193125-10-238044,
AAPL,Income Statement,Net Income,NetIncomeLoss,2011,FY,Quarter,2010-06-27,2010-09-25,2011-10-26,10-K,4308000000,USD,0001193125-11-282113,CY2010Q3
AAPL,Income Statement,Net Income,NetIncomeLoss,2011,FY,Quarter,2010-09-26,2010-12-25,2011-10-26,10-K,6004000000,USD,0001193125-11-282113,
AAPL,Income Statement,Net Income,NetIncomeLoss,2012,FY,Quarter,2010-09-26,2010-12-25,2012-10-31,10-K,6004000000,USD,0001193125-12-444068,
AAPL,Income Statement,Net Income,NetIncomeLoss,2011,FY,Quarter,2010-12-26,2011-03-26,2011-10-26,10-K,5987000000,USD,0001193125-11-282113,
AAPL,Income Statement,Net Income,NetIncomeLoss,2012,FY,Quarter,2010-12-26,2011-03-26,2012-10-31,10-K,5987000000,USD,0001193125-12-444068,
AAPL,Income Statement,Net Income,NetIncomeLoss,2011,FY,Quarter,2011-03-27,2011-06-25,2011-10-26,10-K,7308000000,USD,0001193125-11-282113,
AAPL,Income Statement,Net Income,NetIncomeLoss,2012,FY,Quarter,2011-03-27,2011-06-25,2012-10-31,10-K,7308000000,USD,0001193125-12-444068,
AAPL,Income Statement,Net Income,NetIncomeLoss,2011,FY,Annual,2010-09-26,2011-09-24,2011-10-26,10-K,25922000000,USD,0001193125-11-282113,
AAPL,Income Statement,Net Income,NetIncomeLoss,2012,FY,Annual,2010-09-26,2011-09-24,2012-10-31,10-K,25922000000,USD,0001193125-12-444068,
AAPL,Income Statement,Net Income,NetIncomeLoss,2013,FY,Annual,2010-09-26,2011-09-24,2013-10-30,10-K,25922000000,USD,0001193125-13-416534,CY2011
AAPL,Income Statement,Net Income,NetIncomeLoss,2011,FY,Quarter,2011-06-26,2011-09-24,2011-10-26,10-K,6623000000,USD,0001193125-11-282113,
AAPL,Income Statement,Net Income,NetIncomeLoss,2012,FY,Quarter,2011-06-26,2011-09-24,2012-10-31,10-K,6623000000,USD,0001193125-12-444068,
AAPL,Income Statement,Net Income,NetIncomeLoss,2012,FY,Quarter,2011-09-25,2011-12-31,2012-10-31,10-K,13064000000,USD,0001193125-12-444068,
AAPL,Income Statement,Net Income,NetIncomeLoss,2013,FY,Quarter,2011-09-25,2011-12-31,2013-10-30,10-K,13064000000,USD,0001193125-13-416534,CY2011Q4
AAPL,Income Statement,Net Income,NetIncomeLoss,2012,FY,Quarter,2012-01-01,2012-03-31,2012-10-31,10-K,11622000000,USD,0001193125-12-444068,
AAPL,Income Statement,Net Income,NetIncomeLoss,2013,FY,Quarter,2012-01-01,2012-03-31,2013-10-30,10-K,11622000000,USD,0001193125-13-416534,CY2012Q1
AAPL,Income Statement,Net Income,NetIncomeLoss,2012,FY,Quarter,2012-04-01,2012-06-30,2012-10-31,10-K,8824000000,USD,0001193125-12-444068,
AAPL,Income Statement,Net Income,NetIncomeLoss,2013,FY,Quarter,2012-04-01,2012-06-30,2013-10-30,10-K,8824000000,USD,0001193125-13-416534,CY2012Q2
AAPL,Income Statement,Net Income,NetIncomeLoss,2012,FY,Annual,2011-09-25,2012-09-29,2012-10-31,10-K,41733000000,USD,0001193125-12-444068,
AAPL,Income Statement,Net Income,NetIncomeLoss,2013,FY,Annual,2011-09-25,2012-09-29,2013-10-30,10-K,41733000000,USD,0001193125-13-416534,
AAPL,Income Statement,Net Income,NetIncomeLoss,2014,FY,Annual,2011-09-25,2012-09-29,2014-10-27,10-K,41733000000,USD,0001193125-14-383437,
AAPL,Income Statement,Net Income,NetIncomeLoss,2012,FY,Quarter,2012-07-01,2012-09-29,2012-10-31,10-K,8223000000,USD,0001193125-12-444068,
AAPL,Income Statement,Net Income,NetIncomeLoss,2013,FY,Quarter,2012-07-01,2012-09-29,2013-10-30,10-K,8223000000,USD,0001193125-13-416534,CY2012Q3
AAPL,Income Statement,Net Income,NetIncomeLoss,2013,FY,Quarter,2012-09-30,2012-12-29,2013-10-30,10-K,13078000000,USD,0001193125-13-416534,
AAPL,Income Statement,Net Income,NetIncomeLoss,2014,FY,Quarter,2012-09-30,2012-12-29,2014-10-27,10-K,13078000000,USD,0001193125-14-383437,
AAPL,Income Statement,Net Income,NetIncomeLoss,2013,FY,Quarter,2012-12-30,2013-03-30,2013-10-30,10-K,9547000000,USD,0001193125-13-416534,
AAPL,Income Statement,Net Income,NetIncomeLoss,2014,FY,Quarter,2012-12-30,2013-03-30,2014-10-27,10-K,9547000000,USD,0001193125-14-383437,
AAPL,Income Statement,Net Income,NetIncomeLoss,2013,FY,Quarter,2013-03-31,2013-06-29,2013-10-30,10-K,6900000000,USD,0001193125-13-416534,
AAPL,Income Statement,Net Income,NetIncomeLoss,2014,FY,Quarter,2013-03-31,2013-06-29,2014-10-27,10-K,6900000000,USD,0001193125-14-383437,
AAPL,Income Statement,Net Income,NetIncomeLoss,2013,FY,Annual,2012-09-30,2013-09-28,2013-10-30,10-K,37037000000,USD,0001193125-13-416534,
AAPL,Income Statement,Net Income,NetIncomeLoss,2014,FY,Annual,2012-09-30,2013-09-28,2014-10-27,10-K,37037000000,USD,0001193125-14-383437,
AAPL,Income Statement,Net Income,NetIncomeLoss,2015,FY,Annual,2012-09-30,2013-09-28,2015-10-28,10-K,37037000000,USD,0001193125-15-356351,CY2013
AAPL,Income Statement,Net Income,NetIncomeLoss,2013,FY,Quarter,2013-06-30,2013-09-28,2013-10-30,10-K,7512000000,USD,0001193125-13-416534,
AAPL,Income Statement,Net Income,NetIncomeLoss,2014,FY,Quarter,2013-06-30,2013-09-28,2014-10-27,10-K,7512000000,USD,0001193125-14-383437,
AAPL,Income Statement,Net Income,NetIncomeLoss,2014,FY,Quarter,2013-09-29,2013-12-28,2014-10-27,10-K,13072000000,USD,0001193125-14-383437,
AAPL,Income Statement,Net Income,NetIncomeLoss,2015,FY,Quarter,2013-09-29,2013-12-28,2015-10-28,10-K,13072000000,USD,0001193125-15-356351,CY2013Q4
AAPL,Income Statement,Net Income,NetIncomeLoss,2014,FY,Quarter,2013-12-29,2014-03-29,2014-10-27,10-K,10223000000,USD,0001193125-14-383437,
AAPL,Income Statement,Net Income,NetIncomeLoss,2015,FY,Quarter,2013-12-29,2014-03-29,2015-10-28,10-K,10223000000,USD,0001193125-15-356351,CY2014Q1
AAPL,Income Statement,Net Income,NetIncomeLoss,2014,FY,Quarter,2014-03-30,2014-06-28,2014-10-27,10-K,7748000000,USD,0001193125-14-383437,
AAPL,Income Statement,Net Income,NetIncomeLoss,2015,FY,Quarter,2014-03-30,2014-06-28,2015-10-28,10-K,7748000000,USD,0001193125-15-356351,CY2014Q2
AAPL,Income Statement,Net Income,NetIncomeLoss,2014,FY,Annual,2013-09-29,2014-09-27,2014-10-27,10-K,39510000000,USD,0001193125-14-383437,
AAPL,Income Statement,Net Income,NetIncomeLoss,2015,FY,Annual,2013-09-29,2014-09-27,2015-10-28,10-K,39510000000,USD,0001193125-15-356351,
AAPL,Income Statement,Net Income,NetIncomeLoss,2016,FY,Annual,2013-09-29,2014-09-27,2016-10-26,10-K,39510000000,USD,0001628280-16-020309,CY2014
AAPL,Income Statement,Net Income,NetIncomeLoss,2014,FY,Quarter,2014-06-29,2014-09-27,2014-10-27,10-K,8467000000,USD,0001193125-14-383437,
AAPL,Income Statement,Net Income,NetIncomeLoss,2015,FY,Quarter,2014-06-29,2014-09-27,2015-10-28,10-K,8467000000,USD,0001193125-15-356351,CY2014Q3
AAPL,Income Statement,Net Income,NetIncomeLoss,2015,FY,Quarter,2014-09-28,2014-12-27,2015-10-28,10-K,18024000000,USD,0001193125-15-356351,
AAPL,Income Statement,Net Income,NetIncomeLoss,2016,FY,Quarter,2014-09-28,2014-12-27,2016-10-26,10-K,18024000000,USD,0001628280-16-020309,CY2014Q4
AAPL,Income Statement,Net Income,NetIncomeLoss,2015,FY,Quarter,2014-12-28,2015-03-28,2015-10-28,10-K,13569000000,USD,0001193125-15-356351,
AAPL,Income Statement,Net Income,NetIncomeLoss,2016,FY,Quarter,2014-12-28,2015-03-28,2016-10-26,10-K,13569000000,USD,0001628280-16-020309,CY2015Q1
AAPL,Income Statement,Net Income,NetIncomeLoss,2015,FY,Quarter,2015-03-29,2015-06-27,2015-10-28,10-K,10677000000,USD,0001193125-15-356351,
AAPL,Income Statement,Net Income,NetIncomeLoss,2016,FY,Quarter,2015-03-29,2015-06-27,2016-10-26,10-K,10677000000,USD,0001628280-16-020309,CY2015Q2
AAPL,Income Statement,Net Income,NetIncomeLoss,2015,FY,Annual,2014-09-28,2015-09-26,2015-10-28,10-K,53394000000,USD,0001193125-15-356351,
AAPL,Income Statement,Net Income,NetIncomeLoss,2016,FY,Annual,2014-09-28,2015-09-26,2016-10-26,10-K,53394000000,USD,0001628280-16-020309,
AAPL,Income Statement,Net Income,NetIncomeLoss,2017,FY,Annual,2014-09-28,2015-09-26,2017-11-03,10-K,53394000000,USD,0000320193-17-000070,CY2015
AAPL,Income Statement,Net Income,NetIncomeLoss,2015,FY,Quarter,2015-06-28,2015-09-26,2015-10-28,10-K,11124000000,USD,0001193125-15-356351,
AAPL,Income Statement,Net Income,NetIncomeLoss,2016,FY,Quarter,2015-06-28,2015-09-26,2016-10-26,10-K,11124000000,USD,0001628280-16-020309,CY2015Q3
AAPL,Income Statement,Net Income,NetIncomeLoss,2016,FY,Quarter,2015-09-27,2015-12-26,2016-10-26,10-K,18361000000,USD,0001628280-16-020309,
AAPL,Income Statement,Net Income,NetIncomeLoss,2017,FY,Quarter,2015-09-27,2015-12-26,2017-11-03,10-K,18361000000,USD,0000320193-17-000070,CY2015Q4
AAPL,Income Statement,Net Income,NetIncomeLoss,2016,FY,Quarter,2015-12-27,2016-03-26,2016-10-26,10-K,10516000000,USD,0001628280-16-020309,
AAPL,Income Statement,Net Income,NetIncomeLoss,2017,FY,Quarter,2015-12-27,2016-03-26,2017-11-03,10-K,10516000000,USD,0000320193-17-000070,CY2016Q1
AAPL,Income Statement,Net Income,NetIncomeLoss,2016,FY,Quarter,2016-03-27,2016-06-25,2016-10-26,10-K,7796000000,USD,0001628280-16-020309,
AAPL,Income Statement,Net Income,NetIncomeLoss,2017,FY,Quarter,2016-03-27,2016-06-25,2017-11-03,10-K,7796000000,USD,0000320193-17-000070,CY2016Q2
AAPL,Income Statement,Net Income,NetIncomeLoss,2016,FY,Annual,2015-09-27,2016-09-24,2016-10-26,10-K,45687000000,USD,0001628280-16-020309,
AAPL,Income Statement,Net Income,NetIncomeLoss,2017,FY,Annual,2015-09-27,2016-09-24,2017-11-03,10-K,45687000000,USD,0000320193-17-000070,
AAPL,Income Statement,Net Income,NetIncomeLoss,2018,FY,Annual,2015-09-27,2016-09-24,2018-11-05,10-K,45687000000,USD,0000320193-18-000145,CY2016
AAPL,Income Statement,Net Income,NetIncomeLoss,2016,FY,Quarter,2016-06-26,2016-09-24,2016-10-26,10-K,9014000000,USD,0001628280-16-020309,
AAPL,Income Statement,Net Income,NetIncomeLoss,2017,FY,Quarter,2016-06-26,2016-09-24,2017-11-03,10-K,9014000000,USD,0000320193-17-000070,CY2016Q3
AAPL,Income Statement,Net Income,NetIncomeLoss,2017,FY,Quarter,2016-09-25,2016-12-31,2017-11-03,10-K,17891000000,USD,0000320193-17-000070,
AAPL,Income Statement,Net Income,NetIncomeLoss,2018,FY,Quarter,2016-09-25,2016-12-31,2018-11-05,10-K,17891000000,USD,0000320193-18-000145,CY2016Q4
AAPL,Income Statement,Net Income,NetIncomeLoss,2017,FY,Quarter,2017-01-01,2017-04-01,2017-11-03,10-K,11029000000,USD,0000320193-17-000070,
AAPL,Income Statement,Net Income,NetIncomeLoss,2018,FY,Quarter,2017-01-01,2017-04-01,2018-11-05,10-K,11029000000,USD,0000320193-18-000145,CY2017Q1
AAPL,Income Statement,Net Income,NetIncomeLoss,2017,FY,Quarter,2017-04-02,2017-07-01,2017-11-03,10-K,8717000000,USD,0000320193-17-000070,
AAPL,Income Statement,Net Income,NetIncomeLoss,2018,FY,Quarter,2017-04-02,2017-07-01,2018-11-05,10-K,8717000000,USD,0000320193-18-000145,CY2017Q2
AAPL,Income Statement,Net Income,NetIncomeLoss,2017,FY,Annual,2016-09-25,2017-09-30,2017-11-03,10-K,48351000000,USD,0000320193-17-000070,
AAPL,Income Statement,Net Income,NetIncomeLoss,2018,FY,Annual,2016-09-25,2017-09-30,2018-11-05,10-K,48351000000,USD,0000320193-18-000145,
AAPL,Income Statement,Net Income,NetIncomeLoss,2019,FY,Annual,2016-09-25,2017-09-30,2019-10-31,10-K,48351000000,USD,0000320193-19-000119,CY2017
AAPL,Income Statement,Net Income,NetIncomeLoss,2017,FY,Quarter,2017-07-02,2017-09-30,2017-11-03,10-K,10714000000,USD,0000320193-17-000070,
AAPL,Income Statement,Net Income,NetIncomeLoss,2018,FY,Quarter,2017-07-02,2017-09-30,2018-11-05,10-K,10714000000,USD,0000320193-18-000145,CY2017Q3
AAPL,Income Statement,Net Income,NetIncomeLoss,2018,FY,Quarter,2017-10-01,2017-12-30,2018-11-05,10-K,20065000000,USD,0000320193-18-000145,
AAPL,Income Statement,Net Income,NetIncomeLoss,2019,FY,Quarter,2017-10-01,2017-12-30,2019-10-31,10-K,20065000000,USD,0000320193-19-000119,CY2017Q4
AAPL,Income Statement,Net Income,NetIncomeLoss,2018,FY,Quarter,2017-12-31,2018-03-31,2018-11-05,10-K,13822000000,USD,0000320193-18-000145,
AAPL,Income Statement,Net Income,NetIncomeLoss,2019,FY,Quarter,2017-12-31,2018-03-31,2019-10-31,10-K,13822000000,USD,0000320193-19-000119,CY2018Q1
AAPL,Income Statement,Net Income,NetIncomeLoss,2018,FY,Quarter,2018-04-01,2018-06-30,2018-11-05,10-K,11519000000,USD,0000320193-18-000145,
AAPL,Income Statement,Net Income,NetIncomeLoss,2019,FY,Quarter,2018-04-01,2018-06-30,2019-10-31,10-K,11519000000,USD,0000320193-19-000119,CY2018Q2
AAPL,Income Statement,Net Income,NetIncomeLoss,2018,FY,Annual,2017-10-01,2018-09-29,2018-11-05,10-K,59531000000,USD,0000320193-18-000145,
AAPL,Income Statement,Net Income,NetIncomeLoss,2019,FY,Annual,2017-10-01,2018-09-29,2019-10-31,10-K,59531000000,USD,0000320193-19-000119,
AAPL,Income Statement,Net Income,NetIncomeLoss,2020,FY,Annual,2017-10-01,2018-09-29,2020-10-30,10-K,59531000000,USD,0000320193-20-000096,CY2018
AAPL,Income Statement,Net Income,NetIncomeLoss,2018,FY,Quarter,2018-07-01,2018-09-29,2018-11-05,10-K,14125000000,USD,0000320193-18-000145,
AAPL,Income Statement,Net Income,NetIncomeLoss,2019,FY,Quarter,2018-07-01,2018-09-29,2019-10-31,10-K,14125000000,USD,0000320193-19-000119,CY2018Q3
AAPL,Income Statement,Net Income,NetIncomeLoss,2019,FY,Quarter,2018-09-30,2018-12-29,2019-10-31,10-K,19965000000,USD,0000320193-19-000119,
AAPL,Income Statement,Net Income,NetIncomeLoss,2020,FY,Quarter,2018-09-30,2018-12-29,2020-10-30,10-K,19965000000,USD,0000320193-20-000096,CY2018Q4
AAPL,Income Statement,Net Income,NetIncomeLoss,2019,FY,Quarter,2018-12-30,2019-03-30,2019-10-31,10-K,11561000000,USD,0000320193-19-000119,
AAPL,Income Statement,Net Income,NetIncomeLoss,2020,FY,Quarter,2018-12-30,2019-03-30,2020-10-30,10-K,11561000000,USD,0000320193-20-000096,CY2019Q1
AAPL,Income Statement,Net Income,NetIncomeLoss,2019,FY,Quarter,2019-03-31,2019-06-29,2019-10-31,10-K,10044000000,USD,0000320193-19-000119,
AAPL,Income Statement,Net Income,NetIncomeLoss,2020,FY,Quarter,2019-03-31,2019-06-29,2020-10-30,10-K,10044000000,USD,0000320193-20-000096,CY2019Q2
AAPL,Income Statement,Net Income,NetIncomeLoss,2019,FY,Annual,2018-09-30,2019-09-28,2019-10-31,10-K,55256000000,USD,0000320193-19-000119,
AAPL,Income Statement,Net Income,NetIncomeLoss,2020,FY,Annual,2018-09-30,2019-09-28,2020-10-30,10-K,55256000000,USD,0000320193-20-000096,
AAPL,Income Statement,Net Income,NetIncomeLoss,2021,FY,Annual,2018-09-30,2019-09-28,2021-10-29,10-K,55256000000,USD,0000320193-21-000105,CY2019
AAPL,Income Statement,Net Income,NetIncomeLoss,2019,FY,Quarter,2019-06-30,2019-09-28,2019-10-31,10-K,13686000000,USD,0000320193-19-000119,
AAPL,Income Statement,Net Income,NetIncomeLoss,2020,FY,Quarter,2019-06-30,2019-09-28,2020-10-30,10-K,13686000000,USD,0000320193-20-000096,CY2019Q3
AAPL,Income Statement,Net Income,NetIncomeLoss,2020,FY,Quarter,2019-09-29,2019-12-28,2020-10-30,10-K,22236000000,USD,0000320193-20-000096,
AAPL,Income Statement,Net Income,NetIncomeLoss,2020,FY,Quarter,2019-12-29,2020-03-28,2020-10-30,10-K,11249000000,USD,0000320193-20-000096,
AAPL,Income Statement,Net Income,NetIncomeLoss,2020,FY,Quarter,2020-03-29,2020-06-27,2020-10-30,10-K,11253000000,USD,0000320193-20-000096,
AAPL,Income Statement,Net Income,NetIncomeLoss,2020,FY,Annual,2019-09-29,2020-09-26,2020-10-30,10-K,57411000000,USD,0000320193-20-000096,
AAPL,Income Statement,Net Income,NetIncomeLoss,2021,FY,Annual,2019-09-29,2020-09-26,2021-10-29,10-K,57411000000,USD,0000320193-21-000105,
AAPL,Income Statement,Net Income,NetIncomeLoss,2022,FY,Annual,2019-09-29,2020-09-26,2022-10-28,10-K,57411000000,USD,0000320193-22-000108,CY2020
AAPL,Income Statement,Net Income,NetIncomeLoss,2020,FY,Quarter,2020-06-28,2020-09-26,2020-10-30,10-K,12673000000,USD,0000320193-20-000096,CY2020Q3
AAPL,Income Statement,Net Income,NetIncomeLoss,2021,FY,Annual,2020-09-27,2021-09-25,2021-10-29,10-K,94680000000,USD,0000320193-21-000105,
AAPL,Income Statement,Net Income,NetIncomeLoss,2022,FY,Annual,2020-09-27,2021-09-25,2022-10-28,10-K,94680000000,USD,0000320193-22-000108,
AAPL,Income Statement,Net Income,NetIncomeLoss,2023,FY,Annual,2020-09-27,2021-09-25,2023-11-03,10-K,94680000000,USD,0000320193-23-000106,CY2021
AAPL,Income Statement,Net Income,NetIncomeLoss,2022,FY,Annual,2021-09-26,2022-09-24,2022-10-28,10-K,99803000000,USD,0000320193-22-000108,
AAPL,Income Statement,Net Income,NetIncomeLoss,2023,FY,Annual,2021-09-26,2022-09-24,2023-11-03,10-K,99803000000,USD,0000320193-23-000106,
AAPL,Income Statement,Net Income,NetIncomeLoss,2024,FY,Annual,2021-09-26,2022-09-24,2024-11-01,10-K,99803000000,USD,0000320193-24-000123,CY2022
AAPL,Income Statement,Net Income,NetIncomeLoss,2023,FY,Annual,2022-09-25,2023-09-30,2023-11-03,10-K,96995000000,USD,0000320193-23-000106,
AAPL,Income Statement,Net Income,NetIncomeLoss,2024,FY,Annual,2022-09-25,2023-09-30,2024-11-01,10-K,96995000000,USD,0000320193-24-000123,
AAPL,Income Statement,Net Income,NetIncomeLoss,2025,FY,Annual,2022-09-25,2023-09-30,2025-10-31,10-K,96995000000,USD,0000320193-25-000079,CY2023
AAPL,Income Statement,Net Income,NetIncomeLoss,2024,FY,Annual,2023-10-01,2024-09-28,2024-11-01,10-K,93736000000,USD,0000320193-24-000123,
AAPL,Income Statement,Net Income,NetIncomeLoss,2025,FY,Annual,2023-10-01,2024-09-28,2025-10-31,10-K,93736000000,USD,0000320193-25-000079,CY2024
AAPL,Income Statement,Net Income,NetIncomeLoss,2025,FY,Annual,2024-09-29,2025-09-27,2025-10-31,10-K,112010000000,USD,0000320193-25-000079,CY2025
AAPL,Income Statement,Net Income,NetIncomeLoss,2010,Q1,Quarter,2008-09-28,2008-12-27,2010-01-25,10-Q,2255000000,USD,0001193125-10-012085,
AAPL,Income Statement,Net Income,NetIncomeLoss,2010,Q1,Quarter,2009-09-27,2009-12-26,2010-01-25,10-Q,3378000000,USD,0001193125-10-012085,
AAPL,Income Statement,Net Income,NetIncomeLoss,2011,Q1,Quarter,2009-09-27,2009-12-26,2011-01-19,10-Q,3378000000,USD,0001193125-11-010144,
AAPL,Income Statement,Net Income,NetIncomeLoss,2011,Q1,Quarter,2010-09-26,2010-12-25,2011-01-19,10-Q,6004000000,USD,0001193125-11-010144,
AAPL,Income Statement,Net Income,NetIncomeLoss,2012,Q1,Quarter,2010-09-26,2010-12-25,2012-01-25,10-Q,6004000000,USD,0001193125-12-023398,
AAPL,Income Statement,Net Income,NetIncomeLoss,2012,Q1,Quarter,2011-09-25,2011-12-31,2012-01-25,10-Q,13064000000,USD,0001193125-12-023398,
AAPL,Income Statement,Net Income,NetIncomeLoss,2013,Q1,Quarter,2011-09-25,2011-12-31,2013-01-24,10-Q,13064000000,USD,0001193125-13-022339,
AAPL,Income Statement,Net Income,NetIncomeLoss,2013,Q1,Quarter,2012-09-30,2012-12-29,2013-01-24,10-Q,13078000000,USD,0001193125-13-022339,
AAPL,Income Statement,Net Income,NetIncomeLoss,2014,Q1,Quarter,2012-09-30,2012-12-29,2014-01-28,10-Q,13078000000,USD,0001193125-14-024487,
AAPL,Income Statement,Net Income,NetIncomeLoss,2014,Q1,Quarter,2013-09-29,2013-12-28,2014-01-28,10-Q,13072000000,USD,0001193125-14-024487,
AAPL,Income Statement,Net Income,NetIncomeLoss,2015,Q1,Quarter,2013-09-29,2013-12-28,2015-01-28,10-Q,13072000000,USD,0001193125-15-023697,
AAPL,Income Statement,Net Income,NetIncomeLoss,2015,Q1,Quarter,2014-09-28,2014-12-27,2015-01-28,10-Q,18024000000,USD,0001193125-15-023697,
AAPL,Income Statement,Net Income,NetIncomeLoss,2016,Q1,Quarter,2014-09-28,2014-12-27,2016-01-27,10-Q,18024000000,USD,0001193125-16-439878,
AAPL,Income Statement,Net Income,NetIncomeLoss,2016,Q1,Quarter,2015-09-27,2015-12-26,2016-01-27,10-Q,18361000000,USD,0001193125-16-439878,
AAPL,Income Statement,Net Income,NetIncomeLoss,2017,Q1,Quarter,2015-09-27,2015-12-26,2017-02-01,10-Q,18361000000,USD,0001628280-17-000717,
AAPL,Income Statement,Net Income,NetIncomeLoss,2017,Q1,Quarter,2016-09-25,2016-12-31,2017-02-01,10-Q,17891000000,USD,0001628280-17-000717,
AAPL,Income Statement,Net Income,NetIncomeLoss,2018,Q1,Quarter,2016-09-25,2016-12-31,2018-02-02,10-Q,17891000000,USD,0000320193-18-000007,
AAPL,Income Statement,Net Income,NetIncomeLoss,2018,Q1,Quarter,2017-10-01,2017-12-30,2018-02-02,10-Q,20065000000,USD,0000320193-18-000007,
AAPL,Income Statement,Net Income,NetIncomeLoss,2019,Q1,Quarter,2017-10-01,2017-12-30,2019-01-30,10-Q,20065000000,USD,0000320193-19-000010,
AAPL,Income Statement,Net Income,NetIncomeLoss,2019,Q1,Quarter,2018-09-30,2018-12-29,2019-01-30,10-Q,19965000000,USD,0000320193-19-000010,
AAPL,Income Statement,Net Income,NetIncomeLoss,2020,Q1,Quarter,2018-09-30,2018-12-29,2020-01-29,10-Q,19965000000,USD,0000320193-20-000010,
AAPL,Income Statement,Net Income,NetIncomeLoss,2020,Q1,Quarter,2019-09-29,2019-12-28,2020-01-29,10-Q,22236000000,USD,0000320193-20-000010,
AAPL,Income Statement,Net Income,NetIncomeLoss,2021,Q1,Quarter,2019-09-29,2019-12-28,2021-01-28,10-Q,22236000000,USD,0000320193-21-000010,CY2019Q4
AAPL,Income Statement,Net Income,NetIncomeLoss,2021,Q1,Quarter,2020-09-27,2020-12-26,2021-01-28,10-Q,28755000000,USD,0000320193-21-000010,
AAPL,Income Statement,Net Income,NetIncomeLoss,2022,Q1,Quarter,2020-09-27,2020-12-26,2022-01-28,10-Q,28755000000,USD,0000320193-22-000007,CY2020Q4
AAPL,Income Statement,Net Income,NetIncomeLoss,2022,Q1,Quarter,2021-09-26,2021-12-25,2022-01-28,10-Q,34630000000,USD,0000320193-22-000007,
AAPL,Income Statement,Net Income,NetIncomeLoss,2023,Q1,Quarter,2021-09-26,2021-12-25,2023-02-03,10-Q,34630000000,USD,0000320193-23-000006,CY2021Q4
AAPL,Income Statement,Net Income,NetIncomeLoss,2023,Q1,Quarter,2022-09-25,2022-12-31,2023-02-03,10-Q,29998000000,USD,0000320193-23-000006,
AAPL,Income Statement,Net Income,NetIncomeLoss,2024,Q1,Quarter,2022-09-25,2022-12-31,2024-02-02,10-Q,29998000000,USD,0000320193-24-000006,CY2022Q4
AAPL,Income Statement,Net Income,NetIncomeLoss,2024,Q1,Quarter,2023-10-01,2023-12-30,2024-02-02,10-Q,33916000000,USD,0000320193-24-000006,
AAPL,Income Statement,Net Income,NetIncomeLoss,2025,Q1,Quarter,2023-10-01,2023-12-30,2025-01-31,10-Q,33916000000,USD,0000320193-25-000008,CY2023Q4
AAPL,Income Statement,Net Income,NetIncomeLoss,2025,Q1,Quarter,2024-09-29,2024-12-28,2025-01-31,10-Q,36330000000,USD,0000320193-25-000008,
AAPL,Income Statement,Net Income,NetIncomeLoss,2026,Q1,Quarter,2024-09-29,2024-12-28,2026-01-30,10-Q,36330000000,USD,0000320193-26-000006,CY2024Q4
AAPL,Income Statement,Net Income,NetIncomeLoss,2026,Q1,Quarter,2025-09-28,2025-12-27,2026-01-30,10-Q,42097000000,USD,0000320193-26-000006,CY2025Q4
AAPL,Income Statement,Net Income,NetIncomeLoss,2010,Q2,YTD,2008-09-28,2009-03-28,2010-04-21,10-Q,3875000000,USD,0001193125-10-088957,
AAPL,Income Statement,Net Income,NetIncomeLoss,2010,Q2,Quarter,2008-12-28,2009-03-28,2010-04-21,10-Q,1620000000,USD,0001193125-10-088957,
AAPL,Income Statement,Net Income,NetIncomeLoss,2010,Q2,YTD,2009-09-27,2010-03-27,2010-04-21,10-Q,6452000000,USD,0001193125-10-088957,
AAPL,Income Statement,Net Income,NetIncomeLoss,2011,Q2,YTD,2009-09-27,2010-03-27,2011-04-21,10-Q,6452000000,USD,0001193125-11-104388,
AAPL,Income Statement,Net Income,NetIncomeLoss,2010,Q2,Quarter,2009-12-27,2010-03-27,2010-04-21,10-Q,3074000000,USD,0001193125-10-088957,
AAPL,Income Statement,Net Income,NetIncomeLoss,2011,Q2,Quarter,2009-12-27,2010-03-27,2011-04-21,10-Q,3074000000,USD,0001193125-11-104388,
AAPL,Income Statement,Net Income,NetIncomeLoss,2011,Q2,YTD,2010-09-26,2011-03-26,2011-04-21,10-Q,11991000000,USD,0001193125-11-104388,
AAPL,Income Statement,Net Income,NetIncomeLoss,2012,Q2,YTD,2010-09-26,2011-03-26,2012-04-25,10-Q,11991000000,USD,0001193125-12-182321,
AAPL,Income Statement,Net Income,NetIncomeLoss,2011,Q2,Quarter,2010-12-26,2011-03-26,2011-04-21,10-Q,5987000000,USD,0001193125-11-104388,
AAPL,Income Statement,Net Income,NetIncomeLoss,2012,Q2,Quarter,2010-12-26,2011-03-26,2012-04-25,10-Q,5987000000,USD,0001193125-12-182321,
AAPL,Income Statement,Net Income,NetIncomeLoss,2012,Q2,YTD,2011-09-25,2012-03-31,2012-04-25,10-Q,24686000000,USD,0001193125-12-182321,
AAPL,Income Statement,Net Income,NetIncomeLoss,2013,Q2,YTD,2011-09-25,2012-03-31,2013-04-24,10-Q,24686000000,USD,0001193125-13-168288,
AAPL,Income Statement,Net Income,NetIncomeLoss,2012,Q2,Quarter,2012-01-01,2012-03-31,2012-04-25,10-Q,11622000000,USD,0001193125-12-182321,
AAPL,Income Statement,Net Income,NetIncomeLoss,2013,Q2,Quarter,2012-01-01,2012-03-31,2013-04-24,10-Q,11622000000,USD,0001193125-13-168288,
AAPL,Income Statement,Net Income,NetIncomeLoss,2013,Q2,YTD,2012-09-30,2013-03-30,2013-04-24,10-Q,22625000000,USD,0001193125-13-168288,
AAPL,Income Statement,Net Income,NetIncomeLoss,2014,Q2,YTD,2012-09-30,2013-03-30,2014-04-24,10-Q,22625000000,USD,0001193125-14-157311,
AAPL,Income Statement,Net Income,NetIncomeLoss,2013,Q2,Quarter,2012-12-30,2013-03-30,2013-04-24,10-Q,9547000000,USD,0001193125-13-168288,
AAPL,Income Statement,Net Income,NetIncomeLoss,2014,Q2,Quarter,2012-12-30,2013-03-30,2014-04-24,10-Q,9547000000,USD,0001193125-14-157311,
AAPL,Income Statement,Net Income,NetIncomeLoss,2014,Q2,YTD,2013-09-29,2014-03-29,2014-04-24,10-Q,23295000000,USD,0001193125-14-157311,
AAPL,Income Statement,Net Income,NetIncomeLoss,2015,Q2,YTD,2013-09-29,2014-03-29,2015-04-28,10-Q,23295000000,USD,0001193125-15-153166,
AAPL,Income Statement,Net Income,NetIncomeLoss,2014,Q2,Quarter,2013-12-29,2014-03-29,2014-04-24,10-Q,10223000000,USD,0001193125-14-157311,
AAPL,Income Statement,Net Income,NetIncomeLoss,2015,Q2,Quarter,2013-12-29,2014-03-29,2015-04-28,10-Q,10223000000,USD,0001193125-15-153166,
AAPL,Income Statement,Net Income,NetIncomeLoss,2015,Q2,YTD,2014-09-28,2015-03-28,2015-04-28,10-Q,31593000000,USD,0001193125-15-153166,
AAPL,Income Statement,Net Income,NetIncomeLoss,2016,Q2,YTD,2014-09-28,2015-03-28,2016-04-27,10-Q,31593000000,USD,0001193125-16-559625,
AAPL,Income Statement,Net Income,NetIncomeLoss,2015,Q2,Quarter,2014-12-28,2015-03-28,2015-04-28,10-Q,13569000000,USD,0001193125-15-153166,
AAPL,Income Statement,Net Income,NetIncomeLoss,2016,Q2,Quarter,2014-12-28,2015-03-28,2016-04-27,10-Q,13569000000,USD,0001193125-16-559625,
AAPL,Income Statement,Net Income,NetIncomeLoss,2016,Q2,YTD,2015-09-27,2016-03-26,2016-04-27,10-Q,28877000000,USD,0001193125-16-559625,
AAPL,Income Statement,Net Income,NetIncomeLoss,2017,Q2,YTD,2015-09-27,2016-03-26,2017-05-03,10-Q,28877000000,USD,0001628280-17-004790,
AAPL,Income Statement,Net Income,NetIncomeLoss,2016,Q2,Quarter,2015-12-27,2016-03-26,2016-04-27,10-Q,10516000000,USD,0001193125-16-559625,
AAPL,Income Statement,Net Income,NetIncomeLoss,2017,Q2,Quarter,2015-12-27,2016-03-26,2017-05-03,10-Q,10516000000,USD,0001628280-17-004790,
AAPL,Income Statement,Net Income,NetIncomeLoss,2017,Q2,YTD,2016-09-25,2017-04-01,2017-05-03,10-Q,28920000000,USD,0001628280-17-004790,
AAPL,Income Statement,Net Income,NetIncomeLoss,2018,Q2,YTD,2016-09-25,2017-04-01,2018-05-02,10-Q,28920000000,USD,0000320193-18-000070,
AAPL,Income Statement,Net Income,NetIncomeLoss,2017,Q2,Quarter,2017-01-01,2017-04-01,2017-05-03,10-Q,11029000000,USD,0001628280-17-004790,
AAPL,Income Statement,Net Income,NetIncomeLoss,2018,Q2,Quarter,2017-01-01,2017-04-01,2018-05-02,10-Q,11029000000,USD,0000320193-18-000070,
AAPL,Income Statement,Net Income,NetIncomeLoss,2018,Q2,YTD,2017-10-01,2018-03-31,2018-05-02,10-Q,33887000000,USD,0000320193-18-000070,
AAPL,Income Statement,Net Income,NetIncomeLoss,2019,Q2,YTD,2017-10-01,2018-03-31,2019-05-01,10-Q,33887000000,USD,0000320193-19-000066,
AAPL,Income Statement,Net Income,NetIncomeLoss,2018,Q2,Quarter,2017-12-31,2018-03-31,2018-05-02,10-Q,13822000000,USD,0000320193-18-000070,
AAPL,Income Statement,Net Income,NetIncomeLoss,2019,Q2,Quarter,2017-12-31,2018-03-31,2019-05-01,10-Q,13822000000,USD,0000320193-19-000066,
AAPL,Income Statement,Net Income,NetIncomeLoss,2019,Q2,YTD,2018-09-30,2019-03-30,2019-05-01,10-Q,31526000000,USD,0000320193-19-000066,
AAPL,Income Statement,Net Income,NetIncomeLoss,2020,Q2,YTD,2018-09-30,2019-03-30,2020-05-01,10-Q,31526000000,USD,0000320193-20-000052,
AAPL,Income Statement,Net Income,NetIncomeLoss,2019,Q2,Quarter,2018-12-30,2019-03-30,2019-05-01,10-Q,11561000000,USD,0000320193-19-000066,
AAPL,Income Statement,Net Income,NetIncomeLoss,2020,Q2,Quarter,2018-12-30,2019-03-30,2020-05-01,10-Q,11561000000,USD,0000320193-20-000052,
AAPL,Income Statement,Net Income,NetIncomeLoss,2020,Q2,YTD,2019-09-29,2020-03-28,2020-05-01,10-Q,33485000000,USD,0000320193-20-000052,
AAPL,Income Statement,Net Income,NetIncomeLoss,2021,Q2,YTD,2019-09-29,2020-03-28,2021-04-29,10-Q,33485000000,USD,0000320193-21-000056,
AAPL,Income Statement,Net Income,NetIncomeLoss,2020,Q2,Quarter,2019-12-29,2020-03-28,2020-05-01,10-Q,11249000000,USD,0000320193-20-000052,
AAPL,Income Statement,Net Income,NetIncomeLoss,2021,Q2,Quarter,2019-12-29,2020-03-28,2021-04-29,10-Q,11249000000,USD,0000320193-21-000056,CY2020Q1
AAPL,Income Statement,Net Income,NetIncomeLoss,2021,Q2,YTD,2020-09-27,2021-03-27,2021-04-29,10-Q,52385000000,USD,0000320193-21-000056,
AAPL,Income Statement,Net Income,NetIncomeLoss,2022,Q2,YTD,2020-09-27,2021-03-27,2022-04-29,10-Q,52385000000,USD,0000320193-22-000059,
AAPL,Income Statement,Net Income,NetIncomeLoss,2021,Q2,Quarter,2020-12-27,2021-03-27,2021-04-29,10-Q,23630000000,USD,0000320193-21-000056,
AAPL,Income Statement,Net Income,NetIncomeLoss,2022,Q2,Quarter,2020-12-27,2021-03-27,2022-04-29,10-Q,23630000000,USD,0000320193-22-000059,CY2021Q1
AAPL,Income Statement,Net Income,NetIncomeLoss,2022,Q2,YTD,2021-09-26,2022-03-26,2022-04-29,10-Q,59640000000,USD,0000320193-22-000059,
AAPL,Income Statement,Net Income,NetIncomeLoss,2023,Q2,YTD,2021-09-26,2022-03-26,2023-05-05,10-Q,59640000000,USD,0000320193-23-000064,
AAPL,Income Statement,Net Income,NetIncomeLoss,2022,Q2,Quarter,2021-12-26,2022-03-26,2022-04-29,10-Q,25010000000,USD,0000320193-22-000059,
AAPL,Income Statement,Net Income,NetIncomeLoss,2023,Q2,Quarter,2021-12-26,2022-03-26,2023-05-05,10-Q,25010000000,USD,0000320193-23-000064,CY2022Q1
AAPL,Income Statement,Net Income,NetIncomeLoss,2023,Q2,YTD,2022-09-25,2023-04-01,2023-05-05,10-Q,54158000000,USD,0000320193-23-000064,
AAPL,Income Statement,Net Income,NetIncomeLoss,2024,Q2,YTD,2022-09-25,2023-04-01,2024-05-03,10-Q,54158000000,USD,0000320193-24-000069,
AAPL,Income Statement,Net Income,NetIncomeLoss,2023,Q2,Quarter,2023-01-01,2023-04-01,2023-05-05,10-Q,24160000000,USD,0000320193-23-000064,
AAPL,Income Statement,Net Income,NetIncomeLoss,2024,Q2,Quarter,2023-01-01,2023-04-01,2024-05-03,10-Q,24160000000,USD,0000320193-24-000069,CY2023Q1
AAPL,Income Statement,Net Income,NetIncomeLoss,2024,Q2,YTD,2023-10-01,2024-03-30,2024-05-03,10-Q,57552000000,USD,0000320193-24-000069,
AAPL,Income Statement,Net Income,NetIncomeLoss,2025,Q2,YTD,2023-10-01,2024-03-30,2025-05-02,10-Q,57552000000,USD,0000320193-25-000057,
AAPL,Income Statement,Net Income,NetIncomeLoss,2024,Q2,Quarter,2023-12-31,2024-03-30,2024-05-03,10-Q,23636000000,USD,0000320193-24-000069,
AAPL,Income Statement,Net Income,NetIncomeLoss,2025,Q2,Quarter,2023-12-31,2024-03-30,2025-05-02,10-Q,23636000000,USD,0000320193-25-000057,CY2024Q1
AAPL,Income Statement,Net Income,NetIncomeLoss,2025,Q2,YTD,2024-09-29,2025-03-29,2025-05-02,10-Q,61110000000,USD,0000320193-25-000057,
AAPL,Income Statement,Net Income,NetIncomeLoss,2026,Q2,YTD,2024-09-29,2025-03-29,2026-05-01,10-Q,61110000000,USD,0000320193-26-000013,
AAPL,Income Statement,Net Income,NetIncomeLoss,2025,Q2,Quarter,2024-12-29,2025-03-29,2025-05-02,10-Q,24780000000,USD,0000320193-25-000057,
AAPL,Income Statement,Net Income,NetIncomeLoss,2026,Q2,Quarter,2024-12-29,2025-03-29,2026-05-01,10-Q,24780000000,USD,0000320193-26-000013,CY2025Q1
AAPL,Income Statement,Net Income,NetIncomeLoss,2026,Q2,YTD,2025-09-28,2026-03-28,2026-05-01,10-Q,71675000000,USD,0000320193-26-000013,
AAPL,Income Statement,Net Income,NetIncomeLoss,2026,Q2,Quarter,2025-12-28,2026-03-28,2026-05-01,10-Q,29578000000,USD,0000320193-26-000013,CY2026Q1
AAPL,Income Statement,Net Income,NetIncomeLoss,2009,Q3,Annual,2007-09-30,2008-06-28,2009-07-22,10-Q,3698000000,USD,0001193125-09-153165,
AAPL,Income Statement,Net Income,NetIncomeLoss,2009,Q3,Quarter,2008-03-30,2008-06-28,2009-07-22,10-Q,1072000000,USD,0001193125-09-153165,CY2008Q2
AAPL,Income Statement,Net Income,NetIncomeLoss,2009,Q3,Annual,2008-09-28,2009-06-27,2009-07-22,10-Q,4039000000,USD,0001193125-09-153165,
AAPL,Income Statement,Net Income,NetIncomeLoss,2010,Q3,Annual,2008-09-28,2009-06-27,2010-07-21,10-Q,5703000000,USD,0001193125-10-162840,
AAPL,Income Statement,Net Income,NetIncomeLoss,2009,Q3,Quarter,2009-03-29,2009-06-27,2009-07-22,10-Q,1229000000,USD,0001193125-09-153165,
AAPL,Income Statement,Net Income,NetIncomeLoss,2010,Q3,Quarter,2009-03-29,2009-06-27,2010-07-21,10-Q,1828000000,USD,0001193125-10-162840,
AAPL,Income Statement,Net Income,NetIncomeLoss,2010,Q3,Annual,2009-09-27,2010-06-26,2010-07-21,10-Q,9705000000,USD,0001193125-10-162840,
AAPL,Income Statement,Net Income,NetIncomeLoss,2011,Q3,Annual,2009-09-27,2010-06-26,2011-07-20,10-Q,9705000000,USD,0001193125-11-192493,
AAPL,Income Statement,Net Income,NetIncomeLoss,2010,Q3,Quarter,2010-03-28,2010-06-26,2010-07-21,10-Q,3253000000,USD,0001193125-10-162840,
AAPL,Income Statement,Net Income,NetIncomeLoss,2011,Q3,Quarter,2010-03-28,2010-06-26,2011-07-20,10-Q,3253000000,USD,0001193125-11-192493,
AAPL,Income Statement,Net Income,NetIncomeLoss,2011,Q3,Annual,2010-09-26,2011-06-25,2011-07-20,10-Q,19299000000,USD,0001193125-11-192493,
AAPL,Income Statement,Net Income,NetIncomeLoss,2012,Q3,Annual,2010-09-26,2011-06-25,2012-07-25,10-Q,19299000000,USD,0001193125-12-314552,
AAPL,Income Statement,Net Income,NetIncomeLoss,2011,Q3,Quarter,2011-03-27,2011-06-25,2011-07-20,10-Q,7308000000,USD,0001193125-11-192493,
AAPL,Income Statement,Net Income,NetIncomeLoss,2012,Q3,Quarter,2011-03-27,2011-06-25,2012-07-25,10-Q,7308000000,USD,0001193125-12-314552,
AAPL,Income Statement,Net Income,NetIncomeLoss,2012,Q3,Annual,2011-09-25,2012-06-30,2012-07-25,10-Q,33510000000,USD,0001193125-12-314552,
AAPL,Income Statement,Net Income,NetIncomeLoss,2013,Q3,Annual,2011-09-25,2012-06-30,2013-07-24,10-Q,33510000000,USD,0001193125-13-300670,
AAPL,Income Statement,Net Income,NetIncomeLoss,2012,Q3,Quarter,2012-04-01,2012-06-30,2012-07-25,10-Q,8824000000,USD,0001193125-12-314552,
AAPL,Income Statement,Net Income,NetIncomeLoss,2013,Q3,Quarter,2012-04-01,2012-06-30,2013-07-24,10-Q,8824000000,USD,0001193125-13-300670,
AAPL,Income Statement,Net Income,NetIncomeLoss,2013,Q3,Annual,2012-09-30,2013-06-29,2013-07-24,10-Q,29525000000,USD,0001193125-13-300670,
AAPL,Income Statement,Net Income,NetIncomeLoss,2014,Q3,Annual,2012-09-30,2013-06-29,2014-07-23,10-Q,29525000000,USD,0001193125-14-277160,
AAPL,Income Statement,Net Income,NetIncomeLoss,2013,Q3,Quarter,2013-03-31,2013-06-29,2013-07-24,10-Q,6900000000,USD,0001193125-13-300670,
AAPL,Income Statement,Net Income,NetIncomeLoss,2014,Q3,Quarter,2013-03-31,2013-06-29,2014-07-23,10-Q,6900000000,USD,0001193125-14-277160,
AAPL,Income Statement,Net Income,NetIncomeLoss,2014,Q3,Annual,2013-09-29,2014-06-28,2014-07-23,10-Q,31043000000,USD,0001193125-14-277160,
AAPL,Income Statement,Net Income,NetIncomeLoss,2015,Q3,Annual,2013-09-29,2014-06-28,2015-07-22,10-Q,31043000000,USD,0001193125-15-259935,
AAPL,Income Statement,Net Income,NetIncomeLoss,2014,Q3,Quarter,2014-03-30,2014-06-28,2014-07-23,10-Q,7748000000,USD,0001193125-14-277160,
AAPL,Income Statement,Net Income,NetIncomeLoss,2015,Q3,Quarter,2014-03-30,2014-06-28,2015-07-22,10-Q,7748000000,USD,0001193125-15-259935,
AAPL,Income Statement,Net Income,NetIncomeLoss,2015,Q3,Annual,2014-09-28,2015-06-27,2015-07-22,10-Q,42270000000,USD,0001193125-15-259935,
AAPL,Income Statement,Net Income,NetIncomeLoss,2016,Q3,Annual,2014-09-28,2015-06-27,2016-07-27,10-Q,42270000000,USD,0001628280-16-017809,
AAPL,Income Statement,Net Income,NetIncomeLoss,2015,Q3,Quarter,2015-03-29,2015-06-27,2015-07-22,10-Q,10677000000,USD,0001193125-15-259935,
AAPL,Income Statement,Net Income,NetIncomeLoss,2016,Q3,Quarter,2015-03-29,2015-06-27,2016-07-27,10-Q,10677000000,USD,0001628280-16-017809,
AAPL,Income Statement,Net Income,NetIncomeLoss,2016,Q3,Annual,2015-09-27,2016-06-25,2016-07-27,10-Q,36673000000,USD,0001628280-16-017809,
AAPL,Income Statement,Net Income,NetIncomeLoss,2017,Q3,Annual,2015-09-27,2016-06-25,2017-08-02,10-Q,36673000000,USD,0000320193-17-000009,
AAPL,Income Statement,Net Income,NetIncomeLoss,2016,Q3,Quarter,2016-03-27,2016-06-25,2016-07-27,10-Q,7796000000,USD,0001628280-16-017809,
AAPL,Income Statement,Net Income,NetIncomeLoss,2017,Q3,Quarter,2016-03-27,2016-06-25,2017-08-02,10-Q,7796000000,USD,0000320193-17-000009,
AAPL,Income Statement,Net Income,NetIncomeLoss,2017,Q3,Annual,2016-09-25,2017-07-01,2017-08-02,10-Q,37637000000,USD,0000320193-17-000009,
AAPL,Income Statement,Net Income,NetIncomeLoss,2018,Q3,Annual,2016-09-25,2017-07-01,2018-08-01,10-Q,37637000000,USD,0000320193-18-000100,
AAPL,Income Statement,Net Income,NetIncomeLoss,2017,Q3,Quarter,2017-04-02,2017-07-01,2017-08-02,10-Q,8717000000,USD,0000320193-17-000009,
AAPL,Income Statement,Net Income,NetIncomeLoss,2018,Q3,Quarter,2017-04-02,2017-07-01,2018-08-01,10-Q,8717000000,USD,0000320193-18-000100,
AAPL,Income Statement,Net Income,NetIncomeLoss,2018,Q3,Annual,2017-10-01,2018-06-30,2018-08-01,10-Q,45406000000,USD,0000320193-18-000100,
AAPL,Income Statement,Net Income,NetIncomeLoss,2019,Q3,Annual,2017-10-01,2018-06-30,2019-07-31,10-Q,45406000000,USD,0000320193-19-000076,
AAPL,Income Statement,Net Income,NetIncomeLoss,2018,Q3,Quarter,2018-04-01,2018-06-30,2018-08-01,10-Q,11519000000,USD,0000320193-18-000100,
AAPL,Income Statement,Net Income,NetIncomeLoss,2019,Q3,Quarter,2018-04-01,2018-06-30,2019-07-31,10-Q,11519000000,USD,0000320193-19-000076,
AAPL,Income Statement,Net Income,NetIncomeLoss,2019,Q3,Annual,2018-09-30,2019-06-29,2019-07-31,10-Q,41570000000,USD,0000320193-19-000076,
AAPL,Income Statement,Net Income,NetIncomeLoss,2020,Q3,Annual,2018-09-30,2019-06-29,2020-07-31,10-Q,41570000000,USD,0000320193-20-000062,
AAPL,Income Statement,Net Income,NetIncomeLoss,2019,Q3,Quarter,2019-03-31,2019-06-29,2019-07-31,10-Q,10044000000,USD,0000320193-19-000076,
AAPL,Income Statement,Net Income,NetIncomeLoss,2020,Q3,Quarter,2019-03-31,2019-06-29,2020-07-31,10-Q,10044000000,USD,0000320193-20-000062,
AAPL,Income Statement,Net Income,NetIncomeLoss,2020,Q3,Annual,2019-09-29,2020-06-27,2020-07-31,10-Q,44738000000,USD,0000320193-20-000062,
AAPL,Income Statement,Net Income,NetIncomeLoss,2021,Q3,Annual,2019-09-29,2020-06-27,2021-07-28,10-Q,44738000000,USD,0000320193-21-000065,
AAPL,Income Statement,Net Income,NetIncomeLoss,2020,Q3,Quarter,2020-03-29,2020-06-27,2020-07-31,10-Q,11253000000,USD,0000320193-20-000062,
AAPL,Income Statement,Net Income,NetIncomeLoss,2021,Q3,Quarter,2020-03-29,2020-06-27,2021-07-28,10-Q,11253000000,USD,0000320193-21-000065,CY2020Q2
AAPL,Income Statement,Net Income,NetIncomeLoss,2021,Q3,Annual,2020-09-27,2021-06-26,2021-07-28,10-Q,74129000000,USD,0000320193-21-000065,
AAPL,Income Statement,Net Income,NetIncomeLoss,2022,Q3,Annual,2020-09-27,2021-06-26,2022-07-29,10-Q,74129000000,USD,0000320193-22-000070,
AAPL,Income Statement,Net Income,NetIncomeLoss,2021,Q3,Quarter,2021-03-28,2021-06-26,2021-07-28,10-Q,21744000000,USD,0000320193-21-000065,
AAPL,Income Statement,Net Income,NetIncomeLoss,2022,Q3,Quarter,2021-03-28,2021-06-26,2022-07-29,10-Q,21744000000,USD,0000320193-22-000070,CY2021Q2
AAPL,Income Statement,Net Income,NetIncomeLoss,2022,Q3,Annual,2021-09-26,2022-06-25,2022-07-29,10-Q,79082000000,USD,0000320193-22-000070,
AAPL,Income Statement,Net Income,NetIncomeLoss,2023,Q3,Annual,2021-09-26,2022-06-25,2023-08-04,10-Q,79082000000,USD,0000320193-23-000077,
AAPL,Income Statement,Net Income,NetIncomeLoss,2022,Q3,Quarter,2022-03-27,2022-06-25,2022-07-29,10-Q,19442000000,USD,0000320193-22-000070,
AAPL,Income Statement,Net Income,NetIncomeLoss,2023,Q3,Quarter,2022-03-27,2022-06-25,2023-08-04,10-Q,19442000000,USD,0000320193-23-000077,CY2022Q2
AAPL,Income Statement,Net Income,NetIncomeLoss,2023,Q3,Annual,2022-09-25,2023-07-01,2023-08-04,10-Q,74039000000,USD,0000320193-23-000077,
AAPL,Income Statement,Net Income,NetIncomeLoss,2024,Q3,Annual,2022-09-25,2023-07-01,2024-08-02,10-Q,74039000000,USD,0000320193-24-000081,
AAPL,Income Statement,Net Income,NetIncomeLoss,2023,Q3,Quarter,2023-04-02,2023-07-01,2023-08-04,10-Q,19881000000,USD,0000320193-23-000077,
AAPL,Income Statement,Net Income,NetIncomeLoss,2024,Q3,Quarter,2023-04-02,2023-07-01,2024-08-02,10-Q,19881000000,USD,0000320193-24-000081,CY2023Q2
AAPL,Income Statement,Net Income,NetIncomeLoss,2024,Q3,Annual,2023-10-01,2024-06-29,2024-08-02,10-Q,79000000000,USD,0000320193-24-000081,
AAPL,Income Statement,Net Income,NetIncomeLoss,2025,Q3,Annual,2023-10-01,2024-06-29,2025-08-01,10-Q,79000000000,USD,0000320193-25-000073,
AAPL,Income Statement,Net Income,NetIncomeLoss,2024,Q3,Quarter,2024-03-31,2024-06-29,2024-08-02,10-Q,21448000000,USD,0000320193-24-000081,
AAPL,Income Statement,Net Income,NetIncomeLoss,2025,Q3,Quarter,2024-03-31,2024-06-29,2025-08-01,10-Q,21448000000,USD,0000320193-25-000073,CY2024Q2
AAPL,Income Statement,Net Income,NetIncomeLoss,2025,Q3,Annual,2024-09-29,2025-06-28,2025-08-01,10-Q,84544000000,USD,0000320193-25-000073,
AAPL,Income Statement,Net Income,NetIncomeLoss,2026,Q3,Annual,2024-09-29,2025-06-28,2026-07-31,10-Q,84544000000,USD,0000320193-26-000020,
AAPL,Income Statement,Net Income,NetIncomeLoss,2025,Q3,Quarter,2025-03-30,2025-06-28,2025-08-01,10-Q,23434000000,USD,0000320193-25-000073,
AAPL,Income Statement,Net Income,NetIncomeLoss,2026,Q3,Quarter,2025-03-30,2025-06-28,2026-07-31,10-Q,23434000000,USD,0000320193-26-000020,CY2025Q2
AAPL,Income Statement,Net Income,NetIncomeLoss,2026,Q3,Annual,2025-09-28,2026-06-27,2026-07-31,10-Q,101464000000,USD,0000320193-26-000020,
AAPL,Income Statement,Net Income,NetIncomeLoss,2026,Q3,Quarter,2026-03-29,2026-06-27,2026-07-31,10-Q,29789000000,USD,0000320193-26-000020,CY2026Q2
AAPL,Income Statement,Operating Income,OperatingIncomeLoss,2009,FY,Annual,2006-10-01,2007-09-29,2009-10-27,10-K,4409000000,USD,0001193125-09-214859,
AAPL,Income Statement,Operating Income,OperatingIncomeLoss,2009,FY,Annual,2007-09-30,2008-09-27,2009-10-27,10-K,6275000000,USD,0001193125-09-214859,
AAPL,Income Statement,Operating Income,OperatingIncomeLoss,2010,FY,Annual,2007-09-30,2008-09-27,2010-10-27,10-K,8327000000,USD,0001193125-10-238044,CY2008
AAPL,Income Statement,Operating Income,OperatingIncomeLoss,2009,FY,Annual,2008-09-28,2009-09-26,2009-10-27,10-K,7658000000,USD,0001193125-09-214859,
AAPL,Income Statement,Operating Income,OperatingIncomeLoss,2010,FY,Annual,2008-09-28,2009-09-26,2010-10-27,10-K,11740000000,USD,0001193125-10-238044,
AAPL,Income Statement,Operating Income,OperatingIncomeLoss,2011,FY,Annual,2008-09-28,2009-09-26,2011-10-26,10-K,11740000000,USD,0001193125-11-282113,CY2009
AAPL,Income Statement,Operating Income,OperatingIncomeLoss,2010,FY,Annual,2009-09-27,2010-09-25,2010-10-27,10-K,18385000000,USD,0001193125-10-238044,
AAPL,Income Statement,Operating Income,OperatingIncomeLoss,2011,FY,Annual,2009-09-27,2010-09-25,2011-10-26,10-K,18385000000,USD,0001193125-11-282113,
AAPL,Income Statement,Operating Income,OperatingIncomeLoss,2012,FY,Annual,2009-09-27,2010-09-25,2012-10-31,10-K,18385000000,USD,0001193125-12-444068,
AAPL,Income Statement,Operating Income,OperatingIncomeLoss,2011,FY,Annual,2010-09-26,2011-09-24,2011-10-26,10-K,33790000000,USD,0001193125-11-282113,
AAPL,Income Statement,Operating Income,OperatingIncomeLoss,2012,FY,Annual,2010-09-26,2011-09-24,2012-10-31,10-K,33790000000,USD,0001193125-12-444068,
AAPL,Income Statement,Operating Income,OperatingIncomeLoss,2013,FY,Annual,2010-09-26,2011-09-24,2013-10-30,10-K,33790000000,USD,0001193125-13-416534,CY2011
AAPL,Income Statement,Operating Income,OperatingIncomeLoss,2012,FY,Annual,2011-09-25,2012-09-29,2012-10-31,10-K,55241000000,USD,0001193125-12-444068,
AAPL,Income Statement,Operating Income,OperatingIncomeLoss,2013,FY,Annual,2011-09-25,2012-09-29,2013-10-30,10-K,55241000000,USD,0001193125-13-416534,
AAPL,Income Statement,Operating Income,OperatingIncomeLoss,2014,FY,Annual,2011-09-25,2012-09-29,2014-10-27,10-K,55241000000,USD,0001193125-14-383437,
AAPL,Income Statement,Operating Income,OperatingIncomeLoss,2013,FY,Annual,2012-09-30,2013-09-28,2013-10-30,10-K,48999000000,USD,0001193125-13-416534,
AAPL,Income Statement,Operating Income,OperatingIncomeLoss,2014,FY,Annual,2012-09-30,2013-09-28,2014-10-27,10-K,48999000000,USD,0001193125-14-383437,
AAPL,Income Statement,Operating Income,OperatingIncomeLoss,2015,FY,Annual,2012-09-30,2013-09-28,2015-10-28,10-K,48999000000,USD,0001193125-15-356351,CY2013
AAPL,Income Statement,Operating Income,OperatingIncomeLoss,2014,FY,Annual,2013-09-29,2014-09-27,2014-10-27,10-K,52503000000,USD,0001193125-14-383437,
AAPL,Income Statement,Operating Income,OperatingIncomeLoss,2015,FY,Annual,2013-09-29,2014-09-27,2015-10-28,10-K,52503000000,USD,0001193125-15-356351,
AAPL,Income Statement,Operating Income,OperatingIncomeLoss,2016,FY,Annual,2013-09-29,2014-09-27,2016-10-26,10-K,52503000000,USD,0001628280-16-020309,CY2014
AAPL,Income Statement,Operating Income,OperatingIncomeLoss,2015,FY,Annual,2014-09-28,2015-09-26,2015-10-28,10-K,71230000000,USD,0001193125-15-356351,
AAPL,Income Statement,Operating Income,OperatingIncomeLoss,2016,FY,Annual,2014-09-28,2015-09-26,2016-10-26,10-K,71230000000,USD,0001628280-16-020309,
AAPL,Income Statement,Operating Income,OperatingIncomeLoss,2017,FY,Annual,2014-09-28,2015-09-26,2017-11-03,10-K,71230000000,USD,0000320193-17-000070,CY2015
AAPL,Income Statement,Operating Income,OperatingIncomeLoss,2016,FY,Annual,2015-09-27,2016-09-24,2016-10-26,10-K,60024000000,USD,0001628280-16-020309,
AAPL,Income Statement,Operating Income,OperatingIncomeLoss,2017,FY,Annual,2015-09-27,2016-09-24,2017-11-03,10-K,60024000000,USD,0000320193-17-000070,
AAPL,Income Statement,Operating Income,OperatingIncomeLoss,2018,FY,Annual,2015-09-27,2016-09-24,2018-11-05,10-K,60024000000,USD,0000320193-18-000145,CY2016
AAPL,Income Statement,Operating Income,OperatingIncomeLoss,2017,FY,Annual,2016-09-25,2017-09-30,2017-11-03,10-K,61344000000,USD,0000320193-17-000070,
AAPL,Income Statement,Operating Income,OperatingIncomeLoss,2018,FY,Annual,2016-09-25,2017-09-30,2018-11-05,10-K,61344000000,USD,0000320193-18-000145,
AAPL,Income Statement,Operating Income,OperatingIncomeLoss,2019,FY,Annual,2016-09-25,2017-09-30,2019-10-31,10-K,61344000000,USD,0000320193-19-000119,CY2017
AAPL,Income Statement,Operating Income,OperatingIncomeLoss,2018,FY,Annual,2017-10-01,2018-09-29,2018-11-05,10-K,70898000000,USD,0000320193-18-000145,
AAPL,Income Statement,Operating Income,OperatingIncomeLoss,2019,FY,Annual,2017-10-01,2018-09-29,2019-10-31,10-K,70898000000,USD,0000320193-19-000119,
AAPL,Income Statement,Operating Income,OperatingIncomeLoss,2020,FY,Annual,2017-10-01,2018-09-29,2020-10-30,10-K,70898000000,USD,0000320193-20-000096,CY2018
AAPL,Income Statement,Operating Income,OperatingIncomeLoss,2019,FY,Annual,2018-09-30,2019-09-28,2019-10-31,10-K,63930000000,USD,0000320193-19-000119,
AAPL,Income Statement,Operating Income,OperatingIncomeLoss,2020,FY,Annual,2018-09-30,2019-09-28,2020-10-30,10-K,63930000000,USD,0000320193-20-000096,
AAPL,Income Statement,Operating Income,OperatingIncomeLoss,2021,FY,Annual,2018-09-30,2019-09-28,2021-10-29,10-K,63930000000,USD,0000320193-21-000105,CY2019
AAPL,Income Statement,Operating Income,OperatingIncomeLoss,2020,FY,Annual,2019-09-29,2020-09-26,2020-10-30,10-K,66288000000,USD,0000320193-20-000096,
AAPL,Income Statement,Operating Income,OperatingIncomeLoss,2021,FY,Annual,2019-09-29,2020-09-26,2021-10-29,10-K,66288000000,USD,0000320193-21-000105,
AAPL,Income Statement,Operating Income,OperatingIncomeLoss,2022,FY,Annual,2019-09-29,2020-09-26,2022-10-28,10-K,66288000000,USD,0000320193-22-000108,CY2020
AAPL,Income Statement,Operating Income,OperatingIncomeLoss,2021,FY,Annual,2020-09-27,2021-09-25,2021-10-29,10-K,108949000000,USD,0000320193-21-000105,
AAPL,Income Statement,Operating Income,OperatingIncomeLoss,2022,FY,Annual,2020-09-27,2021-09-25,2022-10-28,10-K,108949000000,USD,0000320193-22-000108,
AAPL,Income Statement,Operating Income,OperatingIncomeLoss,2023,FY,Annual,2020-09-27,2021-09-25,2023-11-03,10-K,108949000000,USD,0000320193-23-000106,CY2021
AAPL,Income Statement,Operating Income,OperatingIncomeLoss,2022,FY,Annual,2021-09-26,2022-09-24,2022-10-28,10-K,119437000000,USD,0000320193-22-000108,
AAPL,Income Statement,Operating Income,OperatingIncomeLoss,2023,FY,Annual,2021-09-26,2022-09-24,2023-11-03,10-K,119437000000,USD,0000320193-23-000106,
AAPL,Income Statement,Operating Income,OperatingIncomeLoss,2024,FY,Annual,2021-09-26,2022-09-24,2024-11-01,10-K,119437000000,USD,0000320193-24-000123,CY2022
AAPL,Income Statement,Operating Income,OperatingIncomeLoss,2023,FY,Annual,2022-09-25,2023-09-30,2023-11-03,10-K,114301000000,USD,0000320193-23-000106,
AAPL,Income Statement,Operating Income,OperatingIncomeLoss,2024,FY,Annual,2022-09-25,2023-09-30,2024-11-01,10-K,114301000000,USD,0000320193-24-000123,
AAPL,Income Statement,Operating Income,OperatingIncomeLoss,2025,FY,Annual,2022-09-25,2023-09-30,2025-10-31,10-K,114301000000,USD,0000320193-25-000079,CY2023
AAPL,Income Statement,Operating Income,OperatingIncomeLoss,2024,FY,Annual,2023-10-01,2024-09-28,2024-11-01,10-K,123216000000,USD,0000320193-24-000123,
AAPL,Income Statement,Operating Income,OperatingIncomeLoss,2025,FY,Annual,2023-10-01,2024-09-28,2025-10-31,10-K,123216000000,USD,0000320193-25-000079,CY2024
AAPL,Income Statement,Operating Income,OperatingIncomeLoss,2025,FY,Annual,2024-09-29,2025-09-27,2025-10-31,10-K,133050000000,USD,0000320193-25-000079,CY2025
AAPL,Income Statement,Operating Income,OperatingIncomeLoss,2010,Q1,Quarter,2008-09-28,2008-12-27,2010-01-25,10-Q,3101000000,USD,0001193125-10-012085,CY2008Q4
AAPL,Income Statement,Operating Income,OperatingIncomeLoss,2010,Q1,Quarter,2009-09-27,2009-12-26,2010-01-25,10-Q,4725000000,USD,0001193125-10-012085,
AAPL,Income Statement,Operating Income,OperatingIncomeLoss,2011,Q1,Quarter,2009-09-27,2009-12-26,2011-01-19,10-Q,4725000000,USD,0001193125-11-010144,CY2009Q4
AAPL,Income Statement,Operating Income,OperatingIncomeLoss,2011,Q1,Quarter,2010-09-26,2010-12-25,2011-01-19,10-Q,7827000000,USD,0001193125-11-010144,
AAPL,Income Statement,Operating Income,OperatingIncomeLoss,2012,Q1,Quarter,2010-09-26,2010-12-25,2012-01-25,10-Q,7827000000,USD,0001193125-12-023398,CY2010Q4
AAPL,Income Statement,Operating Income,OperatingIncomeLoss,2012,Q1,Quarter,2011-09-25,2011-12-31,2012-01-25,10-Q,17340000000,USD,0001193125-12-023398,
AAPL,Income Statement,Operating Income,OperatingIncomeLoss,2013,Q1,Quarter,2011-09-25,2011-12-31,2013-01-24,10-Q,17340000000,USD,0001193125-13-022339,CY2011Q4
AAPL,Income Statement,Operating Income,OperatingIncomeLoss,2013,Q1,Quarter,2012-09-30,2012-12-29,2013-01-24,10-Q,17210000000,USD,0001193125-13-022339,
AAPL,Income Statement,Operating Income,OperatingIncomeLoss,2014,Q1,Quarter,2012-09-30,2012-12-29,2014-01-28,10-Q,17210000000,USD,0001193125-14-024487,CY2012Q4
AAPL,Income Statement,Operating Income,OperatingIncomeLoss,2014,Q1,Quarter,2013-09-29,2013-12-28,2014-01-28,10-Q,17463000000,USD,0001193125-14-024487,
AAPL,Income Statement,Operating Income,OperatingIncomeLoss,2015,Q1,Quarter,2013-09-29,2013-12-28,2015-01-28,10-Q,17463000000,USD,0001193125-15-023697,CY2013Q4
AAPL,Income Statement,Operating Income,OperatingIncomeLoss,2015,Q1,Quarter,2014-09-28,2014-12-27,2015-01-28,10-Q,24246000000,USD,0001193125-15-023697,
AAPL,Income Statement,Operating Income,OperatingIncomeLoss,2016,Q1,Quarter,2014-09-28,2014-12-27,2016-01-27,10-Q,24246000000,USD,0001193125-16-439878,CY2014Q4
AAPL,Income Statement,Operating Income,OperatingIncomeLoss,2016,Q1,Quarter,2015-09-27,2015-12-26,2016-01-27,10-Q,24171000000,USD,0001193125-16-439878,
AAPL,Income Statement,Operating Income,OperatingIncomeLoss,2017,Q1,Quarter,2015-09-27,2015-12-26,2017-02-01,10-Q,24171000000,USD,0001628280-17-000717,CY2015Q4
AAPL,Income Statement,Operating Income,OperatingIncomeLoss,2017,Q1,Quarter,2016-09-25,2016-12-31,2017-02-01,10-Q,23359000000,USD,0001628280-17-000717,
AAPL,Income Statement,Operating Income,OperatingIncomeLoss,2018,Q1,Quarter,2016-09-25,2016-12-31,2018-02-02,10-Q,23359000000,USD,0000320193-18-000007,CY2016Q4
AAPL,Income Statement,Operating Income,OperatingIncomeLoss,2018,Q1,Quarter,2017-10-01,2017-12-30,2018-02-02,10-Q,26274000000,USD,0000320193-18-000007,
AAPL,Income Statement,Operating Income,OperatingIncomeLoss,2019,Q1,Quarter,2017-10-01,2017-12-30,2019-01-30,10-Q,26274000000,USD,0000320193-19-000010,CY2017Q4
AAPL,Income Statement,Operating Income,OperatingIncomeLoss,2019,Q1,Quarter,2018-09-30,2018-12-29,2019-01-30,10-Q,23346000000,USD,0000320193-19-000010,
AAPL,Income Statement,Operating Income,OperatingIncomeLoss,2020,Q1,Quarter,2018-09-30,2018-12-29,2020-01-29,10-Q,23346000000,USD,0000320193-20-000010,CY2018Q4
AAPL,Income Statement,Operating Income,OperatingIncomeLoss,2020,Q1,Quarter,2019-09-29,2019-12-28,2020-01-29,10-Q,25569000000,USD,0000320193-20-000010,
AAPL,Income Statement,Operating Income,OperatingIncomeLoss,2021,Q1,Quarter,2019-09-29,2019-12-28,2021-01-28,10-Q,25569000000,USD,0000320193-21-000010,CY2019Q4
AAPL,Income Statement,Operating Income,OperatingIncomeLoss,2021,Q1,Quarter,2020-09-27,2020-12-26,2021-01-28,10-Q,33534000000,USD,0000320193-21-000010,
AAPL,Income Statement,Operating Income,OperatingIncomeLoss,2022,Q1,Quarter,2020-09-27,2020-12-26,2022-01-28,10-Q,33534000000,USD,0000320193-22-000007,CY2020Q4
AAPL,Income Statement,Operating Income,OperatingIncomeLoss,2022,Q1,Quarter,2021-09-26,2021-12-25,2022-01-28,10-Q,41488000000,USD,0000320193-22-000007,
AAPL,Income Statement,Operating Income,OperatingIncomeLoss,2023,Q1,Quarter,2021-09-26,2021-12-25,2023-02-03,10-Q,41488000000,USD,0000320193-23-000006,CY2021Q4
AAPL,Income Statement,Operating Income,OperatingIncomeLoss,2023,Q1,Quarter,2022-09-25,2022-12-31,2023-02-03,10-Q,36016000000,USD,0000320193-23-000006,
AAPL,Income Statement,Operating Income,OperatingIncomeLoss,2024,Q1,Quarter,2022-09-25,2022-12-31,2024-02-02,10-Q,36016000000,USD,0000320193-24-000006,CY2022Q4
AAPL,Income Statement,Operating Income,OperatingIncomeLoss,2024,Q1,Quarter,2023-10-01,2023-12-30,2024-02-02,10-Q,40373000000,USD,0000320193-24-000006,
AAPL,Income Statement,Operating Income,OperatingIncomeLoss,2025,Q1,Quarter,2023-10-01,2023-12-30,2025-01-31,10-Q,40373000000,USD,0000320193-25-000008,CY2023Q4
AAPL,Income Statement,Operating Income,OperatingIncomeLoss,2025,Q1,Quarter,2024-09-29,2024-12-28,2025-01-31,10-Q,42832000000,USD,0000320193-25-000008,
AAPL,Income Statement,Operating Income,OperatingIncomeLoss,2026,Q1,Quarter,2024-09-29,2024-12-28,2026-01-30,10-Q,42832000000,USD,0000320193-26-000006,CY2024Q4
AAPL,Income Statement,Operating Income,OperatingIncomeLoss,2026,Q1,Quarter,2025-09-28,2025-12-27,2026-01-30,10-Q,50852000000,USD,0000320193-26-000006,CY2025Q4
AAPL,Income Statement,Operating Income,OperatingIncomeLoss,2010,Q2,YTD,2008-09-28,2009-03-28,2010-04-21,10-Q,5424000000,USD,0001193125-10-088957,
AAPL,Income Statement,Operating Income,OperatingIncomeLoss,2010,Q2,Quarter,2008-12-28,2009-03-28,2010-04-21,10-Q,2323000000,USD,0001193125-10-088957,CY2009Q1
AAPL,Income Statement,Operating Income,OperatingIncomeLoss,2010,Q2,YTD,2009-09-27,2010-03-27,2010-04-21,10-Q,8704000000,USD,0001193125-10-088957,
AAPL,Income Statement,Operating Income,OperatingIncomeLoss,2011,Q2,YTD,2009-09-27,2010-03-27,2011-04-21,10-Q,8704000000,USD,0001193125-11-104388,
AAPL,Income Statement,Operating Income,OperatingIncomeLoss,2010,Q2,Quarter,2009-12-27,2010-03-27,2010-04-21,10-Q,3979000000,USD,0001193125-10-088957,
AAPL,Income Statement,Operating Income,OperatingIncomeLoss,2011,Q2,Quarter,2009-12-27,2010-03-27,2011-04-21,10-Q,3979000000,USD,0001193125-11-104388,CY2010Q1
AAPL,Income Statement,Operating Income,OperatingIncomeLoss,2011,Q2,YTD,2010-09-26,2011-03-26,2011-04-21,10-Q,15701000000,USD,0001193125-11-104388,
AAPL,Income Statement,Operating Income,OperatingIncomeLoss,2012,Q2,YTD,2010-09-26,2011-03-26,2012-04-25,10-Q,15701000000,USD,0001193125-12-182321,
AAPL,Income Statement,Operating Income,OperatingIncomeLoss,2011,Q2,Quarter,2010-12-26,2011-03-26,2011-04-21,10-Q,7874000000,USD,0001193125-11-104388,
AAPL,Income Statement,Operating Income,OperatingIncomeLoss,2012,Q2,Quarter,2010-12-26,2011-03-26,2012-04-25,10-Q,7874000000,USD,0001193125-12-182321,CY2011Q1
AAPL,Income Statement,Operating Income,OperatingIncomeLoss,2012,Q2,YTD,2011-09-25,2012-03-31,2012-04-25,10-Q,32724000000,USD,0001193125-12-182321,
AAPL,Income Statement,Operating Income,OperatingIncomeLoss,2013,Q2,YTD,2011-09-25,2012-03-31,2013-04-24,10-Q,32724000000,USD,0001193125-13-168288,
AAPL,Income Statement,Operating Income,OperatingIncomeLoss,2012,Q2,Quarter,2012-01-01,2012-03-31,2012-04-25,10-Q,15384000000,USD,0001193125-12-182321,
AAPL,Income Statement,Operating Income,OperatingIncomeLoss,2013,Q2,Quarter,2012-01-01,2012-03-31,2013-04-24,10-Q,15384000000,USD,0001193125-13-168288,CY2012Q1
AAPL,Income Statement,Operating Income,OperatingIncomeLoss,2013,Q2,YTD,2012-09-30,2013-03-30,2013-04-24,10-Q,29768000000,USD,0001193125-13-168288,
AAPL,Income Statement,Operating Income,OperatingIncomeLoss,2014,Q2,YTD,2012-09-30,2013-03-30,2014-04-24,10-Q,29768000000,USD,0001193125-14-157311,
AAPL,Income Statement,Operating Income,OperatingIncomeLoss,2013,Q2,Quarter,2012-12-30,2013-03-30,2013-04-24,10-Q,12558000000,USD,0001193125-13-168288,
AAPL,Income Statement,Operating Income,OperatingIncomeLoss,2014,Q2,Quarter,2012-12-30,2013-03-30,2014-04-24,10-Q,12558000000,USD,0001193125-14-157311,CY2013Q1
AAPL,Income Statement,Operating Income,OperatingIncomeLoss,2014,Q2,YTD,2013-09-29,2014-03-29,2014-04-24,10-Q,31056000000,USD,0001193125-14-157311,
AAPL,Income Statement,Operating Income,OperatingIncomeLoss,2015,Q2,YTD,2013-09-29,2014-03-29,2015-04-28,10-Q,31056000000,USD,0001193125-15-153166,
AAPL,Income Statement,Operating Income,OperatingIncomeLoss,2014,Q2,Quarter,2013-12-29,2014-03-29,2014-04-24,10-Q,13593000000,USD,0001193125-14-157311,
AAPL,Income Statement,Operating Income,OperatingIncomeLoss,2015,Q2,Quarter,2013-12-29,2014-03-29,2015-04-28,10-Q,13593000000,USD,0001193125-15-153166,CY2014Q1
AAPL,Income Statement,Operating Income,OperatingIncomeLoss,2015,Q2,YTD,2014-09-28,2015-03-28,2015-04-28,10-Q,42524000000,USD,0001193125-15-153166,
AAPL,Income Statement,Operating Income,OperatingIncomeLoss,2016,Q2,YTD,2014-09-28,2015-03-28,2016-04-27,10-Q,42524000000,USD,0001193125-16-559625,
AAPL,Income Statement,Operating Income,OperatingIncomeLoss,2015,Q2,Quarter,2014-12-28,2015-03-28,2015-04-28,10-Q,18278000000,USD,0001193125-15-153166,
AAPL,Income Statement,Operating Income,OperatingIncomeLoss,2016,Q2,Quarter,2014-12-28,2015-03-28,2016-04-27,10-Q,18278000000,USD,0001193125-16-559625,CY2015Q1
AAPL,Income Statement,Operating Income,OperatingIncomeLoss,2016,Q2,YTD,2015-09-27,2016-03-26,2016-04-27,10-Q,38158000000,USD,0001193125-16-559625,
AAPL,Income Statement,Operating Income,OperatingIncomeLoss,2017,Q2,YTD,2015-09-27,2016-03-26,2017-05-03,10-Q,38158000000,USD,0001628280-17-004790,
AAPL,Income Statement,Operating Income,OperatingIncomeLoss,2016,Q2,Quarter,2015-12-27,2016-03-26,2016-04-27,10-Q,13987000000,USD,0001193125-16-559625,
AAPL,Income Statement,Operating Income,OperatingIncomeLoss,2017,Q2,Quarter,2015-12-27,2016-03-26,2017-05-03,10-Q,13987000000,USD,0001628280-17-004790,CY2016Q1
AAPL,Income Statement,Operating Income,OperatingIncomeLoss,2017,Q2,YTD,2016-09-25,2017-04-01,2017-05-03,10-Q,37456000000,USD,0001628280-17-004790,
AAPL,Income Statement,Operating Income,OperatingIncomeLoss,2018,Q2,YTD,2016-09-25,2017-04-01,2018-05-02,10-Q,37456000000,USD,0000320193-18-000070,
AAPL,Income Statement,Operating Income,OperatingIncomeLoss,2017,Q2,Quarter,2017-01-01,2017-04-01,2017-05-03,10-Q,14097000000,USD,0001628280-17-004790,
AAPL,Income Statement,Operating Income,OperatingIncomeLoss,2018,Q2,Quarter,2017-01-01,2017-04-01,2018-05-02,10-Q,14097000000,USD,0000320193-18-000070,CY2017Q1
AAPL,Income Statement,Operating Income,OperatingIncomeLoss,2018,Q2,YTD,2017-10-01,2018-03-31,2018-05-02,10-Q,42168000000,USD,0000320193-18-000070,
AAPL,Income Statement,Operating Income,OperatingIncomeLoss,2019,Q2,YTD,2017-10-01,2018-03-31,2019-05-01,10-Q,42168000000,USD,0000320193-19-000066,
AAPL,Income Statement,Operating Income,OperatingIncomeLoss,2018,Q2,Quarter,2017-12-31,2018-03-31,2018-05-02,10-Q,15894000000,USD,0000320193-18-000070,
AAPL,Income Statement,Operating Income,OperatingIncomeLoss,2019,Q2,Quarter,2017-12-31,2018-03-31,2019-05-01,10-Q,15894000000,USD,0000320193-19-000066,CY2018Q1
AAPL,Income Statement,Operating Income,OperatingIncomeLoss,2019,Q2,YTD,2018-09-30,2019-03-30,2019-05-01,10-Q,36761000000,USD,0000320193-19-000066,
AAPL,Income Statement,Operating Income,OperatingIncomeLoss,2020,Q2,YTD,2018-09-30,2019-03-30,2020-05-01,10-Q,36761000000,USD,0000320193-20-000052,
AAPL,Income Statement,Operating Income,OperatingIncomeLoss,2019,Q2,Quarter,2018-12-30,2019-03-30,2019-05-01,10-Q,13415000000,USD,0000320193-19-000066,
AAPL,Income Statement,Operating Income,OperatingIncomeLoss,2020,Q2,Quarter,2018-12-30,2019-03-30,2020-05-01,10-Q,13415000000,USD,0000320193-20-000052,CY2019Q1
AAPL,Income Statement,Operating Income,OperatingIncomeLoss,2020,Q2,YTD,2019-09-29,2020-03-28,2020-05-01,10-Q,38422000000,USD,0000320193-20-000052,
AAPL,Income Statement,Operating Income,OperatingIncomeLoss,2021,Q2,YTD,2019-09-29,2020-03-28,2021-04-29,10-Q,38422000000,USD,0000320193-21-000056,
AAPL,Income Statement,Operating Income,OperatingIncomeLoss,2020,Q2,Quarter,2019-12-29,2020-03-28,2020-05-01,10-Q,12853000000,USD,0000320193-20-000052,
AAPL,Income Statement,Operating Income,OperatingIncomeLoss,2021,Q2,Quarter,2019-12-29,2020-03-28,2021-04-29,10-Q,12853000000,USD,0000320193-21-000056,CY2020Q1
AAPL,Income Statement,Operating Income,OperatingIncomeLoss,2021,Q2,YTD,2020-09-27,2021-03-27,2021-04-29,10-Q,61037000000,USD,0000320193-21-000056,
AAPL,Income Statement,Operating Income,OperatingIncomeLoss,2022,Q2,YTD,2020-09-27,2021-03-27,2022-04-29,10-Q,61037000000,USD,0000320193-22-000059,
AAPL,Income Statement,Operating Income,OperatingIncomeLoss,2021,Q2,Quarter,2020-12-27,2021-03-27,2021-04-29,10-Q,27503000000,USD,0000320193-21-000056,
AAPL,Income Statement,Operating Income,OperatingIncomeLoss,2022,Q2,Quarter,2020-12-27,2021-03-27,2022-04-29,10-Q,27503000000,USD,0000320193-22-000059,CY2021Q1
AAPL,Income Statement,Operating Income,OperatingIncomeLoss,2022,Q2,YTD,2021-09-26,2022-03-26,2022-04-29,10-Q,71467000000,USD,0000320193-22-000059,
AAPL,Income Statement,Operating Income,OperatingIncomeLoss,2023,Q2,YTD,2021-09-26,2022-03-26,2023-05-05,10-Q,71467000000,USD,0000320193-23-000064,
AAPL,Income Statement,Operating Income,OperatingIncomeLoss,2022,Q2,Quarter,2021-12-26,2022-03-26,2022-04-29,10-Q,29979000000,USD,0000320193-22-000059,
AAPL,Income Statement,Operating Income,OperatingIncomeLoss,2023,Q2,Quarter,2021-12-26,2022-03-26,2023-05-05,10-Q,29979000000,USD,0000320193-23-000064,CY2022Q1
AAPL,Income Statement,Operating Income,OperatingIncomeLoss,2023,Q2,YTD,2022-09-25,2023-04-01,2023-05-05,10-Q,64334000000,USD,0000320193-23-000064,
AAPL,Income Statement,Operating Income,OperatingIncomeLoss,2024,Q2,YTD,2022-09-25,2023-04-01,2024-05-03,10-Q,64334000000,USD,0000320193-24-000069,
AAPL,Income Statement,Operating Income,OperatingIncomeLoss,2023,Q2,Quarter,2023-01-01,2023-04-01,2023-05-05,10-Q,28318000000,USD,0000320193-23-000064,
AAPL,Income Statement,Operating Income,OperatingIncomeLoss,2024,Q2,Quarter,2023-01-01,2023-04-01,2024-05-03,10-Q,28318000000,USD,0000320193-24-000069,CY2023Q1
AAPL,Income Statement,Operating Income,OperatingIncomeLoss,2024,Q2,YTD,2023-10-01,2024-03-30,2024-05-03,10-Q,68273000000,USD,0000320193-24-000069,
AAPL,Income Statement,Operating Income,OperatingIncomeLoss,2025,Q2,YTD,2023-10-01,2024-03-30,2025-05-02,10-Q,68273000000,USD,0000320193-25-000057,
AAPL,Income Statement,Operating Income,OperatingIncomeLoss,2024,Q2,Quarter,2023-12-31,2024-03-30,2024-05-03,10-Q,27900000000,USD,0000320193-24-000069,
AAPL,Income Statement,Operating Income,OperatingIncomeLoss,2025,Q2,Quarter,2023-12-31,2024-03-30,2025-05-02,10-Q,27900000000,USD,0000320193-25-000057,CY2024Q1
AAPL,Income Statement,Operating Income,OperatingIncomeLoss,2025,Q2,YTD,2024-09-29,2025-03-29,2025-05-02,10-Q,72421000000,USD,0000320193-25-000057,
AAPL,Income Statement,Operating Income,OperatingIncomeLoss,2026,Q2,YTD,2024-09-29,2025-03-29,2026-05-01,10-Q,72421000000,USD,0000320193-26-000013,
AAPL,Income Statement,Operating Income,OperatingIncomeLoss,2025,Q2,Quarter,2024-12-29,2025-03-29,2025-05-02,10-Q,29589000000,USD,0000320193-25-000057,
AAPL,Income Statement,Operating Income,OperatingIncomeLoss,2026,Q2,Quarter,2024-12-29,2025-03-29,2026-05-01,10-Q,29589000000,USD,0000320193-26-000013,CY2025Q1
AAPL,Income Statement,Operating Income,OperatingIncomeLoss,2026,Q2,YTD,2025-09-28,2026-03-28,2026-05-01,10-Q,86737000000,USD,0000320193-26-000013,
AAPL,Income Statement,Operating Income,OperatingIncomeLoss,2026,Q2,Quarter,2025-12-28,2026-03-28,2026-05-01,10-Q,35885000000,USD,0000320193-26-000013,CY2026Q1
AAPL,Income Statement,Operating Income,OperatingIncomeLoss,2009,Q3,Annual,2007-09-30,2008-06-28,2009-07-22,10-Q,4833000000,USD,0001193125-09-153165,
AAPL,Income Statement,Operating Income,OperatingIncomeLoss,2009,Q3,Quarter,2008-03-30,2008-06-28,2009-07-22,10-Q,1392000000,USD,0001193125-09-153165,CY2008Q2
AAPL,Income Statement,Operating Income,OperatingIncomeLoss,2009,Q3,Annual,2008-09-28,2009-06-27,2009-07-22,10-Q,5465000000,USD,0001193125-09-153165,
AAPL,Income Statement,Operating Income,OperatingIncomeLoss,2010,Q3,Annual,2008-09-28,2009-06-27,2010-07-21,10-Q,8056000000,USD,0001193125-10-162840,
AAPL,Income Statement,Operating Income,OperatingIncomeLoss,2009,Q3,Quarter,2009-03-29,2009-06-27,2009-07-22,10-Q,1672000000,USD,0001193125-09-153165,
AAPL,Income Statement,Operating Income,OperatingIncomeLoss,2010,Q3,Quarter,2009-03-29,2009-06-27,2010-07-21,10-Q,2632000000,USD,0001193125-10-162840,CY2009Q2
AAPL,Income Statement,Operating Income,OperatingIncomeLoss,2010,Q3,Annual,2009-09-27,2010-06-26,2010-07-21,10-Q,12938000000,USD,0001193125-10-162840,
AAPL,Income Statement,Operating Income,OperatingIncomeLoss,2011,Q3,Annual,2009-09-27,2010-06-26,2011-07-20,10-Q,12938000000,USD,0001193125-11-192493,
AAPL,Income Statement,Operating Income,OperatingIncomeLoss,2010,Q3,Quarter,2010-03-28,2010-06-26,2010-07-21,10-Q,4234000000,USD,0001193125-10-162840,
AAPL,Income Statement,Operating Income,OperatingIncomeLoss,2011,Q3,Quarter,2010-03-28,2010-06-26,2011-07-20,10-Q,4234000000,USD,0001193125-11-192493,CY2010Q2
AAPL,Income Statement,Operating Income,OperatingIncomeLoss,2011,Q3,Annual,2010-09-26,2011-06-25,2011-07-20,10-Q,25080000000,USD,0001193125-11-192493,
AAPL,Income Statement,Operating Income,OperatingIncomeLoss,2012,Q3,Annual,2010-09-26,2011-06-25,2012-07-25,10-Q,25080000000,USD,0001193125-12-314552,
AAPL,Income Statement,Operating Income,OperatingIncomeLoss,2011,Q3,Quarter,2011-03-27,2011-06-25,2011-07-20,10-Q,9379000000,USD,0001193125-11-192493,
AAPL,Income Statement,Operating Income,OperatingIncomeLoss,2012,Q3,Quarter,2011-03-27,2011-06-25,2012-07-25,10-Q,9379000000,USD,0001193125-12-314552,CY2011Q2
AAPL,Income Statement,Operating Income,OperatingIncomeLoss,2012,Q3,Annual,2011-09-25,2012-06-30,2012-07-25,10-Q,44297000000,USD,0001193125-12-314552,
AAPL,Income Statement,Operating Income,OperatingIncomeLoss,2013,Q3,Annual,2011-09-25,2012-06-30,2013-07-24,10-Q,44297000000,USD,0001193125-13-300670,
AAPL,Income Statement,Operating Income,OperatingIncomeLoss,2012,Q3,Quarter,2012-04-01,2012-06-30,2012-07-25,10-Q,11573000000,USD,0001193125-12-314552,
AAPL,Income Statement,Operating Income,OperatingIncomeLoss,2013,Q3,Quarter,2012-04-01,2012-06-30,2013-07-24,10-Q,11573000000,USD,0001193125-13-300670,CY2012Q2
AAPL,Income Statement,Operating Income,OperatingIncomeLoss,2013,Q3,Annual,2012-09-30,2013-06-29,2013-07-24,10-Q,38969000000,USD,0001193125-13-300670,
AAPL,Income Statement,Operating Income,OperatingIncomeLoss,2014,Q3,Annual,2012-09-30,2013-06-29,2014-07-23,10-Q,38969000000,USD,0001193125-14-277160,
AAPL,Income Statement,Operating Income,OperatingIncomeLoss,2013,Q3,Quarter,2013-03-31,2013-06-29,2013-07-24,10-Q,9201000000,USD,0001193125-13-300670,
AAPL,Income Statement,Operating Income,OperatingIncomeLoss,2014,Q3,Quarter,2013-03-31,2013-06-29,2014-07-23,10-Q,9201000000,USD,0001193125-14-277160,CY2013Q2
AAPL,Income Statement,Operating Income,OperatingIncomeLoss,2014,Q3,Annual,2013-09-29,2014-06-28,2014-07-23,10-Q,41338000000,USD,0001193125-14-277160,
AAPL,Income Statement,Operating Income,OperatingIncomeLoss,2015,Q3,Annual,2013-09-29,2014-06-28,2015-07-22,10-Q,41338000000,USD,0001193125-15-259935,
AAPL,Income Statement,Operating Income,OperatingIncomeLoss,2014,Q3,Quarter,2014-03-30,2014-06-28,2014-07-23,10-Q,10282000000,USD,0001193125-14-277160,
AAPL,Income Statement,Operating Income,OperatingIncomeLoss,2015,Q3,Quarter,2014-03-30,2014-06-28,2015-07-22,10-Q,10282000000,USD,0001193125-15-259935,CY2014Q2
AAPL,Income Statement,Operating Income,OperatingIncomeLoss,2015,Q3,Annual,2014-09-28,2015-06-27,2015-07-22,10-Q,56607000000,USD,0001193125-15-259935,
AAPL,Income Statement,Operating Income,OperatingIncomeLoss,2016,Q3,Annual,2014-09-28,2015-06-27,2016-07-27,10-Q,56607000000,USD,0001628280-16-017809,
AAPL,Income Statement,Operating Income,OperatingIncomeLoss,2015,Q3,Quarter,2015-03-29,2015-06-27,2015-07-22,10-Q,14083000000,USD,0001193125-15-259935,
AAPL,Income Statement,Operating Income,OperatingIncomeLoss,2016,Q3,Quarter,2015-03-29,2015-06-27,2016-07-27,10-Q,14083000000,USD,0001628280-16-017809,CY2015Q2
AAPL,Income Statement,Operating Income,OperatingIncomeLoss,2016,Q3,Annual,2015-09-27,2016-06-25,2016-07-27,10-Q,48263000000,USD,0001628280-16-017809,
AAPL,Income Statement,Operating Income,OperatingIncomeLoss,2017,Q3,Annual,2015-09-27,2016-06-25,2017-08-02,10-Q,48263000000,USD,0000320193-17-000009,
AAPL,Income Statement,Operating Income,OperatingIncomeLoss,2016,Q3,Quarter,2016-03-27,2016-06-25,2016-07-27,10-Q,10105000000,USD,0001628280-16-017809,
AAPL,Income Statement,Operating Income,OperatingIncomeLoss,2017,Q3,Quarter,2016-03-27,2016-06-25,2017-08-02,10-Q,10105000000,USD,0000320193-17-000009,CY2016Q2
AAPL,Income Statement,Operating Income,OperatingIncomeLoss,2017,Q3,Annual,2016-09-25,2017-07-01,2017-08-02,10-Q,48224000000,USD,0000320193-17-000009,
AAPL,Income Statement,Operating Income,OperatingIncomeLoss,2018,Q3,Annual,2016-09-25,2017-07-01,2018-08-01,10-Q,48224000000,USD,0000320193-18-000100,
AAPL,Income Statement,Operating Income,OperatingIncomeLoss,2017,Q3,Quarter,2017-04-02,2017-07-01,2017-08-02,10-Q,10768000000,USD,0000320193-17-000009,
AAPL,Income Statement,Operating Income,OperatingIncomeLoss,2018,Q3,Quarter,2017-04-02,2017-07-01,2018-08-01,10-Q,10768000000,USD,0000320193-18-000100,CY2017Q2
AAPL,Income Statement,Operating Income,OperatingIncomeLoss,2018,Q3,Annual,2017-10-01,2018-06-30,2018-08-01,10-Q,54780000000,USD,0000320193-18-000100,
AAPL,Income Statement,Operating Income,OperatingIncomeLoss,2019,Q3,Annual,2017-10-01,2018-06-30,2019-07-31,10-Q,54780000000,USD,0000320193-19-000076,
AAPL,Income Statement,Operating Income,OperatingIncomeLoss,2018,Q3,Quarter,2018-04-01,2018-06-30,2018-08-01,10-Q,12612000000,USD,0000320193-18-000100,
AAPL,Income Statement,Operating Income,OperatingIncomeLoss,2019,Q3,Quarter,2018-04-01,2018-06-30,2019-07-31,10-Q,12612000000,USD,0000320193-19-000076,CY2018Q2
AAPL,Income Statement,Operating Income,OperatingIncomeLoss,2019,Q3,Annual,2018-09-30,2019-06-29,2019-07-31,10-Q,48305000000,USD,0000320193-19-000076,
AAPL,Income Statement,Operating Income,OperatingIncomeLoss,2020,Q3,Annual,2018-09-30,2019-06-29,2020-07-31,10-Q,48305000000,USD,0000320193-20-000062,
AAPL,Income Statement,Operating Income,OperatingIncomeLoss,2019,Q3,Quarter,2019-03-31,2019-06-29,2019-07-31,10-Q,11544000000,USD,0000320193-19-000076,
AAPL,Income Statement,Operating Income,OperatingIncomeLoss,2020,Q3,Quarter,2019-03-31,2019-06-29,2020-07-31,10-Q,11544000000,USD,0000320193-20-000062,CY2019Q2
AAPL,Income Statement,Operating Income,OperatingIncomeLoss,2020,Q3,Annual,2019-09-29,2020-06-27,2020-07-31,10-Q,51513000000,USD,0000320193-20-000062,
AAPL,Income Statement,Operating Income,OperatingIncomeLoss,2021,Q3,Annual,2019-09-29,2020-06-27,2021-07-28,10-Q,51513000000,USD,0000320193-21-000065,
AAPL,Income Statement,Operating Income,OperatingIncomeLoss,2020,Q3,Quarter,2020-03-29,2020-06-27,2020-07-31,10-Q,13091000000,USD,0000320193-20-000062,
AAPL,Income Statement,Operating Income,OperatingIncomeLoss,2021,Q3,Quarter,2020-03-29,2020-06-27,2021-07-28,10-Q,13091000000,USD,0000320193-21-000065,CY2020Q2
AAPL,Income Statement,Operating Income,OperatingIncomeLoss,2021,Q3,Annual,2020-09-27,2021-06-26,2021-07-28,10-Q,85163000000,USD,0000320193-21-000065,
AAPL,Income Statement,Operating Income,OperatingIncomeLoss,2022,Q3,Annual,2020-09-27,2021-06-26,2022-07-29,10-Q,85163000000,USD,0000320193-22-000070,
AAPL,Income Statement,Operating Income,OperatingIncomeLoss,2021,Q3,Quarter,2021-03-28,2021-06-26,2021-07-28,10-Q,24126000000,USD,0000320193-21-000065,
AAPL,Income Statement,Operating Income,OperatingIncomeLoss,2022,Q3,Quarter,2021-03-28,2021-06-26,2022-07-29,10-Q,24126000000,USD,0000320193-22-000070,CY2021Q2
AAPL,Income Statement,Operating Income,OperatingIncomeLoss,2022,Q3,Annual,2021-09-26,2022-06-25,2022-07-29,10-Q,94543000000,USD,0000320193-22-000070,
AAPL,Income Statement,Operating Income,OperatingIncomeLoss,2023,Q3,Annual,2021-09-26,2022-06-25,2023-08-04,10-Q,94543000000,USD,0000320193-23-000077,
AAPL,Income Statement,Operating Income,OperatingIncomeLoss,2022,Q3,Quarter,2022-03-27,2022-06-25,2022-07-29,10-Q,23076000000,USD,0000320193-22-000070,
AAPL,Income Statement,Operating Income,OperatingIncomeLoss,2023,Q3,Quarter,2022-03-27,2022-06-25,2023-08-04,10-Q,23076000000,USD,0000320193-23-000077,CY2022Q2
AAPL,Income Statement,Operating Income,OperatingIncomeLoss,2023,Q3,Annual,2022-09-25,2023-07-01,2023-08-04,10-Q,87332000000,USD,0000320193-23-000077,
AAPL,Income Statement,Operating Income,OperatingIncomeLoss,2024,Q3,Annual,2022-09-25,2023-07-01,2024-08-02,10-Q,87332000000,USD,0000320193-24-000081,
AAPL,Income Statement,Operating Income,OperatingIncomeLoss,2023,Q3,Quarter,2023-04-02,2023-07-01,2023-08-04,10-Q,22998000000,USD,0000320193-23-000077,
AAPL,Income Statement,Operating Income,OperatingIncomeLoss,2024,Q3,Quarter,2023-04-02,2023-07-01,2024-08-02,10-Q,22998000000,USD,0000320193-24-000081,CY2023Q2
AAPL,Income Statement,Operating Income,OperatingIncomeLoss,2024,Q3,Annual,2023-10-01,2024-06-29,2024-08-02,10-Q,93625000000,USD,0000320193-24-000081,
AAPL,Income Statement,Operating Income,OperatingIncomeLoss,2025,Q3,Annual,2023-10-01,2024-06-29,2025-08-01,10-Q,93625000000,USD,0000320193-25-000073,
AAPL,Income Statement,Operating Income,OperatingIncomeLoss,2024,Q3,Quarter,2024-03-31,2024-06-29,2024-08-02,10-Q,25352000000,USD,0000320193-24-000081,
AAPL,Income Statement,Operating Income,OperatingIncomeLoss,2025,Q3,Quarter,2024-03-31,2024-06-29,2025-08-01,10-Q,25352000000,USD,0000320193-25-000073,CY2024Q2
AAPL,Income Statement,Operating Income,OperatingIncomeLoss,2025,Q3,Annual,2024-09-29,2025-06-28,2025-08-01,10-Q,100623000000,USD,0000320193-25-000073,
AAPL,Income Statement,Operating Income,OperatingIncomeLoss,2026,Q3,Annual,2024-09-29,2025-06-28,2026-07-31,10-Q,100623000000,USD,0000320193-26-000020,
AAPL,Income Statement,Operating Income,OperatingIncomeLoss,2025,Q3,Quarter,2025-03-30,2025-06-28,2025-08-01,10-Q,28202000000,USD,0000320193-25-000073,
AAPL,Income Statement,Operating Income,OperatingIncomeLoss,2026,Q3,Quarter,2025-03-30,2025-06-28,2026-07-31,10-Q,28202000000,USD,0000320193-26-000020,CY2025Q2
AAPL,Income Statement,Operating Income,OperatingIncomeLoss,2026,Q3,Annual,2025-09-28,2026-06-27,2026-07-31,10-Q,122432000000,USD,0000320193-26-000020,
AAPL,Income Statement,Operating Income,OperatingIncomeLoss,2026,Q3,Quarter,2026-03-29,2026-06-27,2026-07-31,10-Q,35695000000,USD,0000320193-26-000020,CY2026Q2
AAPL,Income Statement,Pre-Tax Income,IncomeLossFromContinuingOperationsBeforeIncomeTaxesExtraordinaryItemsNoncontrollingInterest,2013,FY,Annual,2010-09-26,2011-09-24,2013-10-30,10-K,34205000000,USD,0001193125-13-416534,CY2011
AAPL,Income Statement,Pre-Tax Income,IncomeLossFromContinuingOperationsBeforeIncomeTaxesExtraordinaryItemsNoncontrollingInterest,2013,FY,Annual,2011-09-25,2012-09-29,2013-10-30,10-K,55763000000,USD,0001193125-13-416534,
AAPL,Income Statement,Pre-Tax Income,IncomeLossFromContinuingOperationsBeforeIncomeTaxesExtraordinaryItemsNoncontrollingInterest,2014,FY,Annual,2011-09-25,2012-09-29,2014-10-27,10-K,55763000000,USD,0001193125-14-383437,
AAPL,Income Statement,Pre-Tax Income,IncomeLossFromContinuingOperationsBeforeIncomeTaxesExtraordinaryItemsNoncontrollingInterest,2013,FY,Annual,2012-09-30,2013-09-28,2013-10-30,10-K,50155000000,USD,0001193125-13-416534,
AAPL,Income Statement,Pre-Tax Income,IncomeLossFromContinuingOperationsBeforeIncomeTaxesExtraordinaryItemsNoncontrollingInterest,2014,FY,Annual,2012-09-30,2013-09-28,2014-10-27,10-K,50155000000,USD,0001193125-14-383437,
AAPL,Income Statement,Pre-Tax Income,IncomeLossFromContinuingOperationsBeforeIncomeTaxesExtraordinaryItemsNoncontrollingInterest,2015,FY,Annual,2012-09-30,2013-09-28,2015-10-28,10-K,50155000000,USD,0001193125-15-356351,CY2013
AAPL,Income Statement,Pre-Tax Income,IncomeLossFromContinuingOperationsBeforeIncomeTaxesExtraordinaryItemsNoncontrollingInterest,2014,FY,Annual,2013-09-29,2014-09-27,2014-10-27,10-K,53483000000,USD,0001193125-14-383437,
AAPL,Income Statement,Pre-Tax Income,IncomeLossFromContinuingOperationsBeforeIncomeTaxesExtraordinaryItemsNoncontrollingInterest,2015,FY,Annual,2013-09-29,2014-09-27,2015-10-28,10-K,53483000000,USD,0001193125-15-356351,
AAPL,Income Statement,Pre-Tax Income,IncomeLossFromContinuingOperationsBeforeIncomeTaxesExtraordinaryItemsNoncontrollingInterest,2016,FY,Annual,2013-09-29,2014-09-27,2016-10-26,10-K,53483000000,USD,0001628280-16-020309,CY2014
AAPL,Income Statement,Pre-Tax Income,IncomeLossFromContinuingOperationsBeforeIncomeTaxesExtraordinaryItemsNoncontrollingInterest,2015,FY,Annual,2014-09-28,2015-09-26,2015-10-28,10-K,72515000000,USD,0001193125-15-356351,
AAPL,Income Statement,Pre-Tax Income,IncomeLossFromContinuingOperationsBeforeIncomeTaxesExtraordinaryItemsNoncontrollingInterest,2016,FY,Annual,2014-09-28,2015-09-26,2016-10-26,10-K,72515000000,USD,0001628280-16-020309,
AAPL,Income Statement,Pre-Tax Income,IncomeLossFromContinuingOperationsBeforeIncomeTaxesExtraordinaryItemsNoncontrollingInterest,2017,FY,Annual,2014-09-28,2015-09-26,2017-11-03,10-K,72515000000,USD,0000320193-17-000070,CY2015
AAPL,Income Statement,Pre-Tax Income,IncomeLossFromContinuingOperationsBeforeIncomeTaxesExtraordinaryItemsNoncontrollingInterest,2016,FY,Annual,2015-09-27,2016-09-24,2016-10-26,10-K,61372000000,USD,0001628280-16-020309,
AAPL,Income Statement,Pre-Tax Income,IncomeLossFromContinuingOperationsBeforeIncomeTaxesExtraordinaryItemsNoncontrollingInterest,2017,FY,Annual,2015-09-27,2016-09-24,2017-11-03,10-K,61372000000,USD,0000320193-17-000070,
AAPL,Income Statement,Pre-Tax Income,IncomeLossFromContinuingOperationsBeforeIncomeTaxesExtraordinaryItemsNoncontrollingInterest,2018,FY,Annual,2015-09-27,2016-09-24,2018-11-05,10-K,61372000000,USD,0000320193-18-000145,CY2016
AAPL,Income Statement,Pre-Tax Income,IncomeLossFromContinuingOperationsBeforeIncomeTaxesExtraordinaryItemsNoncontrollingInterest,2017,FY,Annual,2016-09-25,2017-09-30,2017-11-03,10-K,64089000000,USD,0000320193-17-000070,
AAPL,Income Statement,Pre-Tax Income,IncomeLossFromContinuingOperationsBeforeIncomeTaxesExtraordinaryItemsNoncontrollingInterest,2018,FY,Annual,2016-09-25,2017-09-30,2018-11-05,10-K,64089000000,USD,0000320193-18-000145,
AAPL,Income Statement,Pre-Tax Income,IncomeLossFromContinuingOperationsBeforeIncomeTaxesExtraordinaryItemsNoncontrollingInterest,2019,FY,Annual,2016-09-25,2017-09-30,2019-10-31,10-K,64089000000,USD,0000320193-19-000119,CY2017
AAPL,Income Statement,Pre-Tax Income,IncomeLossFromContinuingOperationsBeforeIncomeTaxesExtraordinaryItemsNoncontrollingInterest,2018,FY,Annual,2017-10-01,2018-09-29,2018-11-05,10-K,72903000000,USD,0000320193-18-000145,
AAPL,Income Statement,Pre-Tax Income,IncomeLossFromContinuingOperationsBeforeIncomeTaxesExtraordinaryItemsNoncontrollingInterest,2019,FY,Annual,2017-10-01,2018-09-29,2019-10-31,10-K,72903000000,USD,0000320193-19-000119,
AAPL,Income Statement,Pre-Tax Income,IncomeLossFromContinuingOperationsBeforeIncomeTaxesExtraordinaryItemsNoncontrollingInterest,2020,FY,Annual,2017-10-01,2018-09-29,2020-10-30,10-K,72903000000,USD,0000320193-20-000096,CY2018
AAPL,Income Statement,Pre-Tax Income,IncomeLossFromContinuingOperationsBeforeIncomeTaxesExtraordinaryItemsNoncontrollingInterest,2019,FY,Annual,2018-09-30,2019-09-28,2019-10-31,10-K,65737000000,USD,0000320193-19-000119,
AAPL,Income Statement,Pre-Tax Income,IncomeLossFromContinuingOperationsBeforeIncomeTaxesExtraordinaryItemsNoncontrollingInterest,2020,FY,Annual,2018-09-30,2019-09-28,2020-10-30,10-K,65737000000,USD,0000320193-20-000096,
AAPL,Income Statement,Pre-Tax Income,IncomeLossFromContinuingOperationsBeforeIncomeTaxesExtraordinaryItemsNoncontrollingInterest,2021,FY,Annual,2018-09-30,2019-09-28,2021-10-29,10-K,65737000000,USD,0000320193-21-000105,CY2019
AAPL,Income Statement,Pre-Tax Income,IncomeLossFromContinuingOperationsBeforeIncomeTaxesExtraordinaryItemsNoncontrollingInterest,2020,FY,Annual,2019-09-29,2020-09-26,2020-10-30,10-K,67091000000,USD,0000320193-20-000096,
AAPL,Income Statement,Pre-Tax Income,IncomeLossFromContinuingOperationsBeforeIncomeTaxesExtraordinaryItemsNoncontrollingInterest,2021,FY,Annual,2019-09-29,2020-09-26,2021-10-29,10-K,67091000000,USD,0000320193-21-000105,
AAPL,Income Statement,Pre-Tax Income,IncomeLossFromContinuingOperationsBeforeIncomeTaxesExtraordinaryItemsNoncontrollingInterest,2022,FY,Annual,2019-09-29,2020-09-26,2022-10-28,10-K,67091000000,USD,0000320193-22-000108,CY2020
AAPL,Income Statement,Pre-Tax Income,IncomeLossFromContinuingOperationsBeforeIncomeTaxesExtraordinaryItemsNoncontrollingInterest,2021,FY,Annual,2020-09-27,2021-09-25,2021-10-29,10-K,109207000000,USD,0000320193-21-000105,
AAPL,Income Statement,Pre-Tax Income,IncomeLossFromContinuingOperationsBeforeIncomeTaxesExtraordinaryItemsNoncontrollingInterest,2022,FY,Annual,2020-09-27,2021-09-25,2022-10-28,10-K,109207000000,USD,0000320193-22-000108,
AAPL,Income Statement,Pre-Tax Income,IncomeLossFromContinuingOperationsBeforeIncomeTaxesExtraordinaryItemsNoncontrollingInterest,2023,FY,Annual,2020-09-27,2021-09-25,2023-11-03,10-K,109207000000,USD,0000320193-23-000106,CY2021
AAPL,Income Statement,Pre-Tax Income,IncomeLossFromContinuingOperationsBeforeIncomeTaxesExtraordinaryItemsNoncontrollingInterest,2022,FY,Annual,2021-09-26,2022-09-24,2022-10-28,10-K,119103000000,USD,0000320193-22-000108,
AAPL,Income Statement,Pre-Tax Income,IncomeLossFromContinuingOperationsBeforeIncomeTaxesExtraordinaryItemsNoncontrollingInterest,2023,FY,Annual,2021-09-26,2022-09-24,2023-11-03,10-K,119103000000,USD,0000320193-23-000106,
AAPL,Income Statement,Pre-Tax Income,IncomeLossFromContinuingOperationsBeforeIncomeTaxesExtraordinaryItemsNoncontrollingInterest,2024,FY,Annual,2021-09-26,2022-09-24,2024-11-01,10-K,119103000000,USD,0000320193-24-000123,CY2022
AAPL,Income Statement,Pre-Tax Income,IncomeLossFromContinuingOperationsBeforeIncomeTaxesExtraordinaryItemsNoncontrollingInterest,2023,FY,Annual,2022-09-25,2023-09-30,2023-11-03,10-K,113736000000,USD,0000320193-23-000106,
AAPL,Income Statement,Pre-Tax Income,IncomeLossFromContinuingOperationsBeforeIncomeTaxesExtraordinaryItemsNoncontrollingInterest,2024,FY,Annual,2022-09-25,2023-09-30,2024-11-01,10-K,113736000000,USD,0000320193-24-000123,
AAPL,Income Statement,Pre-Tax Income,IncomeLossFromContinuingOperationsBeforeIncomeTaxesExtraordinaryItemsNoncontrollingInterest,2025,FY,Annual,2022-09-25,2023-09-30,2025-10-31,10-K,113736000000,USD,0000320193-25-000079,CY2023
AAPL,Income Statement,Pre-Tax Income,IncomeLossFromContinuingOperationsBeforeIncomeTaxesExtraordinaryItemsNoncontrollingInterest,2024,FY,Annual,2023-10-01,2024-09-28,2024-11-01,10-K,123485000000,USD,0000320193-24-000123,
AAPL,Income Statement,Pre-Tax Income,IncomeLossFromContinuingOperationsBeforeIncomeTaxesExtraordinaryItemsNoncontrollingInterest,2025,FY,Annual,2023-10-01,2024-09-28,2025-10-31,10-K,123485000000,USD,0000320193-25-000079,CY2024
AAPL,Income Statement,Pre-Tax Income,IncomeLossFromContinuingOperationsBeforeIncomeTaxesExtraordinaryItemsNoncontrollingInterest,2025,FY,Annual,2024-09-29,2025-09-27,2025-10-31,10-K,132729000000,USD,0000320193-25-000079,CY2025
AAPL,Income Statement,Pre-Tax Income,IncomeLossFromContinuingOperationsBeforeIncomeTaxesExtraordinaryItemsNoncontrollingInterest,2014,Q1,Quarter,2012-09-30,2012-12-29,2014-01-28,10-Q,17672000000,USD,0001193125-14-024487,CY2012Q4
AAPL,Income Statement,Pre-Tax Income,IncomeLossFromContinuingOperationsBeforeIncomeTaxesExtraordinaryItemsNoncontrollingInterest,2014,Q1,Quarter,2013-09-29,2013-12-28,2014-01-28,10-Q,17709000000,USD,0001193125-14-024487,
AAPL,Income Statement,Pre-Tax Income,IncomeLossFromContinuingOperationsBeforeIncomeTaxesExtraordinaryItemsNoncontrollingInterest,2015,Q1,Quarter,2013-09-29,2013-12-28,2015-01-28,10-Q,17709000000,USD,0001193125-15-023697,CY2013Q4
AAPL,Income Statement,Pre-Tax Income,IncomeLossFromContinuingOperationsBeforeIncomeTaxesExtraordinaryItemsNoncontrollingInterest,2015,Q1,Quarter,2014-09-28,2014-12-27,2015-01-28,10-Q,24416000000,USD,0001193125-15-023697,
AAPL,Income Statement,Pre-Tax Income,IncomeLossFromContinuingOperationsBeforeIncomeTaxesExtraordinaryItemsNoncontrollingInterest,2016,Q1,Quarter,2014-09-28,2014-12-27,2016-01-27,10-Q,24416000000,USD,0001193125-16-439878,CY2014Q4
AAPL,Income Statement,Pre-Tax Income,IncomeLossFromContinuingOperationsBeforeIncomeTaxesExtraordinaryItemsNoncontrollingInterest,2016,Q1,Quarter,2015-09-27,2015-12-26,2016-01-27,10-Q,24573000000,USD,0001193125-16-439878,
AAPL,Income Statement,Pre-Tax Income,IncomeLossFromContinuingOperationsBeforeIncomeTaxesExtraordinaryItemsNoncontrollingInterest,2017,Q1,Quarter,2015-09-27,2015-12-26,2017-02-01,10-Q,24573000000,USD,0001628280-17-000717,CY2015Q4
AAPL,Income Statement,Pre-Tax Income,IncomeLossFromContinuingOperationsBeforeIncomeTaxesExtraordinaryItemsNoncontrollingInterest,2017,Q1,Quarter,2016-09-25,2016-12-31,2017-02-01,10-Q,24180000000,USD,0001628280-17-000717,
AAPL,Income Statement,Pre-Tax Income,IncomeLossFromContinuingOperationsBeforeIncomeTaxesExtraordinaryItemsNoncontrollingInterest,2018,Q1,Quarter,2016-09-25,2016-12-31,2018-02-02,10-Q,24180000000,USD,0000320193-18-000007,CY2016Q4
AAPL,Income Statement,Pre-Tax Income,IncomeLossFromContinuingOperationsBeforeIncomeTaxesExtraordinaryItemsNoncontrollingInterest,2018,Q1,Quarter,2017-10-01,2017-12-30,2018-02-02,10-Q,27030000000,USD,0000320193-18-000007,
AAPL,Income Statement,Pre-Tax Income,IncomeLossFromContinuingOperationsBeforeIncomeTaxesExtraordinaryItemsNoncontrollingInterest,2019,Q1,Quarter,2017-10-01,2017-12-30,2019-01-30,10-Q,27030000000,USD,0000320193-19-000010,CY2017Q4
AAPL,Income Statement,Pre-Tax Income,IncomeLossFromContinuingOperationsBeforeIncomeTaxesExtraordinaryItemsNoncontrollingInterest,2019,Q1,Quarter,2018-09-30,2018-12-29,2019-01-30,10-Q,23906000000,USD,0000320193-19-000010,
AAPL,Income Statement,Pre-Tax Income,IncomeLossFromContinuingOperationsBeforeIncomeTaxesExtraordinaryItemsNoncontrollingInterest,2020,Q1,Quarter,2018-09-30,2018-12-29,2020-01-29,10-Q,23906000000,USD,0000320193-20-000010,CY2018Q4
AAPL,Income Statement,Pre-Tax Income,IncomeLossFromContinuingOperationsBeforeIncomeTaxesExtraordinaryItemsNoncontrollingInterest,2020,Q1,Quarter,2019-09-29,2019-12-28,2020-01-29,10-Q,25918000000,USD,0000320193-20-000010,
AAPL,Income Statement,Pre-Tax Income,IncomeLossFromContinuingOperationsBeforeIncomeTaxesExtraordinaryItemsNoncontrollingInterest,2021,Q1,Quarter,2019-09-29,2019-12-28,2021-01-28,10-Q,25918000000,USD,0000320193-21-000010,CY2019Q4
AAPL,Income Statement,Pre-Tax Income,IncomeLossFromContinuingOperationsBeforeIncomeTaxesExtraordinaryItemsNoncontrollingInterest,2021,Q1,Quarter,2020-09-27,2020-12-26,2021-01-28,10-Q,33579000000,USD,0000320193-21-000010,
AAPL,Income Statement,Pre-Tax Income,IncomeLossFromContinuingOperationsBeforeIncomeTaxesExtraordinaryItemsNoncontrollingInterest,2022,Q1,Quarter,2020-09-27,2020-12-26,2022-01-28,10-Q,33579000000,USD,0000320193-22-000007,CY2020Q4
AAPL,Income Statement,Pre-Tax Income,IncomeLossFromContinuingOperationsBeforeIncomeTaxesExtraordinaryItemsNoncontrollingInterest,2022,Q1,Quarter,2021-09-26,2021-12-25,2022-01-28,10-Q,41241000000,USD,0000320193-22-000007,
AAPL,Income Statement,Pre-Tax Income,IncomeLossFromContinuingOperationsBeforeIncomeTaxesExtraordinaryItemsNoncontrollingInterest,2023,Q1,Quarter,2021-09-26,2021-12-25,2023-02-03,10-Q,41241000000,USD,0000320193-23-000006,CY2021Q4
AAPL,Income Statement,Pre-Tax Income,IncomeLossFromContinuingOperationsBeforeIncomeTaxesExtraordinaryItemsNoncontrollingInterest,2023,Q1,Quarter,2022-09-25,2022-12-31,2023-02-03,10-Q,35623000000,USD,0000320193-23-000006,
AAPL,Income Statement,Pre-Tax Income,IncomeLossFromContinuingOperationsBeforeIncomeTaxesExtraordinaryItemsNoncontrollingInterest,2024,Q1,Quarter,2022-09-25,2022-12-31,2024-02-02,10-Q,35623000000,USD,0000320193-24-000006,CY2022Q4
AAPL,Income Statement,Pre-Tax Income,IncomeLossFromContinuingOperationsBeforeIncomeTaxesExtraordinaryItemsNoncontrollingInterest,2024,Q1,Quarter,2023-10-01,2023-12-30,2024-02-02,10-Q,40323000000,USD,0000320193-24-000006,
AAPL,Income Statement,Pre-Tax Income,IncomeLossFromContinuingOperationsBeforeIncomeTaxesExtraordinaryItemsNoncontrollingInterest,2025,Q1,Quarter,2023-10-01,2023-12-30,2025-01-31,10-Q,40323000000,USD,0000320193-25-000008,CY2023Q4
AAPL,Income Statement,Pre-Tax Income,IncomeLossFromContinuingOperationsBeforeIncomeTaxesExtraordinaryItemsNoncontrollingInterest,2025,Q1,Quarter,2024-09-29,2024-12-28,2025-01-31,10-Q,42584000000,USD,0000320193-25-000008,
AAPL,Income Statement,Pre-Tax Income,IncomeLossFromContinuingOperationsBeforeIncomeTaxesExtraordinaryItemsNoncontrollingInterest,2026,Q1,Quarter,2024-09-29,2024-12-28,2026-01-30,10-Q,42584000000,USD,0000320193-26-000006,CY2024Q4
AAPL,Income Statement,Pre-Tax Income,IncomeLossFromContinuingOperationsBeforeIncomeTaxesExtraordinaryItemsNoncontrollingInterest,2026,Q1,Quarter,2025-09-28,2025-12-27,2026-01-30,10-Q,51002000000,USD,0000320193-26-000006,CY2025Q4
AAPL,Income Statement,Pre-Tax Income,IncomeLossFromContinuingOperationsBeforeIncomeTaxesExtraordinaryItemsNoncontrollingInterest,2014,Q2,YTD,2012-09-30,2013-03-30,2014-04-24,10-Q,30577000000,USD,0001193125-14-157311,
AAPL,Income Statement,Pre-Tax Income,IncomeLossFromContinuingOperationsBeforeIncomeTaxesExtraordinaryItemsNoncontrollingInterest,2014,Q2,Quarter,2012-12-30,2013-03-30,2014-04-24,10-Q,12905000000,USD,0001193125-14-157311,CY2013Q1
AAPL,Income Statement,Pre-Tax Income,IncomeLossFromContinuingOperationsBeforeIncomeTaxesExtraordinaryItemsNoncontrollingInterest,2014,Q2,YTD,2013-09-29,2014-03-29,2014-04-24,10-Q,31527000000,USD,0001193125-14-157311,
AAPL,Income Statement,Pre-Tax Income,IncomeLossFromContinuingOperationsBeforeIncomeTaxesExtraordinaryItemsNoncontrollingInterest,2015,Q2,YTD,2013-09-29,2014-03-29,2015-04-28,10-Q,31527000000,USD,0001193125-15-153166,
AAPL,Income Statement,Pre-Tax Income,IncomeLossFromContinuingOperationsBeforeIncomeTaxesExtraordinaryItemsNoncontrollingInterest,2014,Q2,Quarter,2013-12-29,2014-03-29,2014-04-24,10-Q,13818000000,USD,0001193125-14-157311,
AAPL,Income Statement,Pre-Tax Income,IncomeLossFromContinuingOperationsBeforeIncomeTaxesExtraordinaryItemsNoncontrollingInterest,2015,Q2,Quarter,2013-12-29,2014-03-29,2015-04-28,10-Q,13818000000,USD,0001193125-15-153166,CY2014Q1
AAPL,Income Statement,Pre-Tax Income,IncomeLossFromContinuingOperationsBeforeIncomeTaxesExtraordinaryItemsNoncontrollingInterest,2015,Q2,YTD,2014-09-28,2015-03-28,2015-04-28,10-Q,42980000000,USD,0001193125-15-153166,
AAPL,Income Statement,Pre-Tax Income,IncomeLossFromContinuingOperationsBeforeIncomeTaxesExtraordinaryItemsNoncontrollingInterest,2016,Q2,YTD,2014-09-28,2015-03-28,2016-04-27,10-Q,42980000000,USD,0001193125-16-559625,
AAPL,Income Statement,Pre-Tax Income,IncomeLossFromContinuingOperationsBeforeIncomeTaxesExtraordinaryItemsNoncontrollingInterest,2015,Q2,Quarter,2014-12-28,2015-03-28,2015-04-28,10-Q,18564000000,USD,0001193125-15-153166,
AAPL,Income Statement,Pre-Tax Income,IncomeLossFromContinuingOperationsBeforeIncomeTaxesExtraordinaryItemsNoncontrollingInterest,2016,Q2,Quarter,2014-12-28,2015-03-28,2016-04-27,10-Q,18564000000,USD,0001193125-16-559625,CY2015Q1
AAPL,Income Statement,Pre-Tax Income,IncomeLossFromContinuingOperationsBeforeIncomeTaxesExtraordinaryItemsNoncontrollingInterest,2016,Q2,YTD,2015-09-27,2016-03-26,2016-04-27,10-Q,38715000000,USD,0001193125-16-559625,
AAPL,Income Statement,Pre-Tax Income,IncomeLossFromContinuingOperationsBeforeIncomeTaxesExtraordinaryItemsNoncontrollingInterest,2017,Q2,YTD,2015-09-27,2016-03-26,2017-05-03,10-Q,38715000000,USD,0001628280-17-004790,
AAPL,Income Statement,Pre-Tax Income,IncomeLossFromContinuingOperationsBeforeIncomeTaxesExtraordinaryItemsNoncontrollingInterest,2016,Q2,Quarter,2015-12-27,2016-03-26,2016-04-27,10-Q,14142000000,USD,0001193125-16-559625,
AAPL,Income Statement,Pre-Tax Income,IncomeLossFromContinuingOperationsBeforeIncomeTaxesExtraordinaryItemsNoncontrollingInterest,2017,Q2,Quarter,2015-12-27,2016-03-26,2017-05-03,10-Q,14142000000,USD,0001628280-17-004790,CY2016Q1
AAPL,Income Statement,Pre-Tax Income,IncomeLossFromContinuingOperationsBeforeIncomeTaxesExtraordinaryItemsNoncontrollingInterest,2017,Q2,YTD,2016-09-25,2017-04-01,2017-05-03,10-Q,38864000000,USD,0001628280-17-004790,
AAPL,Income Statement,Pre-Tax Income,IncomeLossFromContinuingOperationsBeforeIncomeTaxesExtraordinaryItemsNoncontrollingInterest,2018,Q2,YTD,2016-09-25,2017-04-01,2018-05-02,10-Q,38864000000,USD,0000320193-18-000070,
AAPL,Income Statement,Pre-Tax Income,IncomeLossFromContinuingOperationsBeforeIncomeTaxesExtraordinaryItemsNoncontrollingInterest,2017,Q2,Quarter,2017-01-01,2017-04-01,2017-05-03,10-Q,14684000000,USD,0001628280-17-004790,
AAPL,Income Statement,Pre-Tax Income,IncomeLossFromContinuingOperationsBeforeIncomeTaxesExtraordinaryItemsNoncontrollingInterest,2018,Q2,Quarter,2017-01-01,2017-04-01,2018-05-02,10-Q,14684000000,USD,0000320193-18-000070,CY2017Q1
AAPL,Income Statement,Pre-Tax Income,IncomeLossFromContinuingOperationsBeforeIncomeTaxesExtraordinaryItemsNoncontrollingInterest,2018,Q2,YTD,2017-10-01,2018-03-31,2018-05-02,10-Q,43198000000,USD,0000320193-18-000070,
AAPL,Income Statement,Pre-Tax Income,IncomeLossFromContinuingOperationsBeforeIncomeTaxesExtraordinaryItemsNoncontrollingInterest,2019,Q2,YTD,2017-10-01,2018-03-31,2019-05-01,10-Q,43198000000,USD,0000320193-19-000066,
AAPL,Income Statement,Pre-Tax Income,IncomeLossFromContinuingOperationsBeforeIncomeTaxesExtraordinaryItemsNoncontrollingInterest,2018,Q2,Quarter,2017-12-31,2018-03-31,2018-05-02,10-Q,16168000000,USD,0000320193-18-000070,
AAPL,Income Statement,Pre-Tax Income,IncomeLossFromContinuingOperationsBeforeIncomeTaxesExtraordinaryItemsNoncontrollingInterest,2019,Q2,Quarter,2017-12-31,2018-03-31,2019-05-01,10-Q,16168000000,USD,0000320193-19-000066,CY2018Q1
AAPL,Income Statement,Pre-Tax Income,IncomeLossFromContinuingOperationsBeforeIncomeTaxesExtraordinaryItemsNoncontrollingInterest,2019,Q2,YTD,2018-09-30,2019-03-30,2019-05-01,10-Q,37699000000,USD,0000320193-19-000066,
AAPL,Income Statement,Pre-Tax Income,IncomeLossFromContinuingOperationsBeforeIncomeTaxesExtraordinaryItemsNoncontrollingInterest,2020,Q2,YTD,2018-09-30,2019-03-30,2020-05-01,10-Q,37699000000,USD,0000320193-20-000052,
AAPL,Income Statement,Pre-Tax Income,IncomeLossFromContinuingOperationsBeforeIncomeTaxesExtraordinaryItemsNoncontrollingInterest,2019,Q2,Quarter,2018-12-30,2019-03-30,2019-05-01,10-Q,13793000000,USD,0000320193-19-000066,
AAPL,Income Statement,Pre-Tax Income,IncomeLossFromContinuingOperationsBeforeIncomeTaxesExtraordinaryItemsNoncontrollingInterest,2020,Q2,Quarter,2018-12-30,2019-03-30,2020-05-01,10-Q,13793000000,USD,0000320193-20-000052,CY2019Q1
AAPL,Income Statement,Pre-Tax Income,IncomeLossFromContinuingOperationsBeforeIncomeTaxesExtraordinaryItemsNoncontrollingInterest,2020,Q2,YTD,2019-09-29,2020-03-28,2020-05-01,10-Q,39053000000,USD,0000320193-20-000052,
AAPL,Income Statement,Pre-Tax Income,IncomeLossFromContinuingOperationsBeforeIncomeTaxesExtraordinaryItemsNoncontrollingInterest,2021,Q2,YTD,2019-09-29,2020-03-28,2021-04-29,10-Q,39053000000,USD,0000320193-21-000056,
AAPL,Income Statement,Pre-Tax Income,IncomeLossFromContinuingOperationsBeforeIncomeTaxesExtraordinaryItemsNoncontrollingInterest,2020,Q2,Quarter,2019-12-29,2020-03-28,2020-05-01,10-Q,13135000000,USD,0000320193-20-000052,
AAPL,Income Statement,Pre-Tax Income,IncomeLossFromContinuingOperationsBeforeIncomeTaxesExtraordinaryItemsNoncontrollingInterest,2021,Q2,Quarter,2019-12-29,2020-03-28,2021-04-29,10-Q,13135000000,USD,0000320193-21-000056,CY2020Q1
AAPL,Income Statement,Pre-Tax Income,IncomeLossFromContinuingOperationsBeforeIncomeTaxesExtraordinaryItemsNoncontrollingInterest,2021,Q2,YTD,2020-09-27,2021-03-27,2021-04-29,10-Q,61590000000,USD,0000320193-21-000056,
AAPL,Income Statement,Pre-Tax Income,IncomeLossFromContinuingOperationsBeforeIncomeTaxesExtraordinaryItemsNoncontrollingInterest,2022,Q2,YTD,2020-09-27,2021-03-27,2022-04-29,10-Q,61590000000,USD,0000320193-22-000059,
AAPL,Income Statement,Pre-Tax Income,IncomeLossFromContinuingOperationsBeforeIncomeTaxesExtraordinaryItemsNoncontrollingInterest,2021,Q2,Quarter,2020-12-27,2021-03-27,2021-04-29,10-Q,28011000000,USD,0000320193-21-000056,
AAPL,Income Statement,Pre-Tax Income,IncomeLossFromContinuingOperationsBeforeIncomeTaxesExtraordinaryItemsNoncontrollingInterest,2022,Q2,Quarter,2020-12-27,2021-03-27,2022-04-29,10-Q,28011000000,USD,0000320193-22-000059,CY2021Q1
AAPL,Income Statement,Pre-Tax Income,IncomeLossFromContinuingOperationsBeforeIncomeTaxesExtraordinaryItemsNoncontrollingInterest,2022,Q2,YTD,2021-09-26,2022-03-26,2022-04-29,10-Q,71380000000,USD,0000320193-22-000059,
AAPL,Income Statement,Pre-Tax Income,IncomeLossFromContinuingOperationsBeforeIncomeTaxesExtraordinaryItemsNoncontrollingInterest,2023,Q2,YTD,2021-09-26,2022-03-26,2023-05-05,10-Q,71380000000,USD,0000320193-23-000064,
AAPL,Income Statement,Pre-Tax Income,IncomeLossFromContinuingOperationsBeforeIncomeTaxesExtraordinaryItemsNoncontrollingInterest,2022,Q2,Quarter,2021-12-26,2022-03-26,2022-04-29,10-Q,30139000000,USD,0000320193-22-000059,
AAPL,Income Statement,Pre-Tax Income,IncomeLossFromContinuingOperationsBeforeIncomeTaxesExtraordinaryItemsNoncontrollingInterest,2023,Q2,Quarter,2021-12-26,2022-03-26,2023-05-05,10-Q,30139000000,USD,0000320193-23-000064,CY2022Q1
AAPL,Income Statement,Pre-Tax Income,IncomeLossFromContinuingOperationsBeforeIncomeTaxesExtraordinaryItemsNoncontrollingInterest,2023,Q2,YTD,2022-09-25,2023-04-01,2023-05-05,10-Q,64005000000,USD,0000320193-23-000064,
AAPL,Income Statement,Pre-Tax Income,IncomeLossFromContinuingOperationsBeforeIncomeTaxesExtraordinaryItemsNoncontrollingInterest,2024,Q2,YTD,2022-09-25,2023-04-01,2024-05-03,10-Q,64005000000,USD,0000320193-24-000069,
AAPL,Income Statement,Pre-Tax Income,IncomeLossFromContinuingOperationsBeforeIncomeTaxesExtraordinaryItemsNoncontrollingInterest,2023,Q2,Quarter,2023-01-01,2023-04-01,2023-05-05,10-Q,28382000000,USD,0000320193-23-000064,
AAPL,Income Statement,Pre-Tax Income,IncomeLossFromContinuingOperationsBeforeIncomeTaxesExtraordinaryItemsNoncontrollingInterest,2024,Q2,Quarter,2023-01-01,2023-04-01,2024-05-03,10-Q,28382000000,USD,0000320193-24-000069,CY2023Q1
AAPL,Income Statement,Pre-Tax Income,IncomeLossFromContinuingOperationsBeforeIncomeTaxesExtraordinaryItemsNoncontrollingInterest,2024,Q2,YTD,2023-10-01,2024-03-30,2024-05-03,10-Q,68381000000,USD,0000320193-24-000069,
AAPL,Income Statement,Pre-Tax Income,IncomeLossFromContinuingOperationsBeforeIncomeTaxesExtraordinaryItemsNoncontrollingInterest,2025,Q2,YTD,2023-10-01,2024-03-30,2025-05-02,10-Q,68381000000,USD,0000320193-25-000057,
AAPL,Income Statement,Pre-Tax Income,IncomeLossFromContinuingOperationsBeforeIncomeTaxesExtraordinaryItemsNoncontrollingInterest,2024,Q2,Quarter,2023-12-31,2024-03-30,2024-05-03,10-Q,28058000000,USD,0000320193-24-000069,
AAPL,Income Statement,Pre-Tax Income,IncomeLossFromContinuingOperationsBeforeIncomeTaxesExtraordinaryItemsNoncontrollingInterest,2025,Q2,Quarter,2023-12-31,2024-03-30,2025-05-02,10-Q,28058000000,USD,0000320193-25-000057,CY2024Q1
AAPL,Income Statement,Pre-Tax Income,IncomeLossFromContinuingOperationsBeforeIncomeTaxesExtraordinaryItemsNoncontrollingInterest,2025,Q2,YTD,2024-09-29,2025-03-29,2025-05-02,10-Q,71894000000,USD,0000320193-25-000057,
AAPL,Income Statement,Pre-Tax Income,IncomeLossFromContinuingOperationsBeforeIncomeTaxesExtraordinaryItemsNoncontrollingInterest,2026,Q2,YTD,2024-09-29,2025-03-29,2026-05-01,10-Q,71894000000,USD,0000320193-26-000013,
AAPL,Income Statement,Pre-Tax Income,IncomeLossFromContinuingOperationsBeforeIncomeTaxesExtraordinaryItemsNoncontrollingInterest,2025,Q2,Quarter,2024-12-29,2025-03-29,2025-05-02,10-Q,29310000000,USD,0000320193-25-000057,
AAPL,Income Statement,Pre-Tax Income,IncomeLossFromContinuingOperationsBeforeIncomeTaxesExtraordinaryItemsNoncontrollingInterest,2026,Q2,Quarter,2024-12-29,2025-03-29,2026-05-01,10-Q,29310000000,USD,0000320193-26-000013,CY2025Q1
AAPL,Income Statement,Pre-Tax Income,IncomeLossFromContinuingOperationsBeforeIncomeTaxesExtraordinaryItemsNoncontrollingInterest,2026,Q2,YTD,2025-09-28,2026-03-28,2026-05-01,10-Q,86835000000,USD,0000320193-26-000013,
AAPL,Income Statement,Pre-Tax Income,IncomeLossFromContinuingOperationsBeforeIncomeTaxesExtraordinaryItemsNoncontrollingInterest,2026,Q2,Quarter,2025-12-28,2026-03-28,2026-05-01,10-Q,35833000000,USD,0000320193-26-000013,CY2026Q1
AAPL,Income Statement,Pre-Tax Income,IncomeLossFromContinuingOperationsBeforeIncomeTaxesExtraordinaryItemsNoncontrollingInterest,2013,Q3,Annual,2011-09-25,2012-06-30,2013-07-24,10-Q,44870000000,USD,0001193125-13-300670,
AAPL,Income Statement,Pre-Tax Income,IncomeLossFromContinuingOperationsBeforeIncomeTaxesExtraordinaryItemsNoncontrollingInterest,2013,Q3,Quarter,2012-04-01,2012-06-30,2013-07-24,10-Q,11861000000,USD,0001193125-13-300670,CY2012Q2
AAPL,Income Statement,Pre-Tax Income,IncomeLossFromContinuingOperationsBeforeIncomeTaxesExtraordinaryItemsNoncontrollingInterest,2013,Q3,Annual,2012-09-30,2013-06-29,2013-07-24,10-Q,40012000000,USD,0001193125-13-300670,
AAPL,Income Statement,Pre-Tax Income,IncomeLossFromContinuingOperationsBeforeIncomeTaxesExtraordinaryItemsNoncontrollingInterest,2014,Q3,Annual,2012-09-30,2013-06-29,2014-07-23,10-Q,40012000000,USD,0001193125-14-277160,
AAPL,Income Statement,Pre-Tax Income,IncomeLossFromContinuingOperationsBeforeIncomeTaxesExtraordinaryItemsNoncontrollingInterest,2013,Q3,Quarter,2013-03-31,2013-06-29,2013-07-24,10-Q,9435000000,USD,0001193125-13-300670,
AAPL,Income Statement,Pre-Tax Income,IncomeLossFromContinuingOperationsBeforeIncomeTaxesExtraordinaryItemsNoncontrollingInterest,2014,Q3,Quarter,2013-03-31,2013-06-29,2014-07-23,10-Q,9435000000,USD,0001193125-14-277160,CY2013Q2
AAPL,Income Statement,Pre-Tax Income,IncomeLossFromContinuingOperationsBeforeIncomeTaxesExtraordinaryItemsNoncontrollingInterest,2014,Q3,Annual,2013-09-29,2014-06-28,2014-07-23,10-Q,42011000000,USD,0001193125-14-277160,
AAPL,Income Statement,Pre-Tax Income,IncomeLossFromContinuingOperationsBeforeIncomeTaxesExtraordinaryItemsNoncontrollingInterest,2015,Q3,Annual,2013-09-29,2014-06-28,2015-07-22,10-Q,42011000000,USD,0001193125-15-259935,
AAPL,Income Statement,Pre-Tax Income,IncomeLossFromContinuingOperationsBeforeIncomeTaxesExtraordinaryItemsNoncontrollingInterest,2014,Q3,Quarter,2014-03-30,2014-06-28,2014-07-23,10-Q,10484000000,USD,0001193125-14-277160,
AAPL,Income Statement,Pre-Tax Income,IncomeLossFromContinuingOperationsBeforeIncomeTaxesExtraordinaryItemsNoncontrollingInterest,2015,Q3,Quarter,2014-03-30,2014-06-28,2015-07-22,10-Q,10484000000,USD,0001193125-15-259935,CY2014Q2
AAPL,Income Statement,Pre-Tax Income,IncomeLossFromContinuingOperationsBeforeIncomeTaxesExtraordinaryItemsNoncontrollingInterest,2015,Q3,Annual,2014-09-28,2015-06-27,2015-07-22,10-Q,57453000000,USD,0001193125-15-259935,
AAPL,Income Statement,Pre-Tax Income,IncomeLossFromContinuingOperationsBeforeIncomeTaxesExtraordinaryItemsNoncontrollingInterest,2016,Q3,Annual,2014-09-28,2015-06-27,2016-07-27,10-Q,57453000000,USD,0001628280-16-017809,
AAPL,Income Statement,Pre-Tax Income,IncomeLossFromContinuingOperationsBeforeIncomeTaxesExtraordinaryItemsNoncontrollingInterest,2015,Q3,Quarter,2015-03-29,2015-06-27,2015-07-22,10-Q,14473000000,USD,0001193125-15-259935,
AAPL,Income Statement,Pre-Tax Income,IncomeLossFromContinuingOperationsBeforeIncomeTaxesExtraordinaryItemsNoncontrollingInterest,2016,Q3,Quarter,2015-03-29,2015-06-27,2016-07-27,10-Q,14473000000,USD,0001628280-16-017809,CY2015Q2
AAPL,Income Statement,Pre-Tax Income,IncomeLossFromContinuingOperationsBeforeIncomeTaxesExtraordinaryItemsNoncontrollingInterest,2016,Q3,Annual,2015-09-27,2016-06-25,2016-07-27,10-Q,49184000000,USD,0001628280-16-017809,
AAPL,Income Statement,Pre-Tax Income,IncomeLossFromContinuingOperationsBeforeIncomeTaxesExtraordinaryItemsNoncontrollingInterest,2017,Q3,Annual,2015-09-27,2016-06-25,2017-08-02,10-Q,49184000000,USD,0000320193-17-000009,
AAPL,Income Statement,Pre-Tax Income,IncomeLossFromContinuingOperationsBeforeIncomeTaxesExtraordinaryItemsNoncontrollingInterest,2016,Q3,Quarter,2016-03-27,2016-06-25,2016-07-27,10-Q,10469000000,USD,0001628280-16-017809,
AAPL,Income Statement,Pre-Tax Income,IncomeLossFromContinuingOperationsBeforeIncomeTaxesExtraordinaryItemsNoncontrollingInterest,2017,Q3,Quarter,2016-03-27,2016-06-25,2017-08-02,10-Q,10469000000,USD,0000320193-17-000009,CY2016Q2
AAPL,Income Statement,Pre-Tax Income,IncomeLossFromContinuingOperationsBeforeIncomeTaxesExtraordinaryItemsNoncontrollingInterest,2017,Q3,Annual,2016-09-25,2017-07-01,2017-08-02,10-Q,50172000000,USD,0000320193-17-000009,
AAPL,Income Statement,Pre-Tax Income,IncomeLossFromContinuingOperationsBeforeIncomeTaxesExtraordinaryItemsNoncontrollingInterest,2018,Q3,Annual,2016-09-25,2017-07-01,2018-08-01,10-Q,50172000000,USD,0000320193-18-000100,
AAPL,Income Statement,Pre-Tax Income,IncomeLossFromContinuingOperationsBeforeIncomeTaxesExtraordinaryItemsNoncontrollingInterest,2017,Q3,Quarter,2017-04-02,2017-07-01,2017-08-02,10-Q,11308000000,USD,0000320193-17-000009,
AAPL,Income Statement,Pre-Tax Income,IncomeLossFromContinuingOperationsBeforeIncomeTaxesExtraordinaryItemsNoncontrollingInterest,2018,Q3,Quarter,2017-04-02,2017-07-01,2018-08-01,10-Q,11308000000,USD,0000320193-18-000100,CY2017Q2
AAPL,Income Statement,Pre-Tax Income,IncomeLossFromContinuingOperationsBeforeIncomeTaxesExtraordinaryItemsNoncontrollingInterest,2018,Q3,Annual,2017-10-01,2018-06-30,2018-08-01,10-Q,56482000000,USD,0000320193-18-000100,
AAPL,Income Statement,Pre-Tax Income,IncomeLossFromContinuingOperationsBeforeIncomeTaxesExtraordinaryItemsNoncontrollingInterest,2019,Q3,Annual,2017-10-01,2018-06-30,2019-07-31,10-Q,56482000000,USD,0000320193-19-000076,
AAPL,Income Statement,Pre-Tax Income,IncomeLossFromContinuingOperationsBeforeIncomeTaxesExtraordinaryItemsNoncontrollingInterest,2018,Q3,Quarter,2018-04-01,2018-06-30,2018-08-01,10-Q,13284000000,USD,0000320193-18-000100,
AAPL,Income Statement,Pre-Tax Income,IncomeLossFromContinuingOperationsBeforeIncomeTaxesExtraordinaryItemsNoncontrollingInterest,2019,Q3,Quarter,2018-04-01,2018-06-30,2019-07-31,10-Q,13284000000,USD,0000320193-19-000076,CY2018Q2
AAPL,Income Statement,Pre-Tax Income,IncomeLossFromContinuingOperationsBeforeIncomeTaxesExtraordinaryItemsNoncontrollingInterest,2019,Q3,Annual,2018-09-30,2019-06-29,2019-07-31,10-Q,49610000000,USD,0000320193-19-000076,
AAPL,Income Statement,Pre-Tax Income,IncomeLossFromContinuingOperationsBeforeIncomeTaxesExtraordinaryItemsNoncontrollingInterest,2020,Q3,Annual,2018-09-30,2019-06-29,2020-07-31,10-Q,49610000000,USD,0000320193-20-000062,
AAPL,Income Statement,Pre-Tax Income,IncomeLossFromContinuingOperationsBeforeIncomeTaxesExtraordinaryItemsNoncontrollingInterest,2019,Q3,Quarter,2019-03-31,2019-06-29,2019-07-31,10-Q,11911000000,USD,0000320193-19-000076,
AAPL,Income Statement,Pre-Tax Income,IncomeLossFromContinuingOperationsBeforeIncomeTaxesExtraordinaryItemsNoncontrollingInterest,2020,Q3,Quarter,2019-03-31,2019-06-29,2020-07-31,10-Q,11911000000,USD,0000320193-20-000062,CY2019Q2
AAPL,Income Statement,Pre-Tax Income,IncomeLossFromContinuingOperationsBeforeIncomeTaxesExtraordinaryItemsNoncontrollingInterest,2020,Q3,Annual,2019-09-29,2020-06-27,2020-07-31,10-Q,52190000000,USD,0000320193-20-000062,
AAPL,Income Statement,Pre-Tax Income,IncomeLossFromContinuingOperationsBeforeIncomeTaxesExtraordinaryItemsNoncontrollingInterest,2021,Q3,Annual,2019-09-29,2020-06-27,2021-07-28,10-Q,52190000000,USD,0000320193-21-000065,
AAPL,Income Statement,Pre-Tax Income,IncomeLossFromContinuingOperationsBeforeIncomeTaxesExtraordinaryItemsNoncontrollingInterest,2020,Q3,Quarter,2020-03-29,2020-06-27,2020-07-31,10-Q,13137000000,USD,0000320193-20-000062,
AAPL,Income Statement,Pre-Tax Income,IncomeLossFromContinuingOperationsBeforeIncomeTaxesExtraordinaryItemsNoncontrollingInterest,2021,Q3,Quarter,2020-03-29,2020-06-27,2021-07-28,10-Q,13137000000,USD,0000320193-21-000065,CY2020Q2
AAPL,Income Statement,Pre-Tax Income,IncomeLossFromContinuingOperationsBeforeIncomeTaxesExtraordinaryItemsNoncontrollingInterest,2021,Q3,Annual,2020-09-27,2021-06-26,2021-07-28,10-Q,85959000000,USD,0000320193-21-000065,
AAPL,Income Statement,Pre-Tax Income,IncomeLossFromContinuingOperationsBeforeIncomeTaxesExtraordinaryItemsNoncontrollingInterest,2022,Q3,Annual,2020-09-27,2021-06-26,2022-07-29,10-Q,85959000000,USD,0000320193-22-000070,
AAPL,Income Statement,Pre-Tax Income,IncomeLossFromContinuingOperationsBeforeIncomeTaxesExtraordinaryItemsNoncontrollingInterest,2021,Q3,Quarter,2021-03-28,2021-06-26,2021-07-28,10-Q,24369000000,USD,0000320193-21-000065,
AAPL,Income Statement,Pre-Tax Income,IncomeLossFromContinuingOperationsBeforeIncomeTaxesExtraordinaryItemsNoncontrollingInterest,2022,Q3,Quarter,2021-03-28,2021-06-26,2022-07-29,10-Q,24369000000,USD,0000320193-22-000070,CY2021Q2
AAPL,Income Statement,Pre-Tax Income,IncomeLossFromContinuingOperationsBeforeIncomeTaxesExtraordinaryItemsNoncontrollingInterest,2022,Q3,Annual,2021-09-26,2022-06-25,2022-07-29,10-Q,94446000000,USD,0000320193-22-000070,
AAPL,Income Statement,Pre-Tax Income,IncomeLossFromContinuingOperationsBeforeIncomeTaxesExtraordinaryItemsNoncontrollingInterest,2023,Q3,Annual,2021-09-26,2022-06-25,2023-08-04,10-Q,94446000000,USD,0000320193-23-000077,
AAPL,Income Statement,Pre-Tax Income,IncomeLossFromContinuingOperationsBeforeIncomeTaxesExtraordinaryItemsNoncontrollingInterest,2022,Q3,Quarter,2022-03-27,2022-06-25,2022-07-29,10-Q,23066000000,USD,0000320193-22-000070,
AAPL,Income Statement,Pre-Tax Income,IncomeLossFromContinuingOperationsBeforeIncomeTaxesExtraordinaryItemsNoncontrollingInterest,2023,Q3,Quarter,2022-03-27,2022-06-25,2023-08-04,10-Q,23066000000,USD,0000320193-23-000077,CY2022Q2
AAPL,Income Statement,Pre-Tax Income,IncomeLossFromContinuingOperationsBeforeIncomeTaxesExtraordinaryItemsNoncontrollingInterest,2023,Q3,Annual,2022-09-25,2023-07-01,2023-08-04,10-Q,86738000000,USD,0000320193-23-000077,
AAPL,Income Statement,Pre-Tax Income,IncomeLossFromContinuingOperationsBeforeIncomeTaxesExtraordinaryItemsNoncontrollingInterest,2024,Q3,Annual,2022-09-25,2023-07-01,2024-08-02,10-Q,86738000000,USD,0000320193-24-000081,
AAPL,Income Statement,Pre-Tax Income,IncomeLossFromContinuingOperationsBeforeIncomeTaxesExtraordinaryItemsNoncontrollingInterest,2023,Q3,Quarter,2023-04-02,2023-07-01,2023-08-04,10-Q,22733000000,USD,0000320193-23-000077,
AAPL,Income Statement,Pre-Tax Income,IncomeLossFromContinuingOperationsBeforeIncomeTaxesExtraordinaryItemsNoncontrollingInterest,2024,Q3,Quarter,2023-04-02,2023-07-01,2024-08-02,10-Q,22733000000,USD,0000320193-24-000081,CY2023Q2
AAPL,Income Statement,Pre-Tax Income,IncomeLossFromContinuingOperationsBeforeIncomeTaxesExtraordinaryItemsNoncontrollingInterest,2024,Q3,Annual,2023-10-01,2024-06-29,2024-08-02,10-Q,93875000000,USD,0000320193-24-000081,
AAPL,Income Statement,Pre-Tax Income,IncomeLossFromContinuingOperationsBeforeIncomeTaxesExtraordinaryItemsNoncontrollingInterest,2025,Q3,Annual,2023-10-01,2024-06-29,2025-08-01,10-Q,93875000000,USD,0000320193-25-000073,
AAPL,Income Statement,Pre-Tax Income,IncomeLossFromContinuingOperationsBeforeIncomeTaxesExtraordinaryItemsNoncontrollingInterest,2024,Q3,Quarter,2024-03-31,2024-06-29,2024-08-02,10-Q,25494000000,USD,0000320193-24-000081,
AAPL,Income Statement,Pre-Tax Income,IncomeLossFromContinuingOperationsBeforeIncomeTaxesExtraordinaryItemsNoncontrollingInterest,2025,Q3,Quarter,2024-03-31,2024-06-29,2025-08-01,10-Q,25494000000,USD,0000320193-25-000073,CY2024Q2
AAPL,Income Statement,Pre-Tax Income,IncomeLossFromContinuingOperationsBeforeIncomeTaxesExtraordinaryItemsNoncontrollingInterest,2025,Q3,Annual,2024-09-29,2025-06-28,2025-08-01,10-Q,99925000000,USD,0000320193-25-000073,
AAPL,Income Statement,Pre-Tax Income,IncomeLossFromContinuingOperationsBeforeIncomeTaxesExtraordinaryItemsNoncontrollingInterest,2026,Q3,Annual,2024-09-29,2025-06-28,2026-07-31,10-Q,99925000000,USD,0000320193-26-000020,
AAPL,Income Statement,Pre-Tax Income,IncomeLossFromContinuingOperationsBeforeIncomeTaxesExtraordinaryItemsNoncontrollingInterest,2025,Q3,Quarter,2025-03-30,2025-06-28,2025-08-01,10-Q,28031000000,USD,0000320193-25-000073,
AAPL,Income Statement,Pre-Tax Income,IncomeLossFromContinuingOperationsBeforeIncomeTaxesExtraordinaryItemsNoncontrollingInterest,2026,Q3,Quarter,2025-03-30,2025-06-28,2026-07-31,10-Q,28031000000,USD,0000320193-26-000020,CY2025Q2
AAPL,Income Statement,Pre-Tax Income,IncomeLossFromContinuingOperationsBeforeIncomeTaxesExtraordinaryItemsNoncontrollingInterest,2026,Q3,Annual,2025-09-28,2026-06-27,2026-07-31,10-Q,123102000000,USD,0000320193-26-000020,
AAPL,Income Statement,Pre-Tax Income,IncomeLossFromContinuingOperationsBeforeIncomeTaxesExtraordinaryItemsNoncontrollingInterest,2026,Q3,Quarter,2026-03-29,2026-06-27,2026-07-31,10-Q,36267000000,USD,0000320193-26-000020,CY2026Q2
AAPL,Income Statement,R&D,ResearchAndDevelopmentExpense,2009,FY,Annual,2006-10-01,2007-09-29,2009-10-27,10-K,782000000,USD,0001193125-09-214859,
AAPL,Income Statement,R&D,ResearchAndDevelopmentExpense,2009,FY,Annual,2007-09-30,2008-09-27,2009-10-27,10-K,1109000000,USD,0001193125-09-214859,
AAPL,Income Statement,R&D,ResearchAndDevelopmentExpense,2010,FY,Annual,2007-09-30,2008-09-27,2010-10-27,10-K,1109000000,USD,0001193125-10-238044,CY2008
AAPL,Income Statement,R&D,ResearchAndDevelopmentExpense,2009,FY,Annual,2008-09-28,2009-09-26,2009-10-27,10-K,1333000000,USD,0001193125-09-214859,
AAPL,Income Statement,R&D,ResearchAndDevelopmentExpense,2010,FY,Annual,2008-09-28,2009-09-26,2010-10-27,10-K,1333000000,USD,0001193125-10-238044,
AAPL,Income Statement,R&D,ResearchAndDevelopmentExpense,2011,FY,Annual,2008-09-28,2009-09-26,2011-10-26,10-K,1333000000,USD,0001193125-11-282113,CY2009
AAPL,Income Statement,R&D,ResearchAndDevelopmentExpense,2010,FY,Annual,2009-09-27,2010-09-25,2010-10-27,10-K,1782000000,USD,0001193125-10-238044,
AAPL,Income Statement,R&D,ResearchAndDevelopmentExpense,2011,FY,Annual,2009-09-27,2010-09-25,2011-10-26,10-K,1782000000,USD,0001193125-11-282113,
AAPL,Income Statement,R&D,ResearchAndDevelopmentExpense,2012,FY,Annual,2009-09-27,2010-09-25,2012-10-31,10-K,1782000000,USD,0001193125-12-444068,
AAPL,Income Statement,R&D,ResearchAndDevelopmentExpense,2011,FY,Annual,2010-09-26,2011-09-24,2011-10-26,10-K,2429000000,USD,0001193125-11-282113,
AAPL,Income Statement,R&D,ResearchAndDevelopmentExpense,2012,FY,Annual,2010-09-26,2011-09-24,2012-10-31,10-K,2429000000,USD,0001193125-12-444068,
AAPL,Income Statement,R&D,ResearchAndDevelopmentExpense,2013,FY,Annual,2010-09-26,2011-09-24,2013-10-30,10-K,2429000000,USD,0001193125-13-416534,CY2011
AAPL,Income Statement,R&D,ResearchAndDevelopmentExpense,2012,FY,Annual,2011-09-25,2012-09-29,2012-10-31,10-K,3381000000,USD,0001193125-12-444068,
AAPL,Income Statement,R&D,ResearchAndDevelopmentExpense,2013,FY,Annual,2011-09-25,2012-09-29,2013-10-30,10-K,3381000000,USD,0001193125-13-416534,
AAPL,Income Statement,R&D,ResearchAndDevelopmentExpense,2014,FY,Annual,2011-09-25,2012-09-29,2014-10-27,10-K,3381000000,USD,0001193125-14-383437,
AAPL,Income Statement,R&D,ResearchAndDevelopmentExpense,2013,FY,Annual,2012-09-30,2013-09-28,2013-10-30,10-K,4475000000,USD,0001193125-13-416534,
AAPL,Income Statement,R&D,ResearchAndDevelopmentExpense,2014,FY,Annual,2012-09-30,2013-09-28,2014-10-27,10-K,4475000000,USD,0001193125-14-383437,
AAPL,Income Statement,R&D,ResearchAndDevelopmentExpense,2015,FY,Annual,2012-09-30,2013-09-28,2015-10-28,10-K,4475000000,USD,0001193125-15-356351,CY2013
AAPL,Income Statement,R&D,ResearchAndDevelopmentExpense,2014,FY,Annual,2013-09-29,2014-09-27,2014-10-27,10-K,6041000000,USD,0001193125-14-383437,
AAPL,Income Statement,R&D,ResearchAndDevelopmentExpense,2015,FY,Annual,2013-09-29,2014-09-27,2015-10-28,10-K,6041000000,USD,0001193125-15-356351,
AAPL,Income Statement,R&D,ResearchAndDevelopmentExpense,2016,FY,Annual,2013-09-29,2014-09-27,2016-10-26,10-K,6041000000,USD,0001628280-16-020309,CY2014
AAPL,Income Statement,R&D,ResearchAndDevelopmentExpense,2015,FY,Annual,2014-09-28,2015-09-26,2015-10-28,10-K,8067000000,USD,0001193125-15-356351,
AAPL,Income Statement,R&D,ResearchAndDevelopmentExpense,2016,FY,Annual,2014-09-28,2015-09-26,2016-10-26,10-K,8067000000,USD,0001628280-16-020309,
AAPL,Income Statement,R&D,ResearchAndDevelopmentExpense,2017,FY,Annual,2014-09-28,2015-09-26,2017-11-03,10-K,8067000000,USD,0000320193-17-000070,CY2015
AAPL,Income Statement,R&D,ResearchAndDevelopmentExpense,2016,FY,Annual,2015-09-27,2016-09-24,2016-10-26,10-K,10045000000,USD,0001628280-16-020309,
AAPL,Income Statement,R&D,ResearchAndDevelopmentExpense,2017,FY,Annual,2015-09-27,2016-09-24,2017-11-03,10-K,10045000000,USD,0000320193-17-000070,
AAPL,Income Statement,R&D,ResearchAndDevelopmentExpense,2018,FY,Annual,2015-09-27,2016-09-24,2018-11-05,10-K,10045000000,USD,0000320193-18-000145,CY2016
AAPL,Income Statement,R&D,ResearchAndDevelopmentExpense,2017,FY,Annual,2016-09-25,2017-09-30,2017-11-03,10-K,11581000000,USD,0000320193-17-000070,
AAPL,Income Statement,R&D,ResearchAndDevelopmentExpense,2018,FY,Annual,2016-09-25,2017-09-30,2018-11-05,10-K,11581000000,USD,0000320193-18-000145,
AAPL,Income Statement,R&D,ResearchAndDevelopmentExpense,2019,FY,Annual,2016-09-25,2017-09-30,2019-10-31,10-K,11581000000,USD,0000320193-19-000119,CY2017
AAPL,Income Statement,R&D,ResearchAndDevelopmentExpense,2018,FY,Annual,2017-10-01,2018-09-29,2018-11-05,10-K,14236000000,USD,0000320193-18-000145,
AAPL,Income Statement,R&D,ResearchAndDevelopmentExpense,2019,FY,Annual,2017-10-01,2018-09-29,2019-10-31,10-K,14236000000,USD,0000320193-19-000119,
AAPL,Income Statement,R&D,ResearchAndDevelopmentExpense,2020,FY,Annual,2017-10-01,2018-09-29,2020-10-30,10-K,14236000000,USD,0000320193-20-000096,CY2018
AAPL,Income Statement,R&D,ResearchAndDevelopmentExpense,2019,FY,Annual,2018-09-30,2019-09-28,2019-10-31,10-K,16217000000,USD,0000320193-19-000119,
AAPL,Income Statement,R&D,ResearchAndDevelopmentExpense,2020,FY,Annual,2018-09-30,2019-09-28,2020-10-30,10-K,16217000000,USD,0000320193-20-000096,
AAPL,Income Statement,R&D,ResearchAndDevelopmentExpense,2021,FY,Annual,2018-09-30,2019-09-28,2021-10-29,10-K,16217000000,USD,0000320193-21-000105,CY2019
AAPL,Income Statement,R&D,ResearchAndDevelopmentExpense,2020,FY,Annual,2019-09-29,2020-09-26,2020-10-30,10-K,18752000000,USD,0000320193-20-000096,
AAPL,Income Statement,R&D,ResearchAndDevelopmentExpense,2021,FY,Annual,2019-09-29,2020-09-26,2021-10-29,10-K,18752000000,USD,0000320193-21-000105,
AAPL,Income Statement,R&D,ResearchAndDevelopmentExpense,2022,FY,Annual,2019-09-29,2020-09-26,2022-10-28,10-K,18752000000,USD,0000320193-22-000108,CY2020
AAPL,Income Statement,R&D,ResearchAndDevelopmentExpense,2021,FY,Annual,2020-09-27,2021-09-25,2021-10-29,10-K,21914000000,USD,0000320193-21-000105,
AAPL,Income Statement,R&D,ResearchAndDevelopmentExpense,2022,FY,Annual,2020-09-27,2021-09-25,2022-10-28,10-K,21914000000,USD,0000320193-22-000108,
AAPL,Income Statement,R&D,ResearchAndDevelopmentExpense,2023,FY,Annual,2020-09-27,2021-09-25,2023-11-03,10-K,21914000000,USD,0000320193-23-000106,CY2021
AAPL,Income Statement,R&D,ResearchAndDevelopmentExpense,2022,FY,Annual,2021-09-26,2022-09-24,2022-10-28,10-K,26251000000,USD,0000320193-22-000108,
AAPL,Income Statement,R&D,ResearchAndDevelopmentExpense,2023,FY,Annual,2021-09-26,2022-09-24,2023-11-03,10-K,26251000000,USD,0000320193-23-000106,
AAPL,Income Statement,R&D,ResearchAndDevelopmentExpense,2024,FY,Annual,2021-09-26,2022-09-24,2024-11-01,10-K,26251000000,USD,0000320193-24-000123,CY2022
AAPL,Income Statement,R&D,ResearchAndDevelopmentExpense,2023,FY,Annual,2022-09-25,2023-09-30,2023-11-03,10-K,29915000000,USD,0000320193-23-000106,
AAPL,Income Statement,R&D,ResearchAndDevelopmentExpense,2024,FY,Annual,2022-09-25,2023-09-30,2024-11-01,10-K,29915000000,USD,0000320193-24-000123,
AAPL,Income Statement,R&D,ResearchAndDevelopmentExpense,2025,FY,Annual,2022-09-25,2023-09-30,2025-10-31,10-K,29915000000,USD,0000320193-25-000079,CY2023
AAPL,Income Statement,R&D,ResearchAndDevelopmentExpense,2024,FY,Annual,2023-10-01,2024-09-28,2024-11-01,10-K,31370000000,USD,0000320193-24-000123,
AAPL,Income Statement,R&D,ResearchAndDevelopmentExpense,2025,FY,Annual,2023-10-01,2024-09-28,2025-10-31,10-K,31370000000,USD,0000320193-25-000079,CY2024
AAPL,Income Statement,R&D,ResearchAndDevelopmentExpense,2025,FY,Annual,2024-09-29,2025-09-27,2025-10-31,10-K,34550000000,USD,0000320193-25-000079,CY2025
AAPL,Income Statement,R&D,ResearchAndDevelopmentExpense,2010,Q1,Quarter,2008-09-28,2008-12-27,2010-01-25,10-Q,315000000,USD,0001193125-10-012085,CY2008Q4
AAPL,Income Statement,R&D,ResearchAndDevelopmentExpense,2010,Q1,Quarter,2009-09-27,2009-12-26,2010-01-25,10-Q,398000000,USD,0001193125-10-012085,
AAPL,Income Statement,R&D,ResearchAndDevelopmentExpense,2011,Q1,Quarter,2009-09-27,2009-12-26,2011-01-19,10-Q,398000000,USD,0001193125-11-010144,CY2009Q4
AAPL,Income Statement,R&D,ResearchAndDevelopmentExpense,2011,Q1,Quarter,2010-09-26,2010-12-25,2011-01-19,10-Q,575000000,USD,0001193125-11-010144,
AAPL,Income Statement,R&D,ResearchAndDevelopmentExpense,2012,Q1,Quarter,2010-09-26,2010-12-25,2012-01-25,10-Q,575000000,USD,0001193125-12-023398,CY2010Q4
AAPL,Income Statement,R&D,ResearchAndDevelopmentExpense,2012,Q1,Quarter,2011-09-25,2011-12-31,2012-01-25,10-Q,758000000,USD,0001193125-12-023398,
AAPL,Income Statement,R&D,ResearchAndDevelopmentExpense,2013,Q1,Quarter,2011-09-25,2011-12-31,2013-01-24,10-Q,758000000,USD,0001193125-13-022339,CY2011Q4
AAPL,Income Statement,R&D,ResearchAndDevelopmentExpense,2013,Q1,Quarter,2012-09-30,2012-12-29,2013-01-24,10-Q,1010000000,USD,0001193125-13-022339,
AAPL,Income Statement,R&D,ResearchAndDevelopmentExpense,2014,Q1,Quarter,2012-09-30,2012-12-29,2014-01-28,10-Q,1010000000,USD,0001193125-14-024487,CY2012Q4
AAPL,Income Statement,R&D,ResearchAndDevelopmentExpense,2014,Q1,Quarter,2013-09-29,2013-12-28,2014-01-28,10-Q,1330000000,USD,0001193125-14-024487,
AAPL,Income Statement,R&D,ResearchAndDevelopmentExpense,2015,Q1,Quarter,2013-09-29,2013-12-28,2015-01-28,10-Q,1330000000,USD,0001193125-15-023697,CY2013Q4
AAPL,Income Statement,R&D,ResearchAndDevelopmentExpense,2015,Q1,Quarter,2014-09-28,2014-12-27,2015-01-28,10-Q,1895000000,USD,0001193125-15-023697,
AAPL,Income Statement,R&D,ResearchAndDevelopmentExpense,2016,Q1,Quarter,2014-09-28,2014-12-27,2016-01-27,10-Q,1895000000,USD,0001193125-16-439878,CY2014Q4
AAPL,Income Statement,R&D,ResearchAndDevelopmentExpense,2016,Q1,Quarter,2015-09-27,2015-12-26,2016-01-27,10-Q,2404000000,USD,0001193125-16-439878,
AAPL,Income Statement,R&D,ResearchAndDevelopmentExpense,2017,Q1,Quarter,2015-09-27,2015-12-26,2017-02-01,10-Q,2404000000,USD,0001628280-17-000717,CY2015Q4
AAPL,Income Statement,R&D,ResearchAndDevelopmentExpense,2017,Q1,Quarter,2016-09-25,2016-12-31,2017-02-01,10-Q,2871000000,USD,0001628280-17-000717,
AAPL,Income Statement,R&D,ResearchAndDevelopmentExpense,2018,Q1,Quarter,2016-09-25,2016-12-31,2018-02-02,10-Q,2871000000,USD,0000320193-18-000007,CY2016Q4
AAPL,Income Statement,R&D,ResearchAndDevelopmentExpense,2018,Q1,Quarter,2017-10-01,2017-12-30,2018-02-02,10-Q,3407000000,USD,0000320193-18-000007,
AAPL,Income Statement,R&D,ResearchAndDevelopmentExpense,2019,Q1,Quarter,2017-10-01,2017-12-30,2019-01-30,10-Q,3407000000,USD,0000320193-19-000010,CY2017Q4
AAPL,Income Statement,R&D,ResearchAndDevelopmentExpense,2019,Q1,Quarter,2018-09-30,2018-12-29,2019-01-30,10-Q,3902000000,USD,0000320193-19-000010,
AAPL,Income Statement,R&D,ResearchAndDevelopmentExpense,2020,Q1,Quarter,2018-09-30,2018-12-29,2020-01-29,10-Q,3902000000,USD,0000320193-20-000010,CY2018Q4
AAPL,Income Statement,R&D,ResearchAndDevelopmentExpense,2020,Q1,Quarter,2019-09-29,2019-12-28,2020-01-29,10-Q,4451000000,USD,0000320193-20-000010,
AAPL,Income Statement,R&D,ResearchAndDevelopmentExpense,2021,Q1,Quarter,2019-09-29,2019-12-28,2021-01-28,10-Q,4451000000,USD,0000320193-21-000010,CY2019Q4
AAPL,Income Statement,R&D,ResearchAndDevelopmentExpense,2021,Q1,Quarter,2020-09-27,2020-12-26,2021-01-28,10-Q,5163000000,USD,0000320193-21-000010,
AAPL,Income Statement,R&D,ResearchAndDevelopmentExpense,2022,Q1,Quarter,2020-09-27,2020-12-26,2022-01-28,10-Q,5163000000,USD,0000320193-22-000007,CY2020Q4
AAPL,Income Statement,R&D,ResearchAndDevelopmentExpense,2022,Q1,Quarter,2021-09-26,2021-12-25,2022-01-28,10-Q,6306000000,USD,0000320193-22-000007,
AAPL,Income Statement,R&D,ResearchAndDevelopmentExpense,2023,Q1,Quarter,2021-09-26,2021-12-25,2023-02-03,10-Q,6306000000,USD,0000320193-23-000006,CY2021Q4
AAPL,Income Statement,R&D,ResearchAndDevelopmentExpense,2023,Q1,Quarter,2022-09-25,2022-12-31,2023-02-03,10-Q,7709000000,USD,0000320193-23-000006,
AAPL,Income Statement,R&D,ResearchAndDevelopmentExpense,2024,Q1,Quarter,2022-09-25,2022-12-31,2024-02-02,10-Q,7709000000,USD,0000320193-24-000006,CY2022Q4
AAPL,Income Statement,R&D,ResearchAndDevelopmentExpense,2024,Q1,Quarter,2023-10-01,2023-12-30,2024-02-02,10-Q,7696000000,USD,0000320193-24-000006,
AAPL,Income Statement,R&D,ResearchAndDevelopmentExpense,2025,Q1,Quarter,2023-10-01,2023-12-30,2025-01-31,10-Q,7696000000,USD,0000320193-25-000008,CY2023Q4
AAPL,Income Statement,R&D,ResearchAndDevelopmentExpense,2025,Q1,Quarter,2024-09-29,2024-12-28,2025-01-31,10-Q,8268000000,USD,0000320193-25-000008,
AAPL,Income Statement,R&D,ResearchAndDevelopmentExpense,2026,Q1,Quarter,2024-09-29,2024-12-28,2026-01-30,10-Q,8268000000,USD,0000320193-26-000006,CY2024Q4
AAPL,Income Statement,R&D,ResearchAndDevelopmentExpense,2026,Q1,Quarter,2025-09-28,2025-12-27,2026-01-30,10-Q,10887000000,USD,0000320193-26-000006,CY2025Q4
AAPL,Income Statement,R&D,ResearchAndDevelopmentExpense,2010,Q2,YTD,2008-09-28,2009-03-28,2010-04-21,10-Q,634000000,USD,0001193125-10-088957,
AAPL,Income Statement,R&D,ResearchAndDevelopmentExpense,2010,Q2,Quarter,2008-12-28,2009-03-28,2010-04-21,10-Q,319000000,USD,0001193125-10-088957,CY2009Q1
AAPL,Income Statement,R&D,ResearchAndDevelopmentExpense,2010,Q2,YTD,2009-09-27,2010-03-27,2010-04-21,10-Q,824000000,USD,0001193125-10-088957,
AAPL,Income Statement,R&D,ResearchAndDevelopmentExpense,2011,Q2,YTD,2009-09-27,2010-03-27,2011-04-21,10-Q,824000000,USD,0001193125-11-104388,
AAPL,Income Statement,R&D,ResearchAndDevelopmentExpense,2010,Q2,Quarter,2009-12-27,2010-03-27,2010-04-21,10-Q,426000000,USD,0001193125-10-088957,
AAPL,Income Statement,R&D,ResearchAndDevelopmentExpense,2011,Q2,Quarter,2009-12-27,2010-03-27,2011-04-21,10-Q,426000000,USD,0001193125-11-104388,CY2010Q1
AAPL,Income Statement,R&D,ResearchAndDevelopmentExpense,2011,Q2,YTD,2010-09-26,2011-03-26,2011-04-21,10-Q,1156000000,USD,0001193125-11-104388,
AAPL,Income Statement,R&D,ResearchAndDevelopmentExpense,2012,Q2,YTD,2010-09-26,2011-03-26,2012-04-25,10-Q,1156000000,USD,0001193125-12-182321,
AAPL,Income Statement,R&D,ResearchAndDevelopmentExpense,2011,Q2,Quarter,2010-12-26,2011-03-26,2011-04-21,10-Q,581000000,USD,0001193125-11-104388,
AAPL,Income Statement,R&D,ResearchAndDevelopmentExpense,2012,Q2,Quarter,2010-12-26,2011-03-26,2012-04-25,10-Q,581000000,USD,0001193125-12-182321,CY2011Q1
AAPL,Income Statement,R&D,ResearchAndDevelopmentExpense,2012,Q2,YTD,2011-09-25,2012-03-31,2012-04-25,10-Q,1599000000,USD,0001193125-12-182321,
AAPL,Income Statement,R&D,ResearchAndDevelopmentExpense,2013,Q2,YTD,2011-09-25,2012-03-31,2013-04-24,10-Q,1599000000,USD,0001193125-13-168288,
AAPL,Income Statement,R&D,ResearchAndDevelopmentExpense,2012,Q2,Quarter,2012-01-01,2012-03-31,2012-04-25,10-Q,841000000,USD,0001193125-12-182321,
AAPL,Income Statement,R&D,ResearchAndDevelopmentExpense,2013,Q2,Quarter,2012-01-01,2012-03-31,2013-04-24,10-Q,841000000,USD,0001193125-13-168288,CY2012Q1
AAPL,Income Statement,R&D,ResearchAndDevelopmentExpense,2013,Q2,YTD,2012-09-30,2013-03-30,2013-04-24,10-Q,2129000000,USD,0001193125-13-168288,
AAPL,Income Statement,R&D,ResearchAndDevelopmentExpense,2014,Q2,YTD,2012-09-30,2013-03-30,2014-04-24,10-Q,2129000000,USD,0001193125-14-157311,
AAPL,Income Statement,R&D,ResearchAndDevelopmentExpense,2013,Q2,Quarter,2012-12-30,2013-03-30,2013-04-24,10-Q,1119000000,USD,0001193125-13-168288,
AAPL,Income Statement,R&D,ResearchAndDevelopmentExpense,2014,Q2,Quarter,2012-12-30,2013-03-30,2014-04-24,10-Q,1119000000,USD,0001193125-14-157311,CY2013Q1
AAPL,Income Statement,R&D,ResearchAndDevelopmentExpense,2014,Q2,YTD,2013-09-29,2014-03-29,2014-04-24,10-Q,2752000000,USD,0001193125-14-157311,
AAPL,Income Statement,R&D,ResearchAndDevelopmentExpense,2015,Q2,YTD,2013-09-29,2014-03-29,2015-04-28,10-Q,2752000000,USD,0001193125-15-153166,
AAPL,Income Statement,R&D,ResearchAndDevelopmentExpense,2014,Q2,Quarter,2013-12-29,2014-03-29,2014-04-24,10-Q,1422000000,USD,0001193125-14-157311,
AAPL,Income Statement,R&D,ResearchAndDevelopmentExpense,2015,Q2,Quarter,2013-12-29,2014-03-29,2015-04-28,10-Q,1422000000,USD,0001193125-15-153166,CY2014Q1
AAPL,Income Statement,R&D,ResearchAndDevelopmentExpense,2015,Q2,YTD,2014-09-28,2015-03-28,2015-04-28,10-Q,3813000000,USD,0001193125-15-153166,
AAPL,Income Statement,R&D,ResearchAndDevelopmentExpense,2016,Q2,YTD,2014-09-28,2015-03-28,2016-04-27,10-Q,3813000000,USD,0001193125-16-559625,
AAPL,Income Statement,R&D,ResearchAndDevelopmentExpense,2015,Q2,Quarter,2014-12-28,2015-03-28,2015-04-28,10-Q,1918000000,USD,0001193125-15-153166,
AAPL,Income Statement,R&D,ResearchAndDevelopmentExpense,2016,Q2,Quarter,2014-12-28,2015-03-28,2016-04-27,10-Q,1918000000,USD,0001193125-16-559625,CY2015Q1
AAPL,Income Statement,R&D,ResearchAndDevelopmentExpense,2016,Q2,YTD,2015-09-27,2016-03-26,2016-04-27,10-Q,4915000000,USD,0001193125-16-559625,
AAPL,Income Statement,R&D,ResearchAndDevelopmentExpense,2017,Q2,YTD,2015-09-27,2016-03-26,2017-05-03,10-Q,4915000000,USD,0001628280-17-004790,
AAPL,Income Statement,R&D,ResearchAndDevelopmentExpense,2016,Q2,Quarter,2015-12-27,2016-03-26,2016-04-27,10-Q,2511000000,USD,0001193125-16-559625,
AAPL,Income Statement,R&D,ResearchAndDevelopmentExpense,2017,Q2,Quarter,2015-12-27,2016-03-26,2017-05-03,10-Q,2511000000,USD,0001628280-17-004790,CY2016Q1
AAPL,Income Statement,R&D,ResearchAndDevelopmentExpense,2017,Q2,YTD,2016-09-25,2017-04-01,2017-05-03,10-Q,5647000000,USD,0001628280-17-004790,
AAPL,Income Statement,R&D,ResearchAndDevelopmentExpense,2018,Q2,YTD,2016-09-25,2017-04-01,2018-05-02,10-Q,5647000000,USD,0000320193-18-000070,
AAPL,Income Statement,R&D,ResearchAndDevelopmentExpense,2017,Q2,Quarter,2017-01-01,2017-04-01,2017-05-03,10-Q,2776000000,USD,0001628280-17-004790,
AAPL,Income Statement,R&D,ResearchAndDevelopmentExpense,2018,Q2,Quarter,2017-01-01,2017-04-01,2018-05-02,10-Q,2776000000,USD,0000320193-18-000070,CY2017Q1
AAPL,Income Statement,R&D,ResearchAndDevelopmentExpense,2018,Q2,YTD,2017-10-01,2018-03-31,2018-05-02,10-Q,6785000000,USD,0000320193-18-000070,
AAPL,Income Statement,R&D,ResearchAndDevelopmentExpense,2019,Q2,YTD,2017-10-01,2018-03-31,2019-05-01,10-Q,6785000000,USD,0000320193-19-000066,
AAPL,Income Statement,R&D,ResearchAndDevelopmentExpense,2018,Q2,Quarter,2017-12-31,2018-03-31,2018-05-02,10-Q,3378000000,USD,0000320193-18-000070,
AAPL,Income Statement,R&D,ResearchAndDevelopmentExpense,2019,Q2,Quarter,2017-12-31,2018-03-31,2019-05-01,10-Q,3378000000,USD,0000320193-19-000066,CY2018Q1
AAPL,Income Statement,R&D,ResearchAndDevelopmentExpense,2019,Q2,YTD,2018-09-30,2019-03-30,2019-05-01,10-Q,7850000000,USD,0000320193-19-000066,
AAPL,Income Statement,R&D,ResearchAndDevelopmentExpense,2020,Q2,YTD,2018-09-30,2019-03-30,2020-05-01,10-Q,7850000000,USD,0000320193-20-000052,
AAPL,Income Statement,R&D,ResearchAndDevelopmentExpense,2019,Q2,Quarter,2018-12-30,2019-03-30,2019-05-01,10-Q,3948000000,USD,0000320193-19-000066,
AAPL,Income Statement,R&D,ResearchAndDevelopmentExpense,2020,Q2,Quarter,2018-12-30,2019-03-30,2020-05-01,10-Q,3948000000,USD,0000320193-20-000052,CY2019Q1
AAPL,Income Statement,R&D,ResearchAndDevelopmentExpense,2020,Q2,YTD,2019-09-29,2020-03-28,2020-05-01,10-Q,9016000000,USD,0000320193-20-000052,
AAPL,Income Statement,R&D,ResearchAndDevelopmentExpense,2021,Q2,YTD,2019-09-29,2020-03-28,2021-04-29,10-Q,9016000000,USD,0000320193-21-000056,
AAPL,Income Statement,R&D,ResearchAndDevelopmentExpense,2020,Q2,Quarter,2019-12-29,2020-03-28,2020-05-01,10-Q,4565000000,USD,0000320193-20-000052,
AAPL,Income Statement,R&D,ResearchAndDevelopmentExpense,2021,Q2,Quarter,2019-12-29,2020-03-28,2021-04-29,10-Q,4565000000,USD,0000320193-21-000056,CY2020Q1
AAPL,Income Statement,R&D,ResearchAndDevelopmentExpense,2021,Q2,YTD,2020-09-27,2021-03-27,2021-04-29,10-Q,10425000000,USD,0000320193-21-000056,
AAPL,Income Statement,R&D,ResearchAndDevelopmentExpense,2022,Q2,YTD,2020-09-27,2021-03-27,2022-04-29,10-Q,10425000000,USD,0000320193-22-000059,
AAPL,Income Statement,R&D,ResearchAndDevelopmentExpense,2021,Q2,Quarter,2020-12-27,2021-03-27,2021-04-29,10-Q,5262000000,USD,0000320193-21-000056,
AAPL,Income Statement,R&D,ResearchAndDevelopmentExpense,2022,Q2,Quarter,2020-12-27,2021-03-27,2022-04-29,10-Q,5262000000,USD,0000320193-22-000059,CY2021Q1
AAPL,Income Statement,R&D,ResearchAndDevelopmentExpense,2022,Q2,YTD,2021-09-26,2022-03-26,2022-04-29,10-Q,12693000000,USD,0000320193-22-000059,
AAPL,Income Statement,R&D,ResearchAndDevelopmentExpense,2023,Q2,YTD,2021-09-26,2022-03-26,2023-05-05,10-Q,12693000000,USD,0000320193-23-000064,
AAPL,Income Statement,R&D,ResearchAndDevelopmentExpense,2022,Q2,Quarter,2021-12-26,2022-03-26,2022-04-29,10-Q,6387000000,USD,0000320193-22-000059,
AAPL,Income Statement,R&D,ResearchAndDevelopmentExpense,2023,Q2,Quarter,2021-12-26,2022-03-26,2023-05-05,10-Q,6387000000,USD,0000320193-23-000064,CY2022Q1
AAPL,Income Statement,R&D,ResearchAndDevelopmentExpense,2023,Q2,YTD,2022-09-25,2023-04-01,2023-05-05,10-Q,15166000000,USD,0000320193-23-000064,
AAPL,Income Statement,R&D,ResearchAndDevelopmentExpense,2024,Q2,YTD,2022-09-25,2023-04-01,2024-05-03,10-Q,15166000000,USD,0000320193-24-000069,
AAPL,Income Statement,R&D,ResearchAndDevelopmentExpense,2023,Q2,Quarter,2023-01-01,2023-04-01,2023-05-05,10-Q,7457000000,USD,0000320193-23-000064,
AAPL,Income Statement,R&D,ResearchAndDevelopmentExpense,2024,Q2,Quarter,2023-01-01,2023-04-01,2024-05-03,10-Q,7457000000,USD,0000320193-24-000069,CY2023Q1
AAPL,Income Statement,R&D,ResearchAndDevelopmentExpense,2024,Q2,YTD,2023-10-01,2024-03-30,2024-05-03,10-Q,15599000000,USD,0000320193-24-000069,
AAPL,Income Statement,R&D,ResearchAndDevelopmentExpense,2025,Q2,YTD,2023-10-01,2024-03-30,2025-05-02,10-Q,15599000000,USD,0000320193-25-000057,
AAPL,Income Statement,R&D,ResearchAndDevelopmentExpense,2024,Q2,Quarter,2023-12-31,2024-03-30,2024-05-03,10-Q,7903000000,USD,0000320193-24-000069,
AAPL,Income Statement,R&D,ResearchAndDevelopmentExpense,2025,Q2,Quarter,2023-12-31,2024-03-30,2025-05-02,10-Q,7903000000,USD,0000320193-25-000057,CY2024Q1
AAPL,Income Statement,R&D,ResearchAndDevelopmentExpense,2025,Q2,YTD,2024-09-29,2025-03-29,2025-05-02,10-Q,16818000000,USD,0000320193-25-000057,
AAPL,Income Statement,R&D,ResearchAndDevelopmentExpense,2026,Q2,YTD,2024-09-29,2025-03-29,2026-05-01,10-Q,16818000000,USD,0000320193-26-000013,
AAPL,Income Statement,R&D,ResearchAndDevelopmentExpense,2025,Q2,Quarter,2024-12-29,2025-03-29,2025-05-02,10-Q,8550000000,USD,0000320193-25-000057,
AAPL,Income Statement,R&D,ResearchAndDevelopmentExpense,2026,Q2,Quarter,2024-12-29,2025-03-29,2026-05-01,10-Q,8550000000,USD,0000320193-26-000013,CY2025Q1
AAPL,Income Statement,R&D,ResearchAndDevelopmentExpense,2026,Q2,YTD,2025-09-28,2026-03-28,2026-05-01,10-Q,22306000000,USD,0000320193-26-000013,
AAPL,Income Statement,R&D,ResearchAndDevelopmentExpense,2026,Q2,Quarter,2025-12-28,2026-03-28,2026-05-01,10-Q,11419000000,USD,0000320193-26-000013,CY2026Q1
AAPL,Income Statement,R&D,ResearchAndDevelopmentExpense,2009,Q3,Annual,2007-09-30,2008-06-28,2009-07-22,10-Q,811000000,USD,0001193125-09-153165,
AAPL,Income Statement,R&D,ResearchAndDevelopmentExpense,2009,Q3,Quarter,2008-03-30,2008-06-28,2009-07-22,10-Q,292000000,USD,0001193125-09-153165,CY2008Q2
AAPL,Income Statement,R&D,ResearchAndDevelopmentExpense,2009,Q3,Annual,2008-09-28,2009-06-27,2009-07-22,10-Q,975000000,USD,0001193125-09-153165,
AAPL,Income Statement,R&D,ResearchAndDevelopmentExpense,2010,Q3,Annual,2008-09-28,2009-06-27,2010-07-21,10-Q,975000000,USD,0001193125-10-162840,
AAPL,Income Statement,R&D,ResearchAndDevelopmentExpense,2009,Q3,Quarter,2009-03-29,2009-06-27,2009-07-22,10-Q,341000000,USD,0001193125-09-153165,
AAPL,Income Statement,R&D,ResearchAndDevelopmentExpense,2010,Q3,Quarter,2009-03-29,2009-06-27,2010-07-21,10-Q,341000000,USD,0001193125-10-162840,CY2009Q2
AAPL,Income Statement,R&D,ResearchAndDevelopmentExpense,2010,Q3,Annual,2009-09-27,2010-06-26,2010-07-21,10-Q,1288000000,USD,0001193125-10-162840,
AAPL,Income Statement,R&D,ResearchAndDevelopmentExpense,2011,Q3,Annual,2009-09-27,2010-06-26,2011-07-20,10-Q,1288000000,USD,0001193125-11-192493,
AAPL,Income Statement,R&D,ResearchAndDevelopmentExpense,2010,Q3,Quarter,2010-03-28,2010-06-26,2010-07-21,10-Q,464000000,USD,0001193125-10-162840,
AAPL,Income Statement,R&D,ResearchAndDevelopmentExpense,2011,Q3,Quarter,2010-03-28,2010-06-26,2011-07-20,10-Q,464000000,USD,0001193125-11-192493,CY2010Q2
AAPL,Income Statement,R&D,ResearchAndDevelopmentExpense,2011,Q3,Annual,2010-09-26,2011-06-25,2011-07-20,10-Q,1784000000,USD,0001193125-11-192493,
AAPL,Income Statement,R&D,ResearchAndDevelopmentExpense,2012,Q3,Annual,2010-09-26,2011-06-25,2012-07-25,10-Q,1784000000,USD,0001193125-12-314552,
AAPL,Income Statement,R&D,ResearchAndDevelopmentExpense,2011,Q3,Quarter,2011-03-27,2011-06-25,2011-07-20,10-Q,628000000,USD,0001193125-11-192493,
AAPL,Income Statement,R&D,ResearchAndDevelopmentExpense,2012,Q3,Quarter,2011-03-27,2011-06-25,2012-07-25,10-Q,628000000,USD,0001193125-12-314552,CY2011Q2
AAPL,Income Statement,R&D,ResearchAndDevelopmentExpense,2012,Q3,Annual,2011-09-25,2012-06-30,2012-07-25,10-Q,2475000000,USD,0001193125-12-314552,
AAPL,Income Statement,R&D,ResearchAndDevelopmentExpense,2013,Q3,Annual,2011-09-25,2012-06-30,2013-07-24,10-Q,2475000000,USD,0001193125-13-300670,
AAPL,Income Statement,R&D,ResearchAndDevelopmentExpense,2012,Q3,Quarter,2012-04-01,2012-06-30,2012-07-25,10-Q,876000000,USD,0001193125-12-314552,
AAPL,Income Statement,R&D,ResearchAndDevelopmentExpense,2013,Q3,Quarter,2012-04-01,2012-06-30,2013-07-24,10-Q,876000000,USD,0001193125-13-300670,CY2012Q2
AAPL,Income Statement,R&D,ResearchAndDevelopmentExpense,2013,Q3,Annual,2012-09-30,2013-06-29,2013-07-24,10-Q,3307000000,USD,0001193125-13-300670,
AAPL,Income Statement,R&D,ResearchAndDevelopmentExpense,2014,Q3,Annual,2012-09-30,2013-06-29,2014-07-23,10-Q,3307000000,USD,0001193125-14-277160,
AAPL,Income Statement,R&D,ResearchAndDevelopmentExpense,2013,Q3,Quarter,2013-03-31,2013-06-29,2013-07-24,10-Q,1178000000,USD,0001193125-13-300670,
AAPL,Income Statement,R&D,ResearchAndDevelopmentExpense,2014,Q3,Quarter,2013-03-31,2013-06-29,2014-07-23,10-Q,1178000000,USD,0001193125-14-277160,CY2013Q2
AAPL,Income Statement,R&D,ResearchAndDevelopmentExpense,2014,Q3,Annual,2013-09-29,2014-06-28,2014-07-23,10-Q,4355000000,USD,0001193125-14-277160,
AAPL,Income Statement,R&D,ResearchAndDevelopmentExpense,2015,Q3,Annual,2013-09-29,2014-06-28,2015-07-22,10-Q,4355000000,USD,0001193125-15-259935,
AAPL,Income Statement,R&D,ResearchAndDevelopmentExpense,2014,Q3,Quarter,2014-03-30,2014-06-28,2014-07-23,10-Q,1603000000,USD,0001193125-14-277160,
AAPL,Income Statement,R&D,ResearchAndDevelopmentExpense,2015,Q3,Quarter,2014-03-30,2014-06-28,2015-07-22,10-Q,1603000000,USD,0001193125-15-259935,CY2014Q2
AAPL,Income Statement,R&D,ResearchAndDevelopmentExpense,2015,Q3,Annual,2014-09-28,2015-06-27,2015-07-22,10-Q,5847000000,USD,0001193125-15-259935,
AAPL,Income Statement,R&D,ResearchAndDevelopmentExpense,2016,Q3,Annual,2014-09-28,2015-06-27,2016-07-27,10-Q,5847000000,USD,0001628280-16-017809,
AAPL,Income Statement,R&D,ResearchAndDevelopmentExpense,2015,Q3,Quarter,2015-03-29,2015-06-27,2015-07-22,10-Q,2034000000,USD,0001193125-15-259935,
AAPL,Income Statement,R&D,ResearchAndDevelopmentExpense,2016,Q3,Quarter,2015-03-29,2015-06-27,2016-07-27,10-Q,2034000000,USD,0001628280-16-017809,CY2015Q2
AAPL,Income Statement,R&D,ResearchAndDevelopmentExpense,2016,Q3,Annual,2015-09-27,2016-06-25,2016-07-27,10-Q,7475000000,USD,0001628280-16-017809,
AAPL,Income Statement,R&D,ResearchAndDevelopmentExpense,2017,Q3,Annual,2015-09-27,2016-06-25,2017-08-02,10-Q,7475000000,USD,0000320193-17-000009,
AAPL,Income Statement,R&D,ResearchAndDevelopmentExpense,2016,Q3,Quarter,2016-03-27,2016-06-25,2016-07-27,10-Q,2560000000,USD,0001628280-16-017809,
AAPL,Income Statement,R&D,ResearchAndDevelopmentExpense,2017,Q3,Quarter,2016-03-27,2016-06-25,2017-08-02,10-Q,2560000000,USD,0000320193-17-000009,CY2016Q2
AAPL,Income Statement,R&D,ResearchAndDevelopmentExpense,2017,Q3,Annual,2016-09-25,2017-07-01,2017-08-02,10-Q,8584000000,USD,0000320193-17-000009,
AAPL,Income Statement,R&D,ResearchAndDevelopmentExpense,2018,Q3,Annual,2016-09-25,2017-07-01,2018-08-01,10-Q,8584000000,USD,0000320193-18-000100,
AAPL,Income Statement,R&D,ResearchAndDevelopmentExpense,2017,Q3,Quarter,2017-04-02,2017-07-01,2017-08-02,10-Q,2937000000,USD,0000320193-17-000009,
AAPL,Income Statement,R&D,ResearchAndDevelopmentExpense,2018,Q3,Quarter,2017-04-02,2017-07-01,2018-08-01,10-Q,2937000000,USD,0000320193-18-000100,CY2017Q2
AAPL,Income Statement,R&D,ResearchAndDevelopmentExpense,2018,Q3,Annual,2017-10-01,2018-06-30,2018-08-01,10-Q,10486000000,USD,0000320193-18-000100,
AAPL,Income Statement,R&D,ResearchAndDevelopmentExpense,2019,Q3,Annual,2017-10-01,2018-06-30,2019-07-31,10-Q,10486000000,USD,0000320193-19-000076,
AAPL,Income Statement,R&D,ResearchAndDevelopmentExpense,2018,Q3,Quarter,2018-04-01,2018-06-30,2018-08-01,10-Q,3701000000,USD,0000320193-18-000100,
AAPL,Income Statement,R&D,ResearchAndDevelopmentExpense,2019,Q3,Quarter,2018-04-01,2018-06-30,2019-07-31,10-Q,3701000000,USD,0000320193-19-000076,CY2018Q2
AAPL,Income Statement,R&D,ResearchAndDevelopmentExpense,2019,Q3,Annual,2018-09-30,2019-06-29,2019-07-31,10-Q,12107000000,USD,0000320193-19-000076,
AAPL,Income Statement,R&D,ResearchAndDevelopmentExpense,2020,Q3,Annual,2018-09-30,2019-06-29,2020-07-31,10-Q,12107000000,USD,0000320193-20-000062,
AAPL,Income Statement,R&D,ResearchAndDevelopmentExpense,2019,Q3,Quarter,2019-03-31,2019-06-29,2019-07-31,10-Q,4257000000,USD,0000320193-19-000076,
AAPL,Income Statement,R&D,ResearchAndDevelopmentExpense,2020,Q3,Quarter,2019-03-31,2019-06-29,2020-07-31,10-Q,4257000000,USD,0000320193-20-000062,CY2019Q2
AAPL,Income Statement,R&D,ResearchAndDevelopmentExpense,2020,Q3,Annual,2019-09-29,2020-06-27,2020-07-31,10-Q,13774000000,USD,0000320193-20-000062,
AAPL,Income Statement,R&D,ResearchAndDevelopmentExpense,2021,Q3,Annual,2019-09-29,2020-06-27,2021-07-28,10-Q,13774000000,USD,0000320193-21-000065,
AAPL,Income Statement,R&D,ResearchAndDevelopmentExpense,2020,Q3,Quarter,2020-03-29,2020-06-27,2020-07-31,10-Q,4758000000,USD,0000320193-20-000062,
AAPL,Income Statement,R&D,ResearchAndDevelopmentExpense,2021,Q3,Quarter,2020-03-29,2020-06-27,2021-07-28,10-Q,4758000000,USD,0000320193-21-000065,CY2020Q2
AAPL,Income Statement,R&D,ResearchAndDevelopmentExpense,2021,Q3,Annual,2020-09-27,2021-06-26,2021-07-28,10-Q,16142000000,USD,0000320193-21-000065,
AAPL,Income Statement,R&D,ResearchAndDevelopmentExpense,2022,Q3,Annual,2020-09-27,2021-06-26,2022-07-29,10-Q,16142000000,USD,0000320193-22-000070,
AAPL,Income Statement,R&D,ResearchAndDevelopmentExpense,2021,Q3,Quarter,2021-03-28,2021-06-26,2021-07-28,10-Q,5717000000,USD,0000320193-21-000065,
AAPL,Income Statement,R&D,ResearchAndDevelopmentExpense,2022,Q3,Quarter,2021-03-28,2021-06-26,2022-07-29,10-Q,5717000000,USD,0000320193-22-000070,CY2021Q2
AAPL,Income Statement,R&D,ResearchAndDevelopmentExpense,2022,Q3,Annual,2021-09-26,2022-06-25,2022-07-29,10-Q,19490000000,USD,0000320193-22-000070,
AAPL,Income Statement,R&D,ResearchAndDevelopmentExpense,2023,Q3,Annual,2021-09-26,2022-06-25,2023-08-04,10-Q,19490000000,USD,0000320193-23-000077,
AAPL,Income Statement,R&D,ResearchAndDevelopmentExpense,2022,Q3,Quarter,2022-03-27,2022-06-25,2022-07-29,10-Q,6797000000,USD,0000320193-22-000070,
AAPL,Income Statement,R&D,ResearchAndDevelopmentExpense,2023,Q3,Quarter,2022-03-27,2022-06-25,2023-08-04,10-Q,6797000000,USD,0000320193-23-000077,CY2022Q2
AAPL,Income Statement,R&D,ResearchAndDevelopmentExpense,2023,Q3,Annual,2022-09-25,2023-07-01,2023-08-04,10-Q,22608000000,USD,0000320193-23-000077,
AAPL,Income Statement,R&D,ResearchAndDevelopmentExpense,2024,Q3,Annual,2022-09-25,2023-07-01,2024-08-02,10-Q,22608000000,USD,0000320193-24-000081,
AAPL,Income Statement,R&D,ResearchAndDevelopmentExpense,2023,Q3,Quarter,2023-04-02,2023-07-01,2023-08-04,10-Q,7442000000,USD,0000320193-23-000077,
AAPL,Income Statement,R&D,ResearchAndDevelopmentExpense,2024,Q3,Quarter,2023-04-02,2023-07-01,2024-08-02,10-Q,7442000000,USD,0000320193-24-000081,CY2023Q2
AAPL,Income Statement,R&D,ResearchAndDevelopmentExpense,2024,Q3,Annual,2023-10-01,2024-06-29,2024-08-02,10-Q,23605000000,USD,0000320193-24-000081,
AAPL,Income Statement,R&D,ResearchAndDevelopmentExpense,2025,Q3,Annual,2023-10-01,2024-06-29,2025-08-01,10-Q,23605000000,USD,0000320193-25-000073,
AAPL,Income Statement,R&D,ResearchAndDevelopmentExpense,2024,Q3,Quarter,2024-03-31,2024-06-29,2024-08-02,10-Q,8006000000,USD,0000320193-24-000081,
AAPL,Income Statement,R&D,ResearchAndDevelopmentExpense,2025,Q3,Quarter,2024-03-31,2024-06-29,2025-08-01,10-Q,8006000000,USD,0000320193-25-000073,CY2024Q2
AAPL,Income Statement,R&D,ResearchAndDevelopmentExpense,2025,Q3,Annual,2024-09-29,2025-06-28,2025-08-01,10-Q,25684000000,USD,0000320193-25-000073,
AAPL,Income Statement,R&D,ResearchAndDevelopmentExpense,2026,Q3,Annual,2024-09-29,2025-06-28,2026-07-31,10-Q,25684000000,USD,0000320193-26-000020,
AAPL,Income Statement,R&D,ResearchAndDevelopmentExpense,2025,Q3,Quarter,2025-03-30,2025-06-28,2025-08-01,10-Q,8866000000,USD,0000320193-25-000073,
AAPL,Income Statement,R&D,ResearchAndDevelopmentExpense,2026,Q3,Quarter,2025-03-30,2025-06-28,2026-07-31,10-Q,8866000000,USD,0000320193-26-000020,CY2025Q2
AAPL,Income Statement,R&D,ResearchAndDevelopmentExpense,2026,Q3,Annual,2025-09-28,2026-06-27,2026-07-31,10-Q,34035000000,USD,0000320193-26-000020,
AAPL,Income Statement,R&D,ResearchAndDevelopmentExpense,2026,Q3,Quarter,2026-03-29,2026-06-27,2026-07-31,10-Q,11729000000,USD,0000320193-26-000020,CY2026Q2
AAPL,Income Statement,Revenue,RevenueFromContractWithCustomerExcludingAssessedTax,2019,FY,Annual,2016-09-25,2017-09-30,2019-10-31,10-K,229234000000,USD,0000320193-19-000119,CY2017
AAPL,Income Statement,Revenue,RevenueFromContractWithCustomerExcludingAssessedTax,2019,FY,Quarter,2017-10-01,2017-12-30,2019-10-31,10-K,88293000000,USD,0000320193-19-000119,CY2017Q4
AAPL,Income Statement,Revenue,RevenueFromContractWithCustomerExcludingAssessedTax,2019,FY,Quarter,2017-12-31,2018-03-31,2019-10-31,10-K,61137000000,USD,0000320193-19-000119,CY2018Q1
AAPL,Income Statement,Revenue,RevenueFromContractWithCustomerExcludingAssessedTax,2019,FY,Quarter,2018-04-01,2018-06-30,2019-10-31,10-K,53265000000,USD,0000320193-19-000119,CY2018Q2
AAPL,Income Statement,Revenue,RevenueFromContractWithCustomerExcludingAssessedTax,2019,FY,Annual,2017-10-01,2018-09-29,2019-10-31,10-K,265595000000,USD,0000320193-19-000119,
AAPL,Income Statement,Revenue,RevenueFromContractWithCustomerExcludingAssessedTax,2020,FY,Annual,2017-10-01,2018-09-29,2020-10-30,10-K,265595000000,USD,0000320193-20-000096,CY2018
AAPL,Income Statement,Revenue,RevenueFromContractWithCustomerExcludingAssessedTax,2019,FY,Quarter,2018-07-01,2018-09-29,2019-10-31,10-K,62900000000,USD,0000320193-19-000119,CY2018Q3
AAPL,Income Statement,Revenue,RevenueFromContractWithCustomerExcludingAssessedTax,2019,FY,Quarter,2018-09-30,2018-12-29,2019-10-31,10-K,84310000000,USD,0000320193-19-000119,
AAPL,Income Statement,Revenue,RevenueFromContractWithCustomerExcludingAssessedTax,2020,FY,Quarter,2018-09-30,2018-12-29,2020-10-30,10-K,84310000000,USD,0000320193-20-000096,CY2018Q4
AAPL,Income Statement,Revenue,RevenueFromContractWithCustomerExcludingAssessedTax,2019,FY,Quarter,2018-12-30,2019-03-30,2019-10-31,10-K,58015000000,USD,0000320193-19-000119,
AAPL,Income Statement,Revenue,RevenueFromContractWithCustomerExcludingAssessedTax,2020,FY,Quarter,2018-12-30,2019-03-30,2020-10-30,10-K,58015000000,USD,0000320193-20-000096,CY2019Q1
AAPL,Income Statement,Revenue,RevenueFromContractWithCustomerExcludingAssessedTax,2019,FY,Quarter,2019-03-31,2019-06-29,2019-10-31,10-K,53809000000,USD,0000320193-19-000119,
AAPL,Income Statement,Revenue,RevenueFromContractWithCustomerExcludingAssessedTax,2020,FY,Quarter,2019-03-31,2019-06-29,2020-10-30,10-K,53809000000,USD,0000320193-20-000096,CY2019Q2
AAPL,Income Statement,Revenue,RevenueFromContractWithCustomerExcludingAssessedTax,2019,FY,Annual,2018-09-30,2019-09-28,2019-10-31,10-K,260174000000,USD,0000320193-19-000119,
AAPL,Income Statement,Revenue,RevenueFromContractWithCustomerExcludingAssessedTax,2020,FY,Annual,2018-09-30,2019-09-28,2020-10-30,10-K,260174000000,USD,0000320193-20-000096,
AAPL,Income Statement,Revenue,RevenueFromContractWithCustomerExcludingAssessedTax,2021,FY,Annual,2018-09-30,2019-09-28,2021-10-29,10-K,260174000000,USD,0000320193-21-000105,CY2019
AAPL,Income Statement,Revenue,RevenueFromContractWithCustomerExcludingAssessedTax,2019,FY,Quarter,2019-06-30,2019-09-28,2019-10-31,10-K,64040000000,USD,0000320193-19-000119,
AAPL,Income Statement,Revenue,RevenueFromContractWithCustomerExcludingAssessedTax,2020,FY,Quarter,2019-06-30,2019-09-28,2020-10-30,10-K,64040000000,USD,0000320193-20-000096,CY2019Q3
AAPL,Income Statement,Revenue,RevenueFromContractWithCustomerExcludingAssessedTax,2020,FY,Quarter,2019-09-29,2019-12-28,2020-10-30,10-K,91819000000,USD,0000320193-20-000096,
AAPL,Income Statement,Revenue,RevenueFromContractWithCustomerExcludingAssessedTax,2020,FY,Quarter,2019-12-29,2020-03-28,2020-10-30,10-K,58313000000,USD,0000320193-20-000096,
AAPL,Income Statement,Revenue,RevenueFromContractWithCustomerExcludingAssessedTax,2020,FY,Quarter,2020-03-29,2020-06-27,2020-10-30,10-K,59685000000,USD,0000320193-20-000096,
AAPL,Income Statement,Revenue,RevenueFromContractWithCustomerExcludingAssessedTax,2020,FY,Annual,2019-09-29,2020-09-26,2020-10-30,10-K,274515000000,USD,0000320193-20-000096,
AAPL,Income Statement,Revenue,RevenueFromContractWithCustomerExcludingAssessedTax,2021,FY,Annual,2019-09-29,2020-09-26,2021-10-29,10-K,274515000000,USD,0000320193-21-000105,
AAPL,Income Statement,Revenue,RevenueFromContractWithCustomerExcludingAssessedTax,2022,FY,Annual,2019-09-29,2020-09-26,2022-10-28,10-K,274515000000,USD,0000320193-22-000108,CY2020
AAPL,Income Statement,Revenue,RevenueFromContractWithCustomerExcludingAssessedTax,2020,FY,Quarter,2020-06-28,2020-09-26,2020-10-30,10-K,64698000000,USD,0000320193-20-000096,CY2020Q3
AAPL,Income Statement,Revenue,RevenueFromContractWithCustomerExcludingAssessedTax,2021,FY,Annual,2020-09-27,2021-09-25,2021-10-29,10-K,365817000000,USD,0000320193-21-000105,
AAPL,Income Statement,Revenue,RevenueFromContractWithCustomerExcludingAssessedTax,2022,FY,Annual,2020-09-27,2021-09-25,2022-10-28,10-K,365817000000,USD,0000320193-22-000108,
AAPL,Income Statement,Revenue,RevenueFromContractWithCustomerExcludingAssessedTax,2023,FY,Annual,2020-09-27,2021-09-25,2023-11-03,10-K,365817000000,USD,0000320193-23-000106,CY2021
AAPL,Income Statement,Revenue,RevenueFromContractWithCustomerExcludingAssessedTax,2022,FY,Annual,2021-09-26,2022-09-24,2022-10-28,10-K,394328000000,USD,0000320193-22-000108,
AAPL,Income Statement,Revenue,RevenueFromContractWithCustomerExcludingAssessedTax,2023,FY,Annual,2021-09-26,2022-09-24,2023-11-03,10-K,394328000000,USD,0000320193-23-000106,
AAPL,Income Statement,Revenue,RevenueFromContractWithCustomerExcludingAssessedTax,2024,FY,Annual,2021-09-26,2022-09-24,2024-11-01,10-K,394328000000,USD,0000320193-24-000123,CY2022
AAPL,Income Statement,Revenue,RevenueFromContractWithCustomerExcludingAssessedTax,2023,FY,Annual,2022-09-25,2023-09-30,2023-11-03,10-K,383285000000,USD,0000320193-23-000106,
AAPL,Income Statement,Revenue,RevenueFromContractWithCustomerExcludingAssessedTax,2024,FY,Annual,2022-09-25,2023-09-30,2024-11-01,10-K,383285000000,USD,0000320193-24-000123,
AAPL,Income Statement,Revenue,RevenueFromContractWithCustomerExcludingAssessedTax,2025,FY,Annual,2022-09-25,2023-09-30,2025-10-31,10-K,383285000000,USD,0000320193-25-000079,CY2023
AAPL,Income Statement,Revenue,RevenueFromContractWithCustomerExcludingAssessedTax,2024,FY,Annual,2023-10-01,2024-09-28,2024-11-01,10-K,391035000000,USD,0000320193-24-000123,
AAPL,Income Statement,Revenue,RevenueFromContractWithCustomerExcludingAssessedTax,2025,FY,Annual,2023-10-01,2024-09-28,2025-10-31,10-K,391035000000,USD,0000320193-25-000079,CY2024
AAPL,Income Statement,Revenue,RevenueFromContractWithCustomerExcludingAssessedTax,2025,FY,Annual,2024-09-29,2025-09-27,2025-10-31,10-K,416161000000,USD,0000320193-25-000079,CY2025
AAPL,Income Statement,Revenue,RevenueFromContractWithCustomerExcludingAssessedTax,2019,Q1,Quarter,2017-10-01,2017-12-30,2019-01-30,10-Q,88293000000,USD,0000320193-19-000010,
AAPL,Income Statement,Revenue,RevenueFromContractWithCustomerExcludingAssessedTax,2019,Q1,Quarter,2018-09-30,2018-12-29,2019-01-30,10-Q,84310000000,USD,0000320193-19-000010,
AAPL,Income Statement,Revenue,RevenueFromContractWithCustomerExcludingAssessedTax,2020,Q1,Quarter,2018-09-30,2018-12-29,2020-01-29,10-Q,84310000000,USD,0000320193-20-000010,
AAPL,Income Statement,Revenue,RevenueFromContractWithCustomerExcludingAssessedTax,2020,Q1,Quarter,2019-09-29,2019-12-28,2020-01-29,10-Q,91819000000,USD,0000320193-20-000010,
AAPL,Income Statement,Revenue,RevenueFromContractWithCustomerExcludingAssessedTax,2021,Q1,Quarter,2019-09-29,2019-12-28,2021-01-28,10-Q,91819000000,USD,0000320193-21-000010,CY2019Q4
AAPL,Income Statement,Revenue,RevenueFromContractWithCustomerExcludingAssessedTax,2021,Q1,Quarter,2020-09-27,2020-12-26,2021-01-28,10-Q,111439000000,USD,0000320193-21-000010,
AAPL,Income Statement,Revenue,RevenueFromContractWithCustomerExcludingAssessedTax,2022,Q1,Quarter,2020-09-27,2020-12-26,2022-01-28,10-Q,111439000000,USD,0000320193-22-000007,CY2020Q4
AAPL,Income Statement,Revenue,RevenueFromContractWithCustomerExcludingAssessedTax,2022,Q1,Quarter,2021-09-26,2021-12-25,2022-01-28,10-Q,123945000000,USD,0000320193-22-000007,
AAPL,Income Statement,Revenue,RevenueFromContractWithCustomerExcludingAssessedTax,2023,Q1,Quarter,2021-09-26,2021-12-25,2023-02-03,10-Q,123945000000,USD,0000320193-23-000006,CY2021Q4
AAPL,Income Statement,Revenue,RevenueFromContractWithCustomerExcludingAssessedTax,2023,Q1,Quarter,2022-09-25,2022-12-31,2023-02-03,10-Q,117154000000,USD,0000320193-23-000006,
AAPL,Income Statement,Revenue,RevenueFromContractWithCustomerExcludingAssessedTax,2024,Q1,Quarter,2022-09-25,2022-12-31,2024-02-02,10-Q,117154000000,USD,0000320193-24-000006,CY2022Q4
AAPL,Income Statement,Revenue,RevenueFromContractWithCustomerExcludingAssessedTax,2024,Q1,Quarter,2023-10-01,2023-12-30,2024-02-02,10-Q,119575000000,USD,0000320193-24-000006,
AAPL,Income Statement,Revenue,RevenueFromContractWithCustomerExcludingAssessedTax,2025,Q1,Quarter,2023-10-01,2023-12-30,2025-01-31,10-Q,119575000000,USD,0000320193-25-000008,CY2023Q4
AAPL,Income Statement,Revenue,RevenueFromContractWithCustomerExcludingAssessedTax,2025,Q1,Quarter,2024-09-29,2024-12-28,2025-01-31,10-Q,124300000000,USD,0000320193-25-000008,
AAPL,Income Statement,Revenue,RevenueFromContractWithCustomerExcludingAssessedTax,2026,Q1,Quarter,2024-09-29,2024-12-28,2026-01-30,10-Q,124300000000,USD,0000320193-26-000006,CY2024Q4
AAPL,Income Statement,Revenue,RevenueFromContractWithCustomerExcludingAssessedTax,2026,Q1,Quarter,2025-09-28,2025-12-27,2026-01-30,10-Q,143756000000,USD,0000320193-26-000006,CY2025Q4
AAPL,Income Statement,Revenue,RevenueFromContractWithCustomerExcludingAssessedTax,2019,Q2,YTD,2017-10-01,2018-03-31,2019-05-01,10-Q,149430000000,USD,0000320193-19-000066,
AAPL,Income Statement,Revenue,RevenueFromContractWithCustomerExcludingAssessedTax,2019,Q2,Quarter,2017-12-31,2018-03-31,2019-05-01,10-Q,61137000000,USD,0000320193-19-000066,
AAPL,Income Statement,Revenue,RevenueFromContractWithCustomerExcludingAssessedTax,2019,Q2,YTD,2018-09-30,2019-03-30,2019-05-01,10-Q,142325000000,USD,0000320193-19-000066,
AAPL,Income Statement,Revenue,RevenueFromContractWithCustomerExcludingAssessedTax,2020,Q2,YTD,2018-09-30,2019-03-30,2020-05-01,10-Q,142325000000,USD,0000320193-20-000052,
AAPL,Income Statement,Revenue,RevenueFromContractWithCustomerExcludingAssessedTax,2019,Q2,Quarter,2018-12-30,2019-03-30,2019-05-01,10-Q,58015000000,USD,0000320193-19-000066,
AAPL,Income Statement,Revenue,RevenueFromContractWithCustomerExcludingAssessedTax,2020,Q2,Quarter,2018-12-30,2019-03-30,2020-05-01,10-Q,58015000000,USD,0000320193-20-000052,
AAPL,Income Statement,Revenue,RevenueFromContractWithCustomerExcludingAssessedTax,2020,Q2,YTD,2019-09-29,2020-03-28,2020-05-01,10-Q,150132000000,USD,0000320193-20-000052,
AAPL,Income Statement,Revenue,RevenueFromContractWithCustomerExcludingAssessedTax,2021,Q2,YTD,2019-09-29,2020-03-28,2021-04-29,10-Q,150132000000,USD,0000320193-21-000056,
AAPL,Income Statement,Revenue,RevenueFromContractWithCustomerExcludingAssessedTax,2020,Q2,Quarter,2019-12-29,2020-03-28,2020-05-01,10-Q,58313000000,USD,0000320193-20-000052,
AAPL,Income Statement,Revenue,RevenueFromContractWithCustomerExcludingAssessedTax,2021,Q2,Quarter,2019-12-29,2020-03-28,2021-04-29,10-Q,58313000000,USD,0000320193-21-000056,CY2020Q1
AAPL,Income Statement,Revenue,RevenueFromContractWithCustomerExcludingAssessedTax,2021,Q2,YTD,2020-09-27,2021-03-27,2021-04-29,10-Q,201023000000,USD,0000320193-21-000056,
AAPL,Income Statement,Revenue,RevenueFromContractWithCustomerExcludingAssessedTax,2022,Q2,YTD,2020-09-27,2021-03-27,2022-04-29,10-Q,201023000000,USD,0000320193-22-000059,
AAPL,Income Statement,Revenue,RevenueFromContractWithCustomerExcludingAssessedTax,2021,Q2,Quarter,2020-12-27,2021-03-27,2021-04-29,10-Q,89584000000,USD,0000320193-21-000056,
AAPL,Income Statement,Revenue,RevenueFromContractWithCustomerExcludingAssessedTax,2022,Q2,Quarter,2020-12-27,2021-03-27,2022-04-29,10-Q,89584000000,USD,0000320193-22-000059,CY2021Q1
AAPL,Income Statement,Revenue,RevenueFromContractWithCustomerExcludingAssessedTax,2022,Q2,YTD,2021-09-26,2022-03-26,2022-04-29,10-Q,221223000000,USD,0000320193-22-000059,
AAPL,Income Statement,Revenue,RevenueFromContractWithCustomerExcludingAssessedTax,2023,Q2,YTD,2021-09-26,2022-03-26,2023-05-05,10-Q,221223000000,USD,0000320193-23-000064,
AAPL,Income Statement,Revenue,RevenueFromContractWithCustomerExcludingAssessedTax,2022,Q2,Quarter,2021-12-26,2022-03-26,2022-04-29,10-Q,97278000000,USD,0000320193-22-000059,
AAPL,Income Statement,Revenue,RevenueFromContractWithCustomerExcludingAssessedTax,2023,Q2,Quarter,2021-12-26,2022-03-26,2023-05-05,10-Q,97278000000,USD,0000320193-23-000064,CY2022Q1
AAPL,Income Statement,Revenue,RevenueFromContractWithCustomerExcludingAssessedTax,2023,Q2,YTD,2022-09-25,2023-04-01,2023-05-05,10-Q,211990000000,USD,0000320193-23-000064,
AAPL,Income Statement,Revenue,RevenueFromContractWithCustomerExcludingAssessedTax,2024,Q2,YTD,2022-09-25,2023-04-01,2024-05-03,10-Q,211990000000,USD,0000320193-24-000069,
AAPL,Income Statement,Revenue,RevenueFromContractWithCustomerExcludingAssessedTax,2023,Q2,Quarter,2023-01-01,2023-04-01,2023-05-05,10-Q,94836000000,USD,0000320193-23-000064,
AAPL,Income Statement,Revenue,RevenueFromContractWithCustomerExcludingAssessedTax,2024,Q2,Quarter,2023-01-01,2023-04-01,2024-05-03,10-Q,94836000000,USD,0000320193-24-000069,CY2023Q1
AAPL,Income Statement,Revenue,RevenueFromContractWithCustomerExcludingAssessedTax,2024,Q2,YTD,2023-10-01,2024-03-30,2024-05-03,10-Q,210328000000,USD,0000320193-24-000069,
AAPL,Income Statement,Revenue,RevenueFromContractWithCustomerExcludingAssessedTax,2025,Q2,YTD,2023-10-01,2024-03-30,2025-05-02,10-Q,210328000000,USD,0000320193-25-000057,
AAPL,Income Statement,Revenue,RevenueFromContractWithCustomerExcludingAssessedTax,2024,Q2,Quarter,2023-12-31,2024-03-30,2024-05-03,10-Q,90753000000,USD,0000320193-24-000069,
AAPL,Income Statement,Revenue,RevenueFromContractWithCustomerExcludingAssessedTax,2025,Q2,Quarter,2023-12-31,2024-03-30,2025-05-02,10-Q,90753000000,USD,0000320193-25-000057,CY2024Q1
AAPL,Income Statement,Revenue,RevenueFromContractWithCustomerExcludingAssessedTax,2025,Q2,YTD,2024-09-29,2025-03-29,2025-05-02,10-Q,219659000000,USD,0000320193-25-000057,
AAPL,Income Statement,Revenue,RevenueFromContractWithCustomerExcludingAssessedTax,2026,Q2,YTD,2024-09-29,2025-03-29,2026-05-01,10-Q,219659000000,USD,0000320193-26-000013,
AAPL,Income Statement,Revenue,RevenueFromContractWithCustomerExcludingAssessedTax,2025,Q2,Quarter,2024-12-29,2025-03-29,2025-05-02,10-Q,95359000000,USD,0000320193-25-000057,
AAPL,Income Statement,Revenue,RevenueFromContractWithCustomerExcludingAssessedTax,2026,Q2,Quarter,2024-12-29,2025-03-29,2026-05-01,10-Q,95359000000,USD,0000320193-26-000013,CY2025Q1
AAPL,Income Statement,Revenue,RevenueFromContractWithCustomerExcludingAssessedTax,2026,Q2,YTD,2025-09-28,2026-03-28,2026-05-01,10-Q,254940000000,USD,0000320193-26-000013,
AAPL,Income Statement,Revenue,RevenueFromContractWithCustomerExcludingAssessedTax,2026,Q2,Quarter,2025-12-28,2026-03-28,2026-05-01,10-Q,111184000000,USD,0000320193-26-000013,CY2026Q1
AAPL,Income Statement,Revenue,RevenueFromContractWithCustomerExcludingAssessedTax,2019,Q3,Annual,2017-10-01,2018-06-30,2019-07-31,10-Q,202695000000,USD,0000320193-19-000076,
AAPL,Income Statement,Revenue,RevenueFromContractWithCustomerExcludingAssessedTax,2019,Q3,Quarter,2018-04-01,2018-06-30,2019-07-31,10-Q,53265000000,USD,0000320193-19-000076,
AAPL,Income Statement,Revenue,RevenueFromContractWithCustomerExcludingAssessedTax,2019,Q3,Annual,2018-09-30,2019-06-29,2019-07-31,10-Q,196134000000,USD,0000320193-19-000076,
AAPL,Income Statement,Revenue,RevenueFromContractWithCustomerExcludingAssessedTax,2020,Q3,Annual,2018-09-30,2019-06-29,2020-07-31,10-Q,196134000000,USD,0000320193-20-000062,
AAPL,Income Statement,Revenue,RevenueFromContractWithCustomerExcludingAssessedTax,2019,Q3,Quarter,2019-03-31,2019-06-29,2019-07-31,10-Q,53809000000,USD,0000320193-19-000076,
AAPL,Income Statement,Revenue,RevenueFromContractWithCustomerExcludingAssessedTax,2020,Q3,Quarter,2019-03-31,2019-06-29,2020-07-31,10-Q,53809000000,USD,0000320193-20-000062,
AAPL,Income Statement,Revenue,RevenueFromContractWithCustomerExcludingAssessedTax,2020,Q3,Annual,2019-09-29,2020-06-27,2020-07-31,10-Q,209817000000,USD,0000320193-20-000062,
AAPL,Income Statement,Revenue,RevenueFromContractWithCustomerExcludingAssessedTax,2021,Q3,Annual,2019-09-29,2020-06-27,2021-07-28,10-Q,209817000000,USD,0000320193-21-000065,
AAPL,Income Statement,Revenue,RevenueFromContractWithCustomerExcludingAssessedTax,2020,Q3,Quarter,2020-03-29,2020-06-27,2020-07-31,10-Q,59685000000,USD,0000320193-20-000062,
AAPL,Income Statement,Revenue,RevenueFromContractWithCustomerExcludingAssessedTax,2021,Q3,Quarter,2020-03-29,2020-06-27,2021-07-28,10-Q,59685000000,USD,0000320193-21-000065,CY2020Q2
AAPL,Income Statement,Revenue,RevenueFromContractWithCustomerExcludingAssessedTax,2021,Q3,Annual,2020-09-27,2021-06-26,2021-07-28,10-Q,282457000000,USD,0000320193-21-000065,
AAPL,Income Statement,Revenue,RevenueFromContractWithCustomerExcludingAssessedTax,2022,Q3,Annual,2020-09-27,2021-06-26,2022-07-29,10-Q,282457000000,USD,0000320193-22-000070,
AAPL,Income Statement,Revenue,RevenueFromContractWithCustomerExcludingAssessedTax,2021,Q3,Quarter,2021-03-28,2021-06-26,2021-07-28,10-Q,81434000000,USD,0000320193-21-000065,
AAPL,Income Statement,Revenue,RevenueFromContractWithCustomerExcludingAssessedTax,2022,Q3,Quarter,2021-03-28,2021-06-26,2022-07-29,10-Q,81434000000,USD,0000320193-22-000070,CY2021Q2
AAPL,Income Statement,Revenue,RevenueFromContractWithCustomerExcludingAssessedTax,2022,Q3,Annual,2021-09-26,2022-06-25,2022-07-29,10-Q,304182000000,USD,0000320193-22-000070,
AAPL,Income Statement,Revenue,RevenueFromContractWithCustomerExcludingAssessedTax,2023,Q3,Annual,2021-09-26,2022-06-25,2023-08-04,10-Q,304182000000,USD,0000320193-23-000077,
AAPL,Income Statement,Revenue,RevenueFromContractWithCustomerExcludingAssessedTax,2022,Q3,Quarter,2022-03-27,2022-06-25,2022-07-29,10-Q,82959000000,USD,0000320193-22-000070,
AAPL,Income Statement,Revenue,RevenueFromContractWithCustomerExcludingAssessedTax,2023,Q3,Quarter,2022-03-27,2022-06-25,2023-08-04,10-Q,82959000000,USD,0000320193-23-000077,CY2022Q2
AAPL,Income Statement,Revenue,RevenueFromContractWithCustomerExcludingAssessedTax,2023,Q3,Annual,2022-09-25,2023-07-01,2023-08-04,10-Q,293787000000,USD,0000320193-23-000077,
AAPL,Income Statement,Revenue,RevenueFromContractWithCustomerExcludingAssessedTax,2024,Q3,Annual,2022-09-25,2023-07-01,2024-08-02,10-Q,293787000000,USD,0000320193-24-000081,
AAPL,Income Statement,Revenue,RevenueFromContractWithCustomerExcludingAssessedTax,2023,Q3,Quarter,2023-04-02,2023-07-01,2023-08-04,10-Q,81797000000,USD,0000320193-23-000077,
AAPL,Income Statement,Revenue,RevenueFromContractWithCustomerExcludingAssessedTax,2024,Q3,Quarter,2023-04-02,2023-07-01,2024-08-02,10-Q,81797000000,USD,0000320193-24-000081,CY2023Q2
AAPL,Income Statement,Revenue,RevenueFromContractWithCustomerExcludingAssessedTax,2024,Q3,Annual,2023-10-01,2024-06-29,2024-08-02,10-Q,296105000000,USD,0000320193-24-000081,
AAPL,Income Statement,Revenue,RevenueFromContractWithCustomerExcludingAssessedTax,2025,Q3,Annual,2023-10-01,2024-06-29,2025-08-01,10-Q,296105000000,USD,0000320193-25-000073,
AAPL,Income Statement,Revenue,RevenueFromContractWithCustomerExcludingAssessedTax,2024,Q3,Quarter,2024-03-31,2024-06-29,2024-08-02,10-Q,85777000000,USD,0000320193-24-000081,
AAPL,Income Statement,Revenue,RevenueFromContractWithCustomerExcludingAssessedTax,2025,Q3,Quarter,2024-03-31,2024-06-29,2025-08-01,10-Q,85777000000,USD,0000320193-25-000073,CY2024Q2
AAPL,Income Statement,Revenue,RevenueFromContractWithCustomerExcludingAssessedTax,2025,Q3,Annual,2024-09-29,2025-06-28,2025-08-01,10-Q,313695000000,USD,0000320193-25-000073,
AAPL,Income Statement,Revenue,RevenueFromContractWithCustomerExcludingAssessedTax,2026,Q3,Annual,2024-09-29,2025-06-28,2026-07-31,10-Q,313695000000,USD,0000320193-26-000020,
AAPL,Income Statement,Revenue,RevenueFromContractWithCustomerExcludingAssessedTax,2025,Q3,Quarter,2025-03-30,2025-06-28,2025-08-01,10-Q,94036000000,USD,0000320193-25-000073,
AAPL,Income Statement,Revenue,RevenueFromContractWithCustomerExcludingAssessedTax,2026,Q3,Quarter,2025-03-30,2025-06-28,2026-07-31,10-Q,94036000000,USD,0000320193-26-000020,CY2025Q2
AAPL,Income Statement,Revenue,RevenueFromContractWithCustomerExcludingAssessedTax,2026,Q3,Annual,2025-09-28,2026-06-27,2026-07-31,10-Q,364357000000,USD,0000320193-26-000020,
AAPL,Income Statement,Revenue,RevenueFromContractWithCustomerExcludingAssessedTax,2026,Q3,Quarter,2026-03-29,2026-06-27,2026-07-31,10-Q,109417000000,USD,0000320193-26-000020,CY2026Q2
AAPL,Income Statement,SG&A,SellingGeneralAndAdministrativeExpense,2009,FY,Annual,2006-10-01,2007-09-29,2009-10-27,10-K,2963000000,USD,0001193125-09-214859,
AAPL,Income Statement,SG&A,SellingGeneralAndAdministrativeExpense,2009,FY,Annual,2007-09-30,2008-09-27,2009-10-27,10-K,3761000000,USD,0001193125-09-214859,
AAPL,Income Statement,SG&A,SellingGeneralAndAdministrativeExpense,2010,FY,Annual,2007-09-30,2008-09-27,2010-10-27,10-K,3761000000,USD,0001193125-10-238044,CY2008
AAPL,Income Statement,SG&A,SellingGeneralAndAdministrativeExpense,2009,FY,Annual,2008-09-28,2009-09-26,2009-10-27,10-K,4149000000,USD,0001193125-09-214859,
AAPL,Income Statement,SG&A,SellingGeneralAndAdministrativeExpense,2010,FY,Annual,2008-09-28,2009-09-26,2010-10-27,10-K,4149000000,USD,0001193125-10-238044,
AAPL,Income Statement,SG&A,SellingGeneralAndAdministrativeExpense,2011,FY,Annual,2008-09-28,2009-09-26,2011-10-26,10-K,4149000000,USD,0001193125-11-282113,CY2009
AAPL,Income Statement,SG&A,SellingGeneralAndAdministrativeExpense,2010,FY,Annual,2009-09-27,2010-09-25,2010-10-27,10-K,5517000000,USD,0001193125-10-238044,
AAPL,Income Statement,SG&A,SellingGeneralAndAdministrativeExpense,2011,FY,Annual,2009-09-27,2010-09-25,2011-10-26,10-K,5517000000,USD,0001193125-11-282113,
AAPL,Income Statement,SG&A,SellingGeneralAndAdministrativeExpense,2012,FY,Annual,2009-09-27,2010-09-25,2012-10-31,10-K,5517000000,USD,0001193125-12-444068,
AAPL,Income Statement,SG&A,SellingGeneralAndAdministrativeExpense,2011,FY,Annual,2010-09-26,2011-09-24,2011-10-26,10-K,7599000000,USD,0001193125-11-282113,
AAPL,Income Statement,SG&A,SellingGeneralAndAdministrativeExpense,2012,FY,Annual,2010-09-26,2011-09-24,2012-10-31,10-K,7599000000,USD,0001193125-12-444068,
AAPL,Income Statement,SG&A,SellingGeneralAndAdministrativeExpense,2013,FY,Annual,2010-09-26,2011-09-24,2013-10-30,10-K,7599000000,USD,0001193125-13-416534,CY2011
AAPL,Income Statement,SG&A,SellingGeneralAndAdministrativeExpense,2012,FY,Annual,2011-09-25,2012-09-29,2012-10-31,10-K,10040000000,USD,0001193125-12-444068,
AAPL,Income Statement,SG&A,SellingGeneralAndAdministrativeExpense,2013,FY,Annual,2011-09-25,2012-09-29,2013-10-30,10-K,10040000000,USD,0001193125-13-416534,
AAPL,Income Statement,SG&A,SellingGeneralAndAdministrativeExpense,2014,FY,Annual,2011-09-25,2012-09-29,2014-10-27,10-K,10040000000,USD,0001193125-14-383437,
AAPL,Income Statement,SG&A,SellingGeneralAndAdministrativeExpense,2013,FY,Annual,2012-09-30,2013-09-28,2013-10-30,10-K,10830000000,USD,0001193125-13-416534,
AAPL,Income Statement,SG&A,SellingGeneralAndAdministrativeExpense,2014,FY,Annual,2012-09-30,2013-09-28,2014-10-27,10-K,10830000000,USD,0001193125-14-383437,
AAPL,Income Statement,SG&A,SellingGeneralAndAdministrativeExpense,2015,FY,Annual,2012-09-30,2013-09-28,2015-10-28,10-K,10830000000,USD,0001193125-15-356351,CY2013
AAPL,Income Statement,SG&A,SellingGeneralAndAdministrativeExpense,2014,FY,Annual,2013-09-29,2014-09-27,2014-10-27,10-K,11993000000,USD,0001193125-14-383437,
AAPL,Income Statement,SG&A,SellingGeneralAndAdministrativeExpense,2015,FY,Annual,2013-09-29,2014-09-27,2015-10-28,10-K,11993000000,USD,0001193125-15-356351,
AAPL,Income Statement,SG&A,SellingGeneralAndAdministrativeExpense,2016,FY,Annual,2013-09-29,2014-09-27,2016-10-26,10-K,11993000000,USD,0001628280-16-020309,CY2014
AAPL,Income Statement,SG&A,SellingGeneralAndAdministrativeExpense,2015,FY,Annual,2014-09-28,2015-09-26,2015-10-28,10-K,14329000000,USD,0001193125-15-356351,
AAPL,Income Statement,SG&A,SellingGeneralAndAdministrativeExpense,2016,FY,Annual,2014-09-28,2015-09-26,2016-10-26,10-K,14329000000,USD,0001628280-16-020309,
AAPL,Income Statement,SG&A,SellingGeneralAndAdministrativeExpense,2017,FY,Annual,2014-09-28,2015-09-26,2017-11-03,10-K,14329000000,USD,0000320193-17-000070,CY2015
AAPL,Income Statement,SG&A,SellingGeneralAndAdministrativeExpense,2016,FY,Annual,2015-09-27,2016-09-24,2016-10-26,10-K,14194000000,USD,0001628280-16-020309,
AAPL,Income Statement,SG&A,SellingGeneralAndAdministrativeExpense,2017,FY,Annual,2015-09-27,2016-09-24,2017-11-03,10-K,14194000000,USD,0000320193-17-000070,
AAPL,Income Statement,SG&A,SellingGeneralAndAdministrativeExpense,2018,FY,Annual,2015-09-27,2016-09-24,2018-11-05,10-K,14194000000,USD,0000320193-18-000145,CY2016
AAPL,Income Statement,SG&A,SellingGeneralAndAdministrativeExpense,2017,FY,Annual,2016-09-25,2017-09-30,2017-11-03,10-K,15261000000,USD,0000320193-17-000070,
AAPL,Income Statement,SG&A,SellingGeneralAndAdministrativeExpense,2018,FY,Annual,2016-09-25,2017-09-30,2018-11-05,10-K,15261000000,USD,0000320193-18-000145,
AAPL,Income Statement,SG&A,SellingGeneralAndAdministrativeExpense,2019,FY,Annual,2016-09-25,2017-09-30,2019-10-31,10-K,15261000000,USD,0000320193-19-000119,CY2017
AAPL,Income Statement,SG&A,SellingGeneralAndAdministrativeExpense,2018,FY,Annual,2017-10-01,2018-09-29,2018-11-05,10-K,16705000000,USD,0000320193-18-000145,
AAPL,Income Statement,SG&A,SellingGeneralAndAdministrativeExpense,2019,FY,Annual,2017-10-01,2018-09-29,2019-10-31,10-K,16705000000,USD,0000320193-19-000119,
AAPL,Income Statement,SG&A,SellingGeneralAndAdministrativeExpense,2020,FY,Annual,2017-10-01,2018-09-29,2020-10-30,10-K,16705000000,USD,0000320193-20-000096,CY2018
AAPL,Income Statement,SG&A,SellingGeneralAndAdministrativeExpense,2019,FY,Annual,2018-09-30,2019-09-28,2019-10-31,10-K,18245000000,USD,0000320193-19-000119,
AAPL,Income Statement,SG&A,SellingGeneralAndAdministrativeExpense,2020,FY,Annual,2018-09-30,2019-09-28,2020-10-30,10-K,18245000000,USD,0000320193-20-000096,
AAPL,Income Statement,SG&A,SellingGeneralAndAdministrativeExpense,2021,FY,Annual,2018-09-30,2019-09-28,2021-10-29,10-K,18245000000,USD,0000320193-21-000105,CY2019
AAPL,Income Statement,SG&A,SellingGeneralAndAdministrativeExpense,2020,FY,Annual,2019-09-29,2020-09-26,2020-10-30,10-K,19916000000,USD,0000320193-20-000096,
AAPL,Income Statement,SG&A,SellingGeneralAndAdministrativeExpense,2021,FY,Annual,2019-09-29,2020-09-26,2021-10-29,10-K,19916000000,USD,0000320193-21-000105,
AAPL,Income Statement,SG&A,SellingGeneralAndAdministrativeExpense,2022,FY,Annual,2019-09-29,2020-09-26,2022-10-28,10-K,19916000000,USD,0000320193-22-000108,CY2020
AAPL,Income Statement,SG&A,SellingGeneralAndAdministrativeExpense,2021,FY,Annual,2020-09-27,2021-09-25,2021-10-29,10-K,21973000000,USD,0000320193-21-000105,
AAPL,Income Statement,SG&A,SellingGeneralAndAdministrativeExpense,2022,FY,Annual,2020-09-27,2021-09-25,2022-10-28,10-K,21973000000,USD,0000320193-22-000108,
AAPL,Income Statement,SG&A,SellingGeneralAndAdministrativeExpense,2023,FY,Annual,2020-09-27,2021-09-25,2023-11-03,10-K,21973000000,USD,0000320193-23-000106,CY2021
AAPL,Income Statement,SG&A,SellingGeneralAndAdministrativeExpense,2022,FY,Annual,2021-09-26,2022-09-24,2022-10-28,10-K,25094000000,USD,0000320193-22-000108,
AAPL,Income Statement,SG&A,SellingGeneralAndAdministrativeExpense,2023,FY,Annual,2021-09-26,2022-09-24,2023-11-03,10-K,25094000000,USD,0000320193-23-000106,
AAPL,Income Statement,SG&A,SellingGeneralAndAdministrativeExpense,2024,FY,Annual,2021-09-26,2022-09-24,2024-11-01,10-K,25094000000,USD,0000320193-24-000123,CY2022
AAPL,Income Statement,SG&A,SellingGeneralAndAdministrativeExpense,2023,FY,Annual,2022-09-25,2023-09-30,2023-11-03,10-K,24932000000,USD,0000320193-23-000106,
AAPL,Income Statement,SG&A,SellingGeneralAndAdministrativeExpense,2024,FY,Annual,2022-09-25,2023-09-30,2024-11-01,10-K,24932000000,USD,0000320193-24-000123,
AAPL,Income Statement,SG&A,SellingGeneralAndAdministrativeExpense,2025,FY,Annual,2022-09-25,2023-09-30,2025-10-31,10-K,24932000000,USD,0000320193-25-000079,CY2023
AAPL,Income Statement,SG&A,SellingGeneralAndAdministrativeExpense,2024,FY,Annual,2023-10-01,2024-09-28,2024-11-01,10-K,26097000000,USD,0000320193-24-000123,
AAPL,Income Statement,SG&A,SellingGeneralAndAdministrativeExpense,2025,FY,Annual,2023-10-01,2024-09-28,2025-10-31,10-K,26097000000,USD,0000320193-25-000079,CY2024
AAPL,Income Statement,SG&A,SellingGeneralAndAdministrativeExpense,2025,FY,Annual,2024-09-29,2025-09-27,2025-10-31,10-K,27601000000,USD,0000320193-25-000079,CY2025
AAPL,Income Statement,SG&A,SellingGeneralAndAdministrativeExpense,2010,Q1,Quarter,2008-09-28,2008-12-27,2010-01-25,10-Q,1091000000,USD,0001193125-10-012085,CY2008Q4
AAPL,Income Statement,SG&A,SellingGeneralAndAdministrativeExpense,2010,Q1,Quarter,2009-09-27,2009-12-26,2010-01-25,10-Q,1288000000,USD,0001193125-10-012085,
AAPL,Income Statement,SG&A,SellingGeneralAndAdministrativeExpense,2011,Q1,Quarter,2009-09-27,2009-12-26,2011-01-19,10-Q,1288000000,USD,0001193125-11-010144,CY2009Q4
AAPL,Income Statement,SG&A,SellingGeneralAndAdministrativeExpense,2011,Q1,Quarter,2010-09-26,2010-12-25,2011-01-19,10-Q,1896000000,USD,0001193125-11-010144,
AAPL,Income Statement,SG&A,SellingGeneralAndAdministrativeExpense,2012,Q1,Quarter,2010-09-26,2010-12-25,2012-01-25,10-Q,1896000000,USD,0001193125-12-023398,CY2010Q4
AAPL,Income Statement,SG&A,SellingGeneralAndAdministrativeExpense,2012,Q1,Quarter,2011-09-25,2011-12-31,2012-01-25,10-Q,2605000000,USD,0001193125-12-023398,
AAPL,Income Statement,SG&A,SellingGeneralAndAdministrativeExpense,2013,Q1,Quarter,2011-09-25,2011-12-31,2013-01-24,10-Q,2605000000,USD,0001193125-13-022339,CY2011Q4
AAPL,Income Statement,SG&A,SellingGeneralAndAdministrativeExpense,2013,Q1,Quarter,2012-09-30,2012-12-29,2013-01-24,10-Q,2840000000,USD,0001193125-13-022339,
AAPL,Income Statement,SG&A,SellingGeneralAndAdministrativeExpense,2014,Q1,Quarter,2012-09-30,2012-12-29,2014-01-28,10-Q,2840000000,USD,0001193125-14-024487,CY2012Q4
AAPL,Income Statement,SG&A,SellingGeneralAndAdministrativeExpense,2014,Q1,Quarter,2013-09-29,2013-12-28,2014-01-28,10-Q,3053000000,USD,0001193125-14-024487,
AAPL,Income Statement,SG&A,SellingGeneralAndAdministrativeExpense,2015,Q1,Quarter,2013-09-29,2013-12-28,2015-01-28,10-Q,3053000000,USD,0001193125-15-023697,CY2013Q4
AAPL,Income Statement,SG&A,SellingGeneralAndAdministrativeExpense,2015,Q1,Quarter,2014-09-28,2014-12-27,2015-01-28,10-Q,3600000000,USD,0001193125-15-023697,
AAPL,Income Statement,SG&A,SellingGeneralAndAdministrativeExpense,2016,Q1,Quarter,2014-09-28,2014-12-27,2016-01-27,10-Q,3600000000,USD,0001193125-16-439878,CY2014Q4
AAPL,Income Statement,SG&A,SellingGeneralAndAdministrativeExpense,2016,Q1,Quarter,2015-09-27,2015-12-26,2016-01-27,10-Q,3848000000,USD,0001193125-16-439878,
AAPL,Income Statement,SG&A,SellingGeneralAndAdministrativeExpense,2017,Q1,Quarter,2015-09-27,2015-12-26,2017-02-01,10-Q,3848000000,USD,0001628280-17-000717,CY2015Q4
AAPL,Income Statement,SG&A,SellingGeneralAndAdministrativeExpense,2017,Q1,Quarter,2016-09-25,2016-12-31,2017-02-01,10-Q,3946000000,USD,0001628280-17-000717,
AAPL,Income Statement,SG&A,SellingGeneralAndAdministrativeExpense,2018,Q1,Quarter,2016-09-25,2016-12-31,2018-02-02,10-Q,3946000000,USD,0000320193-18-000007,CY2016Q4
AAPL,Income Statement,SG&A,SellingGeneralAndAdministrativeExpense,2018,Q1,Quarter,2017-10-01,2017-12-30,2018-02-02,10-Q,4231000000,USD,0000320193-18-000007,
AAPL,Income Statement,SG&A,SellingGeneralAndAdministrativeExpense,2019,Q1,Quarter,2017-10-01,2017-12-30,2019-01-30,10-Q,4231000000,USD,0000320193-19-000010,CY2017Q4
AAPL,Income Statement,SG&A,SellingGeneralAndAdministrativeExpense,2019,Q1,Quarter,2018-09-30,2018-12-29,2019-01-30,10-Q,4783000000,USD,0000320193-19-000010,
AAPL,Income Statement,SG&A,SellingGeneralAndAdministrativeExpense,2020,Q1,Quarter,2018-09-30,2018-12-29,2020-01-29,10-Q,4783000000,USD,0000320193-20-000010,CY2018Q4
AAPL,Income Statement,SG&A,SellingGeneralAndAdministrativeExpense,2020,Q1,Quarter,2019-09-29,2019-12-28,2020-01-29,10-Q,5197000000,USD,0000320193-20-000010,
AAPL,Income Statement,SG&A,SellingGeneralAndAdministrativeExpense,2021,Q1,Quarter,2019-09-29,2019-12-28,2021-01-28,10-Q,5197000000,USD,0000320193-21-000010,CY2019Q4
AAPL,Income Statement,SG&A,SellingGeneralAndAdministrativeExpense,2021,Q1,Quarter,2020-09-27,2020-12-26,2021-01-28,10-Q,5631000000,USD,0000320193-21-000010,
AAPL,Income Statement,SG&A,SellingGeneralAndAdministrativeExpense,2022,Q1,Quarter,2020-09-27,2020-12-26,2022-01-28,10-Q,5631000000,USD,0000320193-22-000007,CY2020Q4
AAPL,Income Statement,SG&A,SellingGeneralAndAdministrativeExpense,2022,Q1,Quarter,2021-09-26,2021-12-25,2022-01-28,10-Q,6449000000,USD,0000320193-22-000007,
AAPL,Income Statement,SG&A,SellingGeneralAndAdministrativeExpense,2023,Q1,Quarter,2021-09-26,2021-12-25,2023-02-03,10-Q,6449000000,USD,0000320193-23-000006,CY2021Q4
AAPL,Income Statement,SG&A,SellingGeneralAndAdministrativeExpense,2023,Q1,Quarter,2022-09-25,2022-12-31,2023-02-03,10-Q,6607000000,USD,0000320193-23-000006,
AAPL,Income Statement,SG&A,SellingGeneralAndAdministrativeExpense,2024,Q1,Quarter,2022-09-25,2022-12-31,2024-02-02,10-Q,6607000000,USD,0000320193-24-000006,CY2022Q4
AAPL,Income Statement,SG&A,SellingGeneralAndAdministrativeExpense,2024,Q1,Quarter,2023-10-01,2023-12-30,2024-02-02,10-Q,6786000000,USD,0000320193-24-000006,
AAPL,Income Statement,SG&A,SellingGeneralAndAdministrativeExpense,2025,Q1,Quarter,2023-10-01,2023-12-30,2025-01-31,10-Q,6786000000,USD,0000320193-25-000008,CY2023Q4
AAPL,Income Statement,SG&A,SellingGeneralAndAdministrativeExpense,2025,Q1,Quarter,2024-09-29,2024-12-28,2025-01-31,10-Q,7175000000,USD,0000320193-25-000008,
AAPL,Income Statement,SG&A,SellingGeneralAndAdministrativeExpense,2026,Q1,Quarter,2024-09-29,2024-12-28,2026-01-30,10-Q,7175000000,USD,0000320193-26-000006,CY2024Q4
AAPL,Income Statement,SG&A,SellingGeneralAndAdministrativeExpense,2026,Q1,Quarter,2025-09-28,2025-12-27,2026-01-30,10-Q,7492000000,USD,0000320193-26-000006,CY2025Q4
AAPL,Income Statement,SG&A,SellingGeneralAndAdministrativeExpense,2010,Q2,YTD,2008-09-28,2009-03-28,2010-04-21,10-Q,2076000000,USD,0001193125-10-088957,
AAPL,Income Statement,SG&A,SellingGeneralAndAdministrativeExpense,2010,Q2,Quarter,2008-12-28,2009-03-28,2010-04-21,10-Q,985000000,USD,0001193125-10-088957,CY2009Q1
AAPL,Income Statement,SG&A,SellingGeneralAndAdministrativeExpense,2010,Q2,YTD,2009-09-27,2010-03-27,2010-04-21,10-Q,2508000000,USD,0001193125-10-088957,
AAPL,Income Statement,SG&A,SellingGeneralAndAdministrativeExpense,2011,Q2,YTD,2009-09-27,2010-03-27,2011-04-21,10-Q,2508000000,USD,0001193125-11-104388,
AAPL,Income Statement,SG&A,SellingGeneralAndAdministrativeExpense,2010,Q2,Quarter,2009-12-27,2010-03-27,2010-04-21,10-Q,1220000000,USD,0001193125-10-088957,
AAPL,Income Statement,SG&A,SellingGeneralAndAdministrativeExpense,2011,Q2,Quarter,2009-12-27,2010-03-27,2011-04-21,10-Q,1220000000,USD,0001193125-11-104388,CY2010Q1
AAPL,Income Statement,SG&A,SellingGeneralAndAdministrativeExpense,2011,Q2,YTD,2010-09-26,2011-03-26,2011-04-21,10-Q,3659000000,USD,0001193125-11-104388,
AAPL,Income Statement,SG&A,SellingGeneralAndAdministrativeExpense,2012,Q2,YTD,2010-09-26,2011-03-26,2012-04-25,10-Q,3659000000,USD,0001193125-12-182321,
AAPL,Income Statement,SG&A,SellingGeneralAndAdministrativeExpense,2011,Q2,Quarter,2010-12-26,2011-03-26,2011-04-21,10-Q,1763000000,USD,0001193125-11-104388,
AAPL,Income Statement,SG&A,SellingGeneralAndAdministrativeExpense,2012,Q2,Quarter,2010-12-26,2011-03-26,2012-04-25,10-Q,1763000000,USD,0001193125-12-182321,CY2011Q1
AAPL,Income Statement,SG&A,SellingGeneralAndAdministrativeExpense,2012,Q2,YTD,2011-09-25,2012-03-31,2012-04-25,10-Q,4944000000,USD,0001193125-12-182321,
AAPL,Income Statement,SG&A,SellingGeneralAndAdministrativeExpense,2013,Q2,YTD,2011-09-25,2012-03-31,2013-04-24,10-Q,4944000000,USD,0001193125-13-168288,
AAPL,Income Statement,SG&A,SellingGeneralAndAdministrativeExpense,2012,Q2,Quarter,2012-01-01,2012-03-31,2012-04-25,10-Q,2339000000,USD,0001193125-12-182321,
AAPL,Income Statement,SG&A,SellingGeneralAndAdministrativeExpense,2013,Q2,Quarter,2012-01-01,2012-03-31,2013-04-24,10-Q,2339000000,USD,0001193125-13-168288,CY2012Q1
AAPL,Income Statement,SG&A,SellingGeneralAndAdministrativeExpense,2013,Q2,YTD,2012-09-30,2013-03-30,2013-04-24,10-Q,5512000000,USD,0001193125-13-168288,
AAPL,Income Statement,SG&A,SellingGeneralAndAdministrativeExpense,2014,Q2,YTD,2012-09-30,2013-03-30,2014-04-24,10-Q,5512000000,USD,0001193125-14-157311,
AAPL,Income Statement,SG&A,SellingGeneralAndAdministrativeExpense,2013,Q2,Quarter,2012-12-30,2013-03-30,2013-04-24,10-Q,2672000000,USD,0001193125-13-168288,
AAPL,Income Statement,SG&A,SellingGeneralAndAdministrativeExpense,2014,Q2,Quarter,2012-12-30,2013-03-30,2014-04-24,10-Q,2672000000,USD,0001193125-14-157311,CY2013Q1
AAPL,Income Statement,SG&A,SellingGeneralAndAdministrativeExpense,2014,Q2,YTD,2013-09-29,2014-03-29,2014-04-24,10-Q,5985000000,USD,0001193125-14-157311,
AAPL,Income Statement,SG&A,SellingGeneralAndAdministrativeExpense,2015,Q2,YTD,2013-09-29,2014-03-29,2015-04-28,10-Q,5985000000,USD,0001193125-15-153166,
AAPL,Income Statement,SG&A,SellingGeneralAndAdministrativeExpense,2014,Q2,Quarter,2013-12-29,2014-03-29,2014-04-24,10-Q,2932000000,USD,0001193125-14-157311,
AAPL,Income Statement,SG&A,SellingGeneralAndAdministrativeExpense,2015,Q2,Quarter,2013-12-29,2014-03-29,2015-04-28,10-Q,2932000000,USD,0001193125-15-153166,CY2014Q1
AAPL,Income Statement,SG&A,SellingGeneralAndAdministrativeExpense,2015,Q2,YTD,2014-09-28,2015-03-28,2015-04-28,10-Q,7060000000,USD,0001193125-15-153166,
AAPL,Income Statement,SG&A,SellingGeneralAndAdministrativeExpense,2016,Q2,YTD,2014-09-28,2015-03-28,2016-04-27,10-Q,7060000000,USD,0001193125-16-559625,
AAPL,Income Statement,SG&A,SellingGeneralAndAdministrativeExpense,2015,Q2,Quarter,2014-12-28,2015-03-28,2015-04-28,10-Q,3460000000,USD,0001193125-15-153166,
AAPL,Income Statement,SG&A,SellingGeneralAndAdministrativeExpense,2016,Q2,Quarter,2014-12-28,2015-03-28,2016-04-27,10-Q,3460000000,USD,0001193125-16-559625,CY2015Q1
AAPL,Income Statement,SG&A,SellingGeneralAndAdministrativeExpense,2016,Q2,YTD,2015-09-27,2016-03-26,2016-04-27,10-Q,7271000000,USD,0001193125-16-559625,
AAPL,Income Statement,SG&A,SellingGeneralAndAdministrativeExpense,2017,Q2,YTD,2015-09-27,2016-03-26,2017-05-03,10-Q,7271000000,USD,0001628280-17-004790,
AAPL,Income Statement,SG&A,SellingGeneralAndAdministrativeExpense,2016,Q2,Quarter,2015-12-27,2016-03-26,2016-04-27,10-Q,3423000000,USD,0001193125-16-559625,
AAPL,Income Statement,SG&A,SellingGeneralAndAdministrativeExpense,2017,Q2,Quarter,2015-12-27,2016-03-26,2017-05-03,10-Q,3423000000,USD,0001628280-17-004790,CY2016Q1
AAPL,Income Statement,SG&A,SellingGeneralAndAdministrativeExpense,2017,Q2,YTD,2016-09-25,2017-04-01,2017-05-03,10-Q,7664000000,USD,0001628280-17-004790,
AAPL,Income Statement,SG&A,SellingGeneralAndAdministrativeExpense,2018,Q2,YTD,2016-09-25,2017-04-01,2018-05-02,10-Q,7664000000,USD,0000320193-18-000070,
AAPL,Income Statement,SG&A,SellingGeneralAndAdministrativeExpense,2017,Q2,Quarter,2017-01-01,2017-04-01,2017-05-03,10-Q,3718000000,USD,0001628280-17-004790,
AAPL,Income Statement,SG&A,SellingGeneralAndAdministrativeExpense,2018,Q2,Quarter,2017-01-01,2017-04-01,2018-05-02,10-Q,3718000000,USD,0000320193-18-000070,CY2017Q1
AAPL,Income Statement,SG&A,SellingGeneralAndAdministrativeExpense,2018,Q2,YTD,2017-10-01,2018-03-31,2018-05-02,10-Q,8381000000,USD,0000320193-18-000070,
AAPL,Income Statement,SG&A,SellingGeneralAndAdministrativeExpense,2019,Q2,YTD,2017-10-01,2018-03-31,2019-05-01,10-Q,8381000000,USD,0000320193-19-000066,
AAPL,Income Statement,SG&A,SellingGeneralAndAdministrativeExpense,2018,Q2,Quarter,2017-12-31,2018-03-31,2018-05-02,10-Q,4150000000,USD,0000320193-18-000070,
AAPL,Income Statement,SG&A,SellingGeneralAndAdministrativeExpense,2019,Q2,Quarter,2017-12-31,2018-03-31,2019-05-01,10-Q,4150000000,USD,0000320193-19-000066,CY2018Q1
AAPL,Income Statement,SG&A,SellingGeneralAndAdministrativeExpense,2019,Q2,YTD,2018-09-30,2019-03-30,2019-05-01,10-Q,9241000000,USD,0000320193-19-000066,
AAPL,Income Statement,SG&A,SellingGeneralAndAdministrativeExpense,2020,Q2,YTD,2018-09-30,2019-03-30,2020-05-01,10-Q,9241000000,USD,0000320193-20-000052,
AAPL,Income Statement,SG&A,SellingGeneralAndAdministrativeExpense,2019,Q2,Quarter,2018-12-30,2019-03-30,2019-05-01,10-Q,4458000000,USD,0000320193-19-000066,
AAPL,Income Statement,SG&A,SellingGeneralAndAdministrativeExpense,2020,Q2,Quarter,2018-12-30,2019-03-30,2020-05-01,10-Q,4458000000,USD,0000320193-20-000052,CY2019Q1
AAPL,Income Statement,SG&A,SellingGeneralAndAdministrativeExpense,2020,Q2,YTD,2019-09-29,2020-03-28,2020-05-01,10-Q,10149000000,USD,0000320193-20-000052,
AAPL,Income Statement,SG&A,SellingGeneralAndAdministrativeExpense,2021,Q2,YTD,2019-09-29,2020-03-28,2021-04-29,10-Q,10149000000,USD,0000320193-21-000056,
AAPL,Income Statement,SG&A,SellingGeneralAndAdministrativeExpense,2020,Q2,Quarter,2019-12-29,2020-03-28,2020-05-01,10-Q,4952000000,USD,0000320193-20-000052,
AAPL,Income Statement,SG&A,SellingGeneralAndAdministrativeExpense,2021,Q2,Quarter,2019-12-29,2020-03-28,2021-04-29,10-Q,4952000000,USD,0000320193-21-000056,CY2020Q1
AAPL,Income Statement,SG&A,SellingGeneralAndAdministrativeExpense,2021,Q2,YTD,2020-09-27,2021-03-27,2021-04-29,10-Q,10945000000,USD,0000320193-21-000056,
AAPL,Income Statement,SG&A,SellingGeneralAndAdministrativeExpense,2022,Q2,YTD,2020-09-27,2021-03-27,2022-04-29,10-Q,10945000000,USD,0000320193-22-000059,
AAPL,Income Statement,SG&A,SellingGeneralAndAdministrativeExpense,2021,Q2,Quarter,2020-12-27,2021-03-27,2021-04-29,10-Q,5314000000,USD,0000320193-21-000056,
AAPL,Income Statement,SG&A,SellingGeneralAndAdministrativeExpense,2022,Q2,Quarter,2020-12-27,2021-03-27,2022-04-29,10-Q,5314000000,USD,0000320193-22-000059,CY2021Q1
AAPL,Income Statement,SG&A,SellingGeneralAndAdministrativeExpense,2022,Q2,YTD,2021-09-26,2022-03-26,2022-04-29,10-Q,12642000000,USD,0000320193-22-000059,
AAPL,Income Statement,SG&A,SellingGeneralAndAdministrativeExpense,2023,Q2,YTD,2021-09-26,2022-03-26,2023-05-05,10-Q,12642000000,USD,0000320193-23-000064,
AAPL,Income Statement,SG&A,SellingGeneralAndAdministrativeExpense,2022,Q2,Quarter,2021-12-26,2022-03-26,2022-04-29,10-Q,6193000000,USD,0000320193-22-000059,
AAPL,Income Statement,SG&A,SellingGeneralAndAdministrativeExpense,2023,Q2,Quarter,2021-12-26,2022-03-26,2023-05-05,10-Q,6193000000,USD,0000320193-23-000064,CY2022Q1
AAPL,Income Statement,SG&A,SellingGeneralAndAdministrativeExpense,2023,Q2,YTD,2022-09-25,2023-04-01,2023-05-05,10-Q,12808000000,USD,0000320193-23-000064,
AAPL,Income Statement,SG&A,SellingGeneralAndAdministrativeExpense,2024,Q2,YTD,2022-09-25,2023-04-01,2024-05-03,10-Q,12808000000,USD,0000320193-24-000069,
AAPL,Income Statement,SG&A,SellingGeneralAndAdministrativeExpense,2023,Q2,Quarter,2023-01-01,2023-04-01,2023-05-05,10-Q,6201000000,USD,0000320193-23-000064,
AAPL,Income Statement,SG&A,SellingGeneralAndAdministrativeExpense,2024,Q2,Quarter,2023-01-01,2023-04-01,2024-05-03,10-Q,6201000000,USD,0000320193-24-000069,CY2023Q1
AAPL,Income Statement,SG&A,SellingGeneralAndAdministrativeExpense,2024,Q2,YTD,2023-10-01,2024-03-30,2024-05-03,10-Q,13254000000,USD,0000320193-24-000069,
AAPL,Income Statement,SG&A,SellingGeneralAndAdministrativeExpense,2025,Q2,YTD,2023-10-01,2024-03-30,2025-05-02,10-Q,13254000000,USD,0000320193-25-000057,
AAPL,Income Statement,SG&A,SellingGeneralAndAdministrativeExpense,2024,Q2,Quarter,2023-12-31,2024-03-30,2024-05-03,10-Q,6468000000,USD,0000320193-24-000069,
AAPL,Income Statement,SG&A,SellingGeneralAndAdministrativeExpense,2025,Q2,Quarter,2023-12-31,2024-03-30,2025-05-02,10-Q,6468000000,USD,0000320193-25-000057,CY2024Q1
AAPL,Income Statement,SG&A,SellingGeneralAndAdministrativeExpense,2025,Q2,YTD,2024-09-29,2025-03-29,2025-05-02,10-Q,13903000000,USD,0000320193-25-000057,
AAPL,Income Statement,SG&A,SellingGeneralAndAdministrativeExpense,2026,Q2,YTD,2024-09-29,2025-03-29,2026-05-01,10-Q,13903000000,USD,0000320193-26-000013,
AAPL,Income Statement,SG&A,SellingGeneralAndAdministrativeExpense,2025,Q2,Quarter,2024-12-29,2025-03-29,2025-05-02,10-Q,6728000000,USD,0000320193-25-000057,
AAPL,Income Statement,SG&A,SellingGeneralAndAdministrativeExpense,2026,Q2,Quarter,2024-12-29,2025-03-29,2026-05-01,10-Q,6728000000,USD,0000320193-26-000013,CY2025Q1
AAPL,Income Statement,SG&A,SellingGeneralAndAdministrativeExpense,2026,Q2,YTD,2025-09-28,2026-03-28,2026-05-01,10-Q,14969000000,USD,0000320193-26-000013,
AAPL,Income Statement,SG&A,SellingGeneralAndAdministrativeExpense,2026,Q2,Quarter,2025-12-28,2026-03-28,2026-05-01,10-Q,7477000000,USD,0000320193-26-000013,CY2026Q1
AAPL,Income Statement,SG&A,SellingGeneralAndAdministrativeExpense,2009,Q3,Annual,2007-09-30,2008-06-28,2009-07-22,10-Q,2762000000,USD,0001193125-09-153165,
AAPL,Income Statement,SG&A,SellingGeneralAndAdministrativeExpense,2009,Q3,Quarter,2008-03-30,2008-06-28,2009-07-22,10-Q,916000000,USD,0001193125-09-153165,CY2008Q2
AAPL,Income Statement,SG&A,SellingGeneralAndAdministrativeExpense,2009,Q3,Annual,2008-09-28,2009-06-27,2009-07-22,10-Q,3086000000,USD,0001193125-09-153165,
AAPL,Income Statement,SG&A,SellingGeneralAndAdministrativeExpense,2010,Q3,Annual,2008-09-28,2009-06-27,2010-07-21,10-Q,3086000000,USD,0001193125-10-162840,
AAPL,Income Statement,SG&A,SellingGeneralAndAdministrativeExpense,2009,Q3,Quarter,2009-03-29,2009-06-27,2009-07-22,10-Q,1010000000,USD,0001193125-09-153165,
AAPL,Income Statement,SG&A,SellingGeneralAndAdministrativeExpense,2010,Q3,Quarter,2009-03-29,2009-06-27,2010-07-21,10-Q,1010000000,USD,0001193125-10-162840,CY2009Q2
AAPL,Income Statement,SG&A,SellingGeneralAndAdministrativeExpense,2010,Q3,Annual,2009-09-27,2010-06-26,2010-07-21,10-Q,3946000000,USD,0001193125-10-162840,
AAPL,Income Statement,SG&A,SellingGeneralAndAdministrativeExpense,2011,Q3,Annual,2009-09-27,2010-06-26,2011-07-20,10-Q,3946000000,USD,0001193125-11-192493,
AAPL,Income Statement,SG&A,SellingGeneralAndAdministrativeExpense,2010,Q3,Quarter,2010-03-28,2010-06-26,2010-07-21,10-Q,1438000000,USD,0001193125-10-162840,
AAPL,Income Statement,SG&A,SellingGeneralAndAdministrativeExpense,2011,Q3,Quarter,2010-03-28,2010-06-26,2011-07-20,10-Q,1438000000,USD,0001193125-11-192493,CY2010Q2
AAPL,Income Statement,SG&A,SellingGeneralAndAdministrativeExpense,2011,Q3,Annual,2010-09-26,2011-06-25,2011-07-20,10-Q,5574000000,USD,0001193125-11-192493,
AAPL,Income Statement,SG&A,SellingGeneralAndAdministrativeExpense,2012,Q3,Annual,2010-09-26,2011-06-25,2012-07-25,10-Q,5574000000,USD,0001193125-12-314552,
AAPL,Income Statement,SG&A,SellingGeneralAndAdministrativeExpense,2011,Q3,Quarter,2011-03-27,2011-06-25,2011-07-20,10-Q,1915000000,USD,0001193125-11-192493,
AAPL,Income Statement,SG&A,SellingGeneralAndAdministrativeExpense,2012,Q3,Quarter,2011-03-27,2011-06-25,2012-07-25,10-Q,1915000000,USD,0001193125-12-314552,CY2011Q2
AAPL,Income Statement,SG&A,SellingGeneralAndAdministrativeExpense,2012,Q3,Annual,2011-09-25,2012-06-30,2012-07-25,10-Q,7489000000,USD,0001193125-12-314552,
AAPL,Income Statement,SG&A,SellingGeneralAndAdministrativeExpense,2013,Q3,Annual,2011-09-25,2012-06-30,2013-07-24,10-Q,7489000000,USD,0001193125-13-300670,
AAPL,Income Statement,SG&A,SellingGeneralAndAdministrativeExpense,2012,Q3,Quarter,2012-04-01,2012-06-30,2012-07-25,10-Q,2545000000,USD,0001193125-12-314552,
AAPL,Income Statement,SG&A,SellingGeneralAndAdministrativeExpense,2013,Q3,Quarter,2012-04-01,2012-06-30,2013-07-24,10-Q,2545000000,USD,0001193125-13-300670,CY2012Q2
AAPL,Income Statement,SG&A,SellingGeneralAndAdministrativeExpense,2013,Q3,Annual,2012-09-30,2013-06-29,2013-07-24,10-Q,8157000000,USD,0001193125-13-300670,
AAPL,Income Statement,SG&A,SellingGeneralAndAdministrativeExpense,2014,Q3,Annual,2012-09-30,2013-06-29,2014-07-23,10-Q,8157000000,USD,0001193125-14-277160,
AAPL,Income Statement,SG&A,SellingGeneralAndAdministrativeExpense,2013,Q3,Quarter,2013-03-31,2013-06-29,2013-07-24,10-Q,2645000000,USD,0001193125-13-300670,
AAPL,Income Statement,SG&A,SellingGeneralAndAdministrativeExpense,2014,Q3,Quarter,2013-03-31,2013-06-29,2014-07-23,10-Q,2645000000,USD,0001193125-14-277160,CY2013Q2
AAPL,Income Statement,SG&A,SellingGeneralAndAdministrativeExpense,2014,Q3,Annual,2013-09-29,2014-06-28,2014-07-23,10-Q,8835000000,USD,0001193125-14-277160,
AAPL,Income Statement,SG&A,SellingGeneralAndAdministrativeExpense,2015,Q3,Annual,2013-09-29,2014-06-28,2015-07-22,10-Q,8835000000,USD,0001193125-15-259935,
AAPL,Income Statement,SG&A,SellingGeneralAndAdministrativeExpense,2014,Q3,Quarter,2014-03-30,2014-06-28,2014-07-23,10-Q,2850000000,USD,0001193125-14-277160,
AAPL,Income Statement,SG&A,SellingGeneralAndAdministrativeExpense,2015,Q3,Quarter,2014-03-30,2014-06-28,2015-07-22,10-Q,2850000000,USD,0001193125-15-259935,CY2014Q2
AAPL,Income Statement,SG&A,SellingGeneralAndAdministrativeExpense,2015,Q3,Annual,2014-09-28,2015-06-27,2015-07-22,10-Q,10624000000,USD,0001193125-15-259935,
AAPL,Income Statement,SG&A,SellingGeneralAndAdministrativeExpense,2016,Q3,Annual,2014-09-28,2015-06-27,2016-07-27,10-Q,10624000000,USD,0001628280-16-017809,
AAPL,Income Statement,SG&A,SellingGeneralAndAdministrativeExpense,2015,Q3,Quarter,2015-03-29,2015-06-27,2015-07-22,10-Q,3564000000,USD,0001193125-15-259935,
AAPL,Income Statement,SG&A,SellingGeneralAndAdministrativeExpense,2016,Q3,Quarter,2015-03-29,2015-06-27,2016-07-27,10-Q,3564000000,USD,0001628280-16-017809,CY2015Q2
AAPL,Income Statement,SG&A,SellingGeneralAndAdministrativeExpense,2016,Q3,Annual,2015-09-27,2016-06-25,2016-07-27,10-Q,10712000000,USD,0001628280-16-017809,
AAPL,Income Statement,SG&A,SellingGeneralAndAdministrativeExpense,2017,Q3,Annual,2015-09-27,2016-06-25,2017-08-02,10-Q,10712000000,USD,0000320193-17-000009,
AAPL,Income Statement,SG&A,SellingGeneralAndAdministrativeExpense,2016,Q3,Quarter,2016-03-27,2016-06-25,2016-07-27,10-Q,3441000000,USD,0001628280-16-017809,
AAPL,Income Statement,SG&A,SellingGeneralAndAdministrativeExpense,2017,Q3,Quarter,2016-03-27,2016-06-25,2017-08-02,10-Q,3441000000,USD,0000320193-17-000009,CY2016Q2
AAPL,Income Statement,SG&A,SellingGeneralAndAdministrativeExpense,2017,Q3,Annual,2016-09-25,2017-07-01,2017-08-02,10-Q,11447000000,USD,0000320193-17-000009,
AAPL,Income Statement,SG&A,SellingGeneralAndAdministrativeExpense,2018,Q3,Annual,2016-09-25,2017-07-01,2018-08-01,10-Q,11447000000,USD,0000320193-18-000100,
AAPL,Income Statement,SG&A,SellingGeneralAndAdministrativeExpense,2017,Q3,Quarter,2017-04-02,2017-07-01,2017-08-02,10-Q,3783000000,USD,0000320193-17-000009,
AAPL,Income Statement,SG&A,SellingGeneralAndAdministrativeExpense,2018,Q3,Quarter,2017-04-02,2017-07-01,2018-08-01,10-Q,3783000000,USD,0000320193-18-000100,CY2017Q2
AAPL,Income Statement,SG&A,SellingGeneralAndAdministrativeExpense,2018,Q3,Annual,2017-10-01,2018-06-30,2018-08-01,10-Q,12489000000,USD,0000320193-18-000100,
AAPL,Income Statement,SG&A,SellingGeneralAndAdministrativeExpense,2019,Q3,Annual,2017-10-01,2018-06-30,2019-07-31,10-Q,12489000000,USD,0000320193-19-000076,
AAPL,Income Statement,SG&A,SellingGeneralAndAdministrativeExpense,2018,Q3,Quarter,2018-04-01,2018-06-30,2018-08-01,10-Q,4108000000,USD,0000320193-18-000100,
AAPL,Income Statement,SG&A,SellingGeneralAndAdministrativeExpense,2019,Q3,Quarter,2018-04-01,2018-06-30,2019-07-31,10-Q,4108000000,USD,0000320193-19-000076,CY2018Q2
AAPL,Income Statement,SG&A,SellingGeneralAndAdministrativeExpense,2019,Q3,Annual,2018-09-30,2019-06-29,2019-07-31,10-Q,13667000000,USD,0000320193-19-000076,
AAPL,Income Statement,SG&A,SellingGeneralAndAdministrativeExpense,2020,Q3,Annual,2018-09-30,2019-06-29,2020-07-31,10-Q,13667000000,USD,0000320193-20-000062,
AAPL,Income Statement,SG&A,SellingGeneralAndAdministrativeExpense,2019,Q3,Quarter,2019-03-31,2019-06-29,2019-07-31,10-Q,4426000000,USD,0000320193-19-000076,
AAPL,Income Statement,SG&A,SellingGeneralAndAdministrativeExpense,2020,Q3,Quarter,2019-03-31,2019-06-29,2020-07-31,10-Q,4426000000,USD,0000320193-20-000062,CY2019Q2
AAPL,Income Statement,SG&A,SellingGeneralAndAdministrativeExpense,2020,Q3,Annual,2019-09-29,2020-06-27,2020-07-31,10-Q,14980000000,USD,0000320193-20-000062,
AAPL,Income Statement,SG&A,SellingGeneralAndAdministrativeExpense,2021,Q3,Annual,2019-09-29,2020-06-27,2021-07-28,10-Q,14980000000,USD,0000320193-21-000065,
AAPL,Income Statement,SG&A,SellingGeneralAndAdministrativeExpense,2020,Q3,Quarter,2020-03-29,2020-06-27,2020-07-31,10-Q,4831000000,USD,0000320193-20-000062,
AAPL,Income Statement,SG&A,SellingGeneralAndAdministrativeExpense,2021,Q3,Quarter,2020-03-29,2020-06-27,2021-07-28,10-Q,4831000000,USD,0000320193-21-000065,CY2020Q2
AAPL,Income Statement,SG&A,SellingGeneralAndAdministrativeExpense,2021,Q3,Annual,2020-09-27,2021-06-26,2021-07-28,10-Q,16357000000,USD,0000320193-21-000065,
AAPL,Income Statement,SG&A,SellingGeneralAndAdministrativeExpense,2022,Q3,Annual,2020-09-27,2021-06-26,2022-07-29,10-Q,16357000000,USD,0000320193-22-000070,
AAPL,Income Statement,SG&A,SellingGeneralAndAdministrativeExpense,2021,Q3,Quarter,2021-03-28,2021-06-26,2021-07-28,10-Q,5412000000,USD,0000320193-21-000065,
AAPL,Income Statement,SG&A,SellingGeneralAndAdministrativeExpense,2022,Q3,Quarter,2021-03-28,2021-06-26,2022-07-29,10-Q,5412000000,USD,0000320193-22-000070,CY2021Q2
AAPL,Income Statement,SG&A,SellingGeneralAndAdministrativeExpense,2022,Q3,Annual,2021-09-26,2022-06-25,2022-07-29,10-Q,18654000000,USD,0000320193-22-000070,
AAPL,Income Statement,SG&A,SellingGeneralAndAdministrativeExpense,2023,Q3,Annual,2021-09-26,2022-06-25,2023-08-04,10-Q,18654000000,USD,0000320193-23-000077,
AAPL,Income Statement,SG&A,SellingGeneralAndAdministrativeExpense,2022,Q3,Quarter,2022-03-27,2022-06-25,2022-07-29,10-Q,6012000000,USD,0000320193-22-000070,
AAPL,Income Statement,SG&A,SellingGeneralAndAdministrativeExpense,2023,Q3,Quarter,2022-03-27,2022-06-25,2023-08-04,10-Q,6012000000,USD,0000320193-23-000077,CY2022Q2
AAPL,Income Statement,SG&A,SellingGeneralAndAdministrativeExpense,2023,Q3,Annual,2022-09-25,2023-07-01,2023-08-04,10-Q,18781000000,USD,0000320193-23-000077,
AAPL,Income Statement,SG&A,SellingGeneralAndAdministrativeExpense,2024,Q3,Annual,2022-09-25,2023-07-01,2024-08-02,10-Q,18781000000,USD,0000320193-24-000081,
AAPL,Income Statement,SG&A,SellingGeneralAndAdministrativeExpense,2023,Q3,Quarter,2023-04-02,2023-07-01,2023-08-04,10-Q,5973000000,USD,0000320193-23-000077,
AAPL,Income Statement,SG&A,SellingGeneralAndAdministrativeExpense,2024,Q3,Quarter,2023-04-02,2023-07-01,2024-08-02,10-Q,5973000000,USD,0000320193-24-000081,CY2023Q2
AAPL,Income Statement,SG&A,SellingGeneralAndAdministrativeExpense,2024,Q3,Annual,2023-10-01,2024-06-29,2024-08-02,10-Q,19574000000,USD,0000320193-24-000081,
AAPL,Income Statement,SG&A,SellingGeneralAndAdministrativeExpense,2025,Q3,Annual,2023-10-01,2024-06-29,2025-08-01,10-Q,19574000000,USD,0000320193-25-000073,
AAPL,Income Statement,SG&A,SellingGeneralAndAdministrativeExpense,2024,Q3,Quarter,2024-03-31,2024-06-29,2024-08-02,10-Q,6320000000,USD,0000320193-24-000081,
AAPL,Income Statement,SG&A,SellingGeneralAndAdministrativeExpense,2025,Q3,Quarter,2024-03-31,2024-06-29,2025-08-01,10-Q,6320000000,USD,0000320193-25-000073,CY2024Q2
AAPL,Income Statement,SG&A,SellingGeneralAndAdministrativeExpense,2025,Q3,Annual,2024-09-29,2025-06-28,2025-08-01,10-Q,20553000000,USD,0000320193-25-000073,
AAPL,Income Statement,SG&A,SellingGeneralAndAdministrativeExpense,2026,Q3,Annual,2024-09-29,2025-06-28,2026-07-31,10-Q,20553000000,USD,0000320193-26-000020,
AAPL,Income Statement,SG&A,SellingGeneralAndAdministrativeExpense,2025,Q3,Quarter,2025-03-30,2025-06-28,2025-08-01,10-Q,6650000000,USD,0000320193-25-000073,
AAPL,Income Statement,SG&A,SellingGeneralAndAdministrativeExpense,2026,Q3,Quarter,2025-03-30,2025-06-28,2026-07-31,10-Q,6650000000,USD,0000320193-26-000020,CY2025Q2
AAPL,Income Statement,SG&A,SellingGeneralAndAdministrativeExpense,2026,Q3,Annual,2025-09-28,2026-06-27,2026-07-31,10-Q,22315000000,USD,0000320193-26-000020,
AAPL,Income Statement,SG&A,SellingGeneralAndAdministrativeExpense,2026,Q3,Quarter,2026-03-29,2026-06-27,2026-07-31,10-Q,7346000000,USD,0000320193-26-000020,CY2026Q2
AAPL,Per Share,Basic EPS,EarningsPerShareBasic,2009,FY,Annual,2006-10-01,2007-09-29,2009-10-27,10-K,4.04,USD/shares,0001193125-09-214859,
AAPL,Per Share,Basic EPS,EarningsPerShareBasic,2009,FY,Annual,2007-09-30,2008-09-27,2009-10-27,10-K,5.48,USD/shares,0001193125-09-214859,
AAPL,Per Share,Basic EPS,EarningsPerShareBasic,2010,FY,Annual,2007-09-30,2008-09-27,2010-10-27,10-K,6.94,USD/shares,0001193125-10-238044,CY2008
AAPL,Per Share,Basic EPS,EarningsPerShareBasic,2010,FY,Quarter,2008-09-28,2008-12-27,2010-10-27,10-K,2.54,USD/shares,0001193125-10-238044,CY2008Q4
AAPL,Per Share,Basic EPS,EarningsPerShareBasic,2010,FY,Quarter,2008-12-28,2009-03-28,2010-10-27,10-K,1.82,USD/shares,0001193125-10-238044,CY2009Q1
AAPL,Per Share,Basic EPS,EarningsPerShareBasic,2010,FY,Quarter,2009-03-29,2009-06-27,2010-10-27,10-K,2.05,USD/shares,0001193125-10-238044,CY2009Q2
AAPL,Per Share,Basic EPS,EarningsPerShareBasic,2009,FY,Annual,2008-09-28,2009-09-26,2009-10-27,10-K,6.39,USD/shares,0001193125-09-214859,
AAPL,Per Share,Basic EPS,EarningsPerShareBasic,2010,FY,Annual,2008-09-28,2009-09-26,2010-10-27,10-K,9.22,USD/shares,0001193125-10-238044,
AAPL,Per Share,Basic EPS,EarningsPerShareBasic,2011,FY,Annual,2008-09-28,2009-09-26,2011-10-26,10-K,9.22,USD/shares,0001193125-11-282113,CY2009
AAPL,Per Share,Basic EPS,EarningsPerShareBasic,2010,FY,Quarter,2009-06-28,2009-09-26,2010-10-27,10-K,2.82,USD/shares,0001193125-10-238044,CY2009Q3
AAPL,Per Share,Basic EPS,EarningsPerShareBasic,2010,FY,Quarter,2009-09-27,2009-12-26,2010-10-27,10-K,3.74,USD/shares,0001193125-10-238044,
AAPL,Per Share,Basic EPS,EarningsPerShareBasic,2011,FY,Quarter,2009-09-27,2009-12-26,2011-10-26,10-K,3.74,USD/shares,0001193125-11-282113,CY2009Q4
AAPL,Per Share,Basic EPS,EarningsPerShareBasic,2010,FY,Quarter,2009-12-27,2010-03-27,2010-10-27,10-K,3.39,USD/shares,0001193125-10-238044,
AAPL,Per Share,Basic EPS,EarningsPerShareBasic,2011,FY,Quarter,2009-12-27,2010-03-27,2011-10-26,10-K,3.39,USD/shares,0001193125-11-282113,CY2010Q1
AAPL,Per Share,Basic EPS,EarningsPerShareBasic,2010,FY,Quarter,2010-03-28,2010-06-26,2010-10-27,10-K,3.57,USD/shares,0001193125-10-238044,
AAPL,Per Share,Basic EPS,EarningsPerShareBasic,2011,FY,Quarter,2010-03-28,2010-06-26,2011-10-26,10-K,3.57,USD/shares,0001193125-11-282113,CY2010Q2
AAPL,Per Share,Basic EPS,EarningsPerShareBasic,2010,FY,Annual,2009-09-27,2010-09-25,2010-10-27,10-K,15.41,USD/shares,0001193125-10-238044,
AAPL,Per Share,Basic EPS,EarningsPerShareBasic,2011,FY,Annual,2009-09-27,2010-09-25,2011-10-26,10-K,15.41,USD/shares,0001193125-11-282113,
AAPL,Per Share,Basic EPS,EarningsPerShareBasic,2012,FY,Annual,2009-09-27,2010-09-25,2012-10-31,10-K,15.41,USD/shares,0001193125-12-444068,
AAPL,Per Share,Basic EPS,EarningsPerShareBasic,2010,FY,Quarter,2010-06-27,2010-09-25,2010-10-27,10-K,4.71,USD/shares,0001193125-10-238044,
AAPL,Per Share,Basic EPS,EarningsPerShareBasic,2011,FY,Quarter,2010-06-27,2010-09-25,2011-10-26,10-K,4.71,USD/shares,0001193125-11-282113,CY2010Q3
AAPL,Per Share,Basic EPS,EarningsPerShareBasic,2011,FY,Quarter,2010-09-26,2010-12-25,2011-10-26,10-K,6.53,USD/shares,0001193125-11-282113,
AAPL,Per Share,Basic EPS,EarningsPerShareBasic,2012,FY,Quarter,2010-09-26,2010-12-25,2012-10-31,10-K,6.53,USD/shares,0001193125-12-444068,
AAPL,Per Share,Basic EPS,EarningsPerShareBasic,2011,FY,Quarter,2010-12-26,2011-03-26,2011-10-26,10-K,6.49,USD/shares,0001193125-11-282113,
AAPL,Per Share,Basic EPS,EarningsPerShareBasic,2012,FY,Quarter,2010-12-26,2011-03-26,2012-10-31,10-K,6.49,USD/shares,0001193125-12-444068,
AAPL,Per Share,Basic EPS,EarningsPerShareBasic,2011,FY,Quarter,2011-03-27,2011-06-25,2011-10-26,10-K,7.89,USD/shares,0001193125-11-282113,
AAPL,Per Share,Basic EPS,EarningsPerShareBasic,2012,FY,Quarter,2011-03-27,2011-06-25,2012-10-31,10-K,7.89,USD/shares,0001193125-12-444068,
AAPL,Per Share,Basic EPS,EarningsPerShareBasic,2011,FY,Annual,2010-09-26,2011-09-24,2011-10-26,10-K,28.05,USD/shares,0001193125-11-282113,
AAPL,Per Share,Basic EPS,EarningsPerShareBasic,2012,FY,Annual,2010-09-26,2011-09-24,2012-10-31,10-K,28.05,USD/shares,0001193125-12-444068,
AAPL,Per Share,Basic EPS,EarningsPerShareBasic,2013,FY,Annual,2010-09-26,2011-09-24,2013-10-30,10-K,28.05,USD/shares,0001193125-13-416534,CY2011
AAPL,Per Share,Basic EPS,EarningsPerShareBasic,2011,FY,Quarter,2011-06-26,2011-09-24,2011-10-26,10-K,7.13,USD/shares,0001193125-11-282113,
AAPL,Per Share,Basic EPS,EarningsPerShareBasic,2012,FY,Quarter,2011-06-26,2011-09-24,2012-10-31,10-K,7.13,USD/shares,0001193125-12-444068,
AAPL,Per Share,Basic EPS,EarningsPerShareBasic,2012,FY,Quarter,2011-09-25,2011-12-31,2012-10-31,10-K,14.03,USD/shares,0001193125-12-444068,
AAPL,Per Share,Basic EPS,EarningsPerShareBasic,2013,FY,Quarter,2011-09-25,2011-12-31,2013-10-30,10-K,14.03,USD/shares,0001193125-13-416534,CY2011Q4
AAPL,Per Share,Basic EPS,EarningsPerShareBasic,2012,FY,Quarter,2012-01-01,2012-03-31,2012-10-31,10-K,12.45,USD/shares,0001193125-12-444068,
AAPL,Per Share,Basic EPS,EarningsPerShareBasic,2013,FY,Quarter,2012-01-01,2012-03-31,2013-10-30,10-K,12.45,USD/shares,0001193125-13-416534,CY2012Q1
AAPL,Per Share,Basic EPS,EarningsPerShareBasic,2012,FY,Quarter,2012-04-01,2012-06-30,2012-10-31,10-K,9.42,USD/shares,0001193125-12-444068,
AAPL,Per Share,Basic EPS,EarningsPerShareBasic,2013,FY,Quarter,2012-04-01,2012-06-30,2013-10-30,10-K,9.42,USD/shares,0001193125-13-416534,CY2012Q2
AAPL,Per Share,Basic EPS,EarningsPerShareBasic,2012,FY,Annual,2011-09-25,2012-09-29,2012-10-31,10-K,44.64,USD/shares,0001193125-12-444068,
AAPL,Per Share,Basic EPS,EarningsPerShareBasic,2013,FY,Annual,2011-09-25,2012-09-29,2013-10-30,10-K,44.64,USD/shares,0001193125-13-416534,
AAPL,Per Share,Basic EPS,EarningsPerShareBasic,2014,FY,Annual,2011-09-25,2012-09-29,2014-10-27,10-K,6.38,USD/shares,0001193125-14-383437,
AAPL,Per Share,Basic EPS,EarningsPerShareBasic,2012,FY,Quarter,2012-07-01,2012-09-29,2012-10-31,10-K,8.76,USD/shares,0001193125-12-444068,
AAPL,Per Share,Basic EPS,EarningsPerShareBasic,2013,FY,Quarter,2012-07-01,2012-09-29,2013-10-30,10-K,8.76,USD/shares,0001193125-13-416534,CY2012Q3
AAPL,Per Share,Basic EPS,EarningsPerShareBasic,2013,FY,Quarter,2012-09-30,2012-12-29,2013-10-30,10-K,13.93,USD/shares,0001193125-13-416534,
AAPL,Per Share,Basic EPS,EarningsPerShareBasic,2014,FY,Quarter,2012-09-30,2012-12-29,2014-10-27,10-K,1.99,USD/shares,0001193125-14-383437,
AAPL,Per Share,Basic EPS,EarningsPerShareBasic,2013,FY,Quarter,2012-12-30,2013-03-30,2013-10-30,10-K,10.16,USD/shares,0001193125-13-416534,
AAPL,Per Share,Basic EPS,EarningsPerShareBasic,2014,FY,Quarter,2012-12-30,2013-03-30,2014-10-27,10-K,1.45,USD/shares,0001193125-14-383437,
AAPL,Per Share,Basic EPS,EarningsPerShareBasic,2013,FY,Quarter,2013-03-31,2013-06-29,2013-10-30,10-K,7.51,USD/shares,0001193125-13-416534,
AAPL,Per Share,Basic EPS,EarningsPerShareBasic,2014,FY,Quarter,2013-03-31,2013-06-29,2014-10-27,10-K,1.07,USD/shares,0001193125-14-383437,
AAPL,Per Share,Basic EPS,EarningsPerShareBasic,2013,FY,Annual,2012-09-30,2013-09-28,2013-10-30,10-K,40.03,USD/shares,0001193125-13-416534,
AAPL,Per Share,Basic EPS,EarningsPerShareBasic,2014,FY,Annual,2012-09-30,2013-09-28,2014-10-27,10-K,5.72,USD/shares,0001193125-14-383437,
AAPL,Per Share,Basic EPS,EarningsPerShareBasic,2015,FY,Annual,2012-09-30,2013-09-28,2015-10-28,10-K,5.72,USD/shares,0001193125-15-356351,CY2013
AAPL,Per Share,Basic EPS,EarningsPerShareBasic,2013,FY,Quarter,2013-06-30,2013-09-28,2013-10-30,10-K,8.31,USD/shares,0001193125-13-416534,
AAPL,Per Share,Basic EPS,EarningsPerShareBasic,2014,FY,Quarter,2013-06-30,2013-09-28,2014-10-27,10-K,1.19,USD/shares,0001193125-14-383437,
AAPL,Per Share,Basic EPS,EarningsPerShareBasic,2014,FY,Quarter,2013-09-29,2013-12-28,2014-10-27,10-K,2.08,USD/shares,0001193125-14-383437,
AAPL,Per Share,Basic EPS,EarningsPerShareBasic,2015,FY,Quarter,2013-09-29,2013-12-28,2015-10-28,10-K,2.08,USD/shares,0001193125-15-356351,CY2013Q4
AAPL,Per Share,Basic EPS,EarningsPerShareBasic,2014,FY,Quarter,2013-12-29,2014-03-29,2014-10-27,10-K,1.67,USD/shares,0001193125-14-383437,
AAPL,Per Share,Basic EPS,EarningsPerShareBasic,2015,FY,Quarter,2013-12-29,2014-03-29,2015-10-28,10-K,1.67,USD/shares,0001193125-15-356351,CY2014Q1
AAPL,Per Share,Basic EPS,EarningsPerShareBasic,2014,FY,Quarter,2014-03-30,2014-06-28,2014-10-27,10-K,1.29,USD/shares,0001193125-14-383437,
AAPL,Per Share,Basic EPS,EarningsPerShareBasic,2015,FY,Quarter,2014-03-30,2014-06-28,2015-10-28,10-K,1.29,USD/shares,0001193125-15-356351,CY2014Q2
AAPL,Per Share,Basic EPS,EarningsPerShareBasic,2014,FY,Annual,2013-09-29,2014-09-27,2014-10-27,10-K,6.49,USD/shares,0001193125-14-383437,
AAPL,Per Share,Basic EPS,EarningsPerShareBasic,2015,FY,Annual,2013-09-29,2014-09-27,2015-10-28,10-K,6.49,USD/shares,0001193125-15-356351,
AAPL,Per Share,Basic EPS,EarningsPerShareBasic,2016,FY,Annual,2013-09-29,2014-09-27,2016-10-26,10-K,6.49,USD/shares,0001628280-16-020309,CY2014
AAPL,Per Share,Basic EPS,EarningsPerShareBasic,2014,FY,Quarter,2014-06-29,2014-09-27,2014-10-27,10-K,1.43,USD/shares,0001193125-14-383437,
AAPL,Per Share,Basic EPS,EarningsPerShareBasic,2015,FY,Quarter,2014-06-29,2014-09-27,2015-10-28,10-K,1.43,USD/shares,0001193125-15-356351,CY2014Q3
AAPL,Per Share,Basic EPS,EarningsPerShareBasic,2015,FY,Quarter,2014-09-28,2014-12-27,2015-10-28,10-K,3.08,USD/shares,0001193125-15-356351,
AAPL,Per Share,Basic EPS,EarningsPerShareBasic,2016,FY,Quarter,2014-09-28,2014-12-27,2016-10-26,10-K,3.08,USD/shares,0001628280-16-020309,CY2014Q4
AAPL,Per Share,Basic EPS,EarningsPerShareBasic,2015,FY,Quarter,2014-12-28,2015-03-28,2015-10-28,10-K,2.34,USD/shares,0001193125-15-356351,
AAPL,Per Share,Basic EPS,EarningsPerShareBasic,2016,FY,Quarter,2014-12-28,2015-03-28,2016-10-26,10-K,2.34,USD/shares,0001628280-16-020309,CY2015Q1
AAPL,Per Share,Basic EPS,EarningsPerShareBasic,2015,FY,Quarter,2015-03-29,2015-06-27,2015-10-28,10-K,1.86,USD/shares,0001193125-15-356351,
AAPL,Per Share,Basic EPS,EarningsPerShareBasic,2016,FY,Quarter,2015-03-29,2015-06-27,2016-10-26,10-K,1.86,USD/shares,0001628280-16-020309,CY2015Q2
AAPL,Per Share,Basic EPS,EarningsPerShareBasic,2015,FY,Annual,2014-09-28,2015-09-26,2015-10-28,10-K,9.28,USD/shares,0001193125-15-356351,
AAPL,Per Share,Basic EPS,EarningsPerShareBasic,2016,FY,Annual,2014-09-28,2015-09-26,2016-10-26,10-K,9.28,USD/shares,0001628280-16-020309,
AAPL,Per Share,Basic EPS,EarningsPerShareBasic,2017,FY,Annual,2014-09-28,2015-09-26,2017-11-03,10-K,9.28,USD/shares,0000320193-17-000070,CY2015
AAPL,Per Share,Basic EPS,EarningsPerShareBasic,2015,FY,Quarter,2015-06-28,2015-09-26,2015-10-28,10-K,1.97,USD/shares,0001193125-15-356351,
AAPL,Per Share,Basic EPS,EarningsPerShareBasic,2016,FY,Quarter,2015-06-28,2015-09-26,2016-10-26,10-K,1.97,USD/shares,0001628280-16-020309,CY2015Q3
AAPL,Per Share,Basic EPS,EarningsPerShareBasic,2016,FY,Quarter,2015-09-27,2015-12-26,2016-10-26,10-K,3.3,USD/shares,0001628280-16-020309,
AAPL,Per Share,Basic EPS,EarningsPerShareBasic,2017,FY,Quarter,2015-09-27,2015-12-26,2017-11-03,10-K,3.3,USD/shares,0000320193-17-000070,CY2015Q4
AAPL,Per Share,Basic EPS,EarningsPerShareBasic,2016,FY,Quarter,2015-12-27,2016-03-26,2016-10-26,10-K,1.91,USD/shares,0001628280-16-020309,
AAPL,Per Share,Basic EPS,EarningsPerShareBasic,2017,FY,Quarter,2015-12-27,2016-03-26,2017-11-03,10-K,1.91,USD/shares,0000320193-17-000070,CY2016Q1
AAPL,Per Share,Basic EPS,EarningsPerShareBasic,2016,FY,Quarter,2016-03-27,2016-06-25,2016-10-26,10-K,1.43,USD/shares,0001628280-16-020309,
AAPL,Per Share,Basic EPS,EarningsPerShareBasic,2017,FY,Quarter,2016-03-27,2016-06-25,2017-11-03,10-K,1.43,USD/shares,0000320193-17-000070,CY2016Q2
AAPL,Per Share,Basic EPS,EarningsPerShareBasic,2016,FY,Annual,2015-09-27,2016-09-24,2016-10-26,10-K,8.35,USD/shares,0001628280-16-020309,
AAPL,Per Share,Basic EPS,EarningsPerShareBasic,2017,FY,Annual,2015-09-27,2016-09-24,2017-11-03,10-K,8.35,USD/shares,0000320193-17-000070,
AAPL,Per Share,Basic EPS,EarningsPerShareBasic,2018,FY,Annual,2015-09-27,2016-09-24,2018-11-05,10-K,8.35,USD/shares,0000320193-18-000145,CY2016
AAPL,Per Share,Basic EPS,EarningsPerShareBasic,2016,FY,Quarter,2016-06-26,2016-09-24,2016-10-26,10-K,1.68,USD/shares,0001628280-16-020309,
AAPL,Per Share,Basic EPS,EarningsPerShareBasic,2017,FY,Quarter,2016-06-26,2016-09-24,2017-11-03,10-K,1.68,USD/shares,0000320193-17-000070,CY2016Q3
AAPL,Per Share,Basic EPS,EarningsPerShareBasic,2017,FY,Quarter,2016-09-25,2016-12-31,2017-11-03,10-K,3.38,USD/shares,0000320193-17-000070,
AAPL,Per Share,Basic EPS,EarningsPerShareBasic,2018,FY,Quarter,2016-09-25,2016-12-31,2018-11-05,10-K,3.38,USD/shares,0000320193-18-000145,CY2016Q4
AAPL,Per Share,Basic EPS,EarningsPerShareBasic,2017,FY,Quarter,2017-01-01,2017-04-01,2017-11-03,10-K,2.11,USD/shares,0000320193-17-000070,
AAPL,Per Share,Basic EPS,EarningsPerShareBasic,2018,FY,Quarter,2017-01-01,2017-04-01,2018-11-05,10-K,2.11,USD/shares,0000320193-18-000145,CY2017Q1
AAPL,Per Share,Basic EPS,EarningsPerShareBasic,2017,FY,Quarter,2017-04-02,2017-07-01,2017-11-03,10-K,1.68,USD/shares,0000320193-17-000070,
AAPL,Per Share,Basic EPS,EarningsPerShareBasic,2018,FY,Quarter,2017-04-02,2017-07-01,2018-11-05,10-K,1.68,USD/shares,0000320193-18-000145,CY2017Q2
AAPL,Per Share,Basic EPS,EarningsPerShareBasic,2017,FY,Annual,2016-09-25,2017-09-30,2017-11-03,10-K,9.27,USD/shares,0000320193-17-000070,
AAPL,Per Share,Basic EPS,EarningsPerShareBasic,2018,FY,Annual,2016-09-25,2017-09-30,2018-11-05,10-K,9.27,USD/shares,0000320193-18-000145,
AAPL,Per Share,Basic EPS,EarningsPerShareBasic,2019,FY,Annual,2016-09-25,2017-09-30,2019-10-31,10-K,9.27,USD/shares,0000320193-19-000119,CY2017
AAPL,Per Share,Basic EPS,EarningsPerShareBasic,2017,FY,Quarter,2017-07-02,2017-09-30,2017-11-03,10-K,2.08,USD/shares,0000320193-17-000070,
AAPL,Per Share,Basic EPS,EarningsPerShareBasic,2018,FY,Quarter,2017-07-02,2017-09-30,2018-11-05,10-K,2.08,USD/shares,0000320193-18-000145,CY2017Q3
AAPL,Per Share,Basic EPS,EarningsPerShareBasic,2018,FY,Quarter,2017-10-01,2017-12-30,2018-11-05,10-K,3.92,USD/shares,0000320193-18-000145,
AAPL,Per Share,Basic EPS,EarningsPerShareBasic,2019,FY,Quarter,2017-10-01,2017-12-30,2019-10-31,10-K,3.92,USD/shares,0000320193-19-000119,CY2017Q4
AAPL,Per Share,Basic EPS,EarningsPerShareBasic,2018,FY,Quarter,2017-12-31,2018-03-31,2018-11-05,10-K,2.75,USD/shares,0000320193-18-000145,
AAPL,Per Share,Basic EPS,EarningsPerShareBasic,2019,FY,Quarter,2017-12-31,2018-03-31,2019-10-31,10-K,2.75,USD/shares,0000320193-19-000119,CY2018Q1
AAPL,Per Share,Basic EPS,EarningsPerShareBasic,2018,FY,Quarter,2018-04-01,2018-06-30,2018-11-05,10-K,2.36,USD/shares,0000320193-18-000145,
AAPL,Per Share,Basic EPS,EarningsPerShareBasic,2019,FY,Quarter,2018-04-01,2018-06-30,2019-10-31,10-K,2.36,USD/shares,0000320193-19-000119,CY2018Q2
AAPL,Per Share,Basic EPS,EarningsPerShareBasic,2018,FY,Annual,2017-10-01,2018-09-29,2018-11-05,10-K,12.01,USD/shares,0000320193-18-000145,
AAPL,Per Share,Basic EPS,EarningsPerShareBasic,2019,FY,Annual,2017-10-01,2018-09-29,2019-10-31,10-K,12.01,USD/shares,0000320193-19-000119,
AAPL,Per Share,Basic EPS,EarningsPerShareBasic,2020,FY,Annual,2017-10-01,2018-09-29,2020-10-30,10-K,3,USD/shares,0000320193-20-000096,CY2018
AAPL,Per Share,Basic EPS,EarningsPerShareBasic,2018,FY,Quarter,2018-07-01,2018-09-29,2018-11-05,10-K,2.94,USD/shares,0000320193-18-000145,
AAPL,Per Share,Basic EPS,EarningsPerShareBasic,2019,FY,Quarter,2018-07-01,2018-09-29,2019-10-31,10-K,2.94,USD/shares,0000320193-19-000119,CY2018Q3
AAPL,Per Share,Basic EPS,EarningsPerShareBasic,2019,FY,Quarter,2018-09-30,2018-12-29,2019-10-31,10-K,4.22,USD/shares,0000320193-19-000119,
AAPL,Per Share,Basic EPS,EarningsPerShareBasic,2020,FY,Quarter,2018-09-30,2018-12-29,2020-10-30,10-K,1.05,USD/shares,0000320193-20-000096,CY2018Q4
AAPL,Per Share,Basic EPS,EarningsPerShareBasic,2019,FY,Quarter,2018-12-30,2019-03-30,2019-10-31,10-K,2.47,USD/shares,0000320193-19-000119,
AAPL,Per Share,Basic EPS,EarningsPerShareBasic,2020,FY,Quarter,2018-12-30,2019-03-30,2020-10-30,10-K,0.62,USD/shares,0000320193-20-000096,CY2019Q1
AAPL,Per Share,Basic EPS,EarningsPerShareBasic,2019,FY,Quarter,2019-03-31,2019-06-29,2019-10-31,10-K,2.2,USD/shares,0000320193-19-000119,
AAPL,Per Share,Basic EPS,EarningsPerShareBasic,2020,FY,Quarter,2019-03-31,2019-06-29,2020-10-30,10-K,0.55,USD/shares,0000320193-20-000096,CY2019Q2
AAPL,Per Share,Basic EPS,EarningsPerShareBasic,2019,FY,Annual,2018-09-30,2019-09-28,2019-10-31,10-K,11.97,USD/shares,0000320193-19-000119,
AAPL,Per Share,Basic EPS,EarningsPerShareBasic,2020,FY,Annual,2018-09-30,2019-09-28,2020-10-30,10-K,2.99,USD/shares,0000320193-20-000096,
AAPL,Per Share,Basic EPS,EarningsPerShareBasic,2021,FY,Annual,2018-09-30,2019-09-28,2021-10-29,10-K,2.99,USD/shares,0000320193-21-000105,CY2019
AAPL,Per Share,Basic EPS,EarningsPerShareBasic,2019,FY,Quarter,2019-06-30,2019-09-28,2019-10-31,10-K,3.05,USD/shares,0000320193-19-000119,
AAPL,Per Share,Basic EPS,EarningsPerShareBasic,2020,FY,Quarter,2019-06-30,2019-09-28,2020-10-30,10-K,0.76,USD/shares,0000320193-20-000096,CY2019Q3
AAPL,Per Share,Basic EPS,EarningsPerShareBasic,2020,FY,Quarter,2019-09-29,2019-12-28,2020-10-30,10-K,1.26,USD/shares,0000320193-20-000096,
AAPL,Per Share,Basic EPS,EarningsPerShareBasic,2020,FY,Quarter,2019-12-29,2020-03-28,2020-10-30,10-K,0.64,USD/shares,0000320193-20-000096,
AAPL,Per Share,Basic EPS,EarningsPerShareBasic,2020,FY,Quarter,2020-03-29,2020-06-27,2020-10-30,10-K,0.65,USD/shares,0000320193-20-000096,
AAPL,Per Share,Basic EPS,EarningsPerShareBasic,2020,FY,Annual,2019-09-29,2020-09-26,2020-10-30,10-K,3.31,USD/shares,0000320193-20-000096,
AAPL,Per Share,Basic EPS,EarningsPerShareBasic,2021,FY,Annual,2019-09-29,2020-09-26,2021-10-29,10-K,3.31,USD/shares,0000320193-21-000105,
AAPL,Per Share,Basic EPS,EarningsPerShareBasic,2022,FY,Annual,2019-09-29,2020-09-26,2022-10-28,10-K,3.31,USD/shares,0000320193-22-000108,CY2020
AAPL,Per Share,Basic EPS,EarningsPerShareBasic,2020,FY,Quarter,2020-06-28,2020-09-26,2020-10-30,10-K,0.74,USD/shares,0000320193-20-000096,CY2020Q3
AAPL,Per Share,Basic EPS,EarningsPerShareBasic,2021,FY,Annual,2020-09-27,2021-09-25,2021-10-29,10-K,5.67,USD/shares,0000320193-21-000105,
AAPL,Per Share,Basic EPS,EarningsPerShareBasic,2022,FY,Annual,2020-09-27,2021-09-25,2022-10-28,10-K,5.67,USD/shares,0000320193-22-000108,
AAPL,Per Share,Basic EPS,EarningsPerShareBasic,2023,FY,Annual,2020-09-27,2021-09-25,2023-11-03,10-K,5.67,USD/shares,0000320193-23-000106,CY2021
AAPL,Per Share,Basic EPS,EarningsPerShareBasic,2022,FY,Annual,2021-09-26,2022-09-24,2022-10-28,10-K,6.15,USD/shares,0000320193-22-000108,
AAPL,Per Share,Basic EPS,EarningsPerShareBasic,2023,FY,Annual,2021-09-26,2022-09-24,2023-11-03,10-K,6.15,USD/shares,0000320193-23-000106,
AAPL,Per Share,Basic EPS,EarningsPerShareBasic,2024,FY,Annual,2021-09-26,2022-09-24,2024-11-01,10-K,6.15,USD/shares,0000320193-24-000123,CY2022
AAPL,Per Share,Basic EPS,EarningsPerShareBasic,2023,FY,Annual,2022-09-25,2023-09-30,2023-11-03,10-K,6.16,USD/shares,0000320193-23-000106,
AAPL,Per Share,Basic EPS,EarningsPerShareBasic,2024,FY,Annual,2022-09-25,2023-09-30,2024-11-01,10-K,6.16,USD/shares,0000320193-24-000123,
AAPL,Per Share,Basic EPS,EarningsPerShareBasic,2025,FY,Annual,2022-09-25,2023-09-30,2025-10-31,10-K,6.16,USD/shares,0000320193-25-000079,CY2023
AAPL,Per Share,Basic EPS,EarningsPerShareBasic,2024,FY,Annual,2023-10-01,2024-09-28,2024-11-01,10-K,6.11,USD/shares,0000320193-24-000123,
AAPL,Per Share,Basic EPS,EarningsPerShareBasic,2025,FY,Annual,2023-10-01,2024-09-28,2025-10-31,10-K,6.11,USD/shares,0000320193-25-000079,CY2024
AAPL,Per Share,Basic EPS,EarningsPerShareBasic,2025,FY,Annual,2024-09-29,2025-09-27,2025-10-31,10-K,7.49,USD/shares,0000320193-25-000079,CY2025
AAPL,Per Share,Basic EPS,EarningsPerShareBasic,2010,Q1,Quarter,2008-09-28,2008-12-27,2010-01-25,10-Q,2.54,USD/shares,0001193125-10-012085,
AAPL,Per Share,Basic EPS,EarningsPerShareBasic,2010,Q1,Quarter,2009-09-27,2009-12-26,2010-01-25,10-Q,3.74,USD/shares,0001193125-10-012085,
AAPL,Per Share,Basic EPS,EarningsPerShareBasic,2011,Q1,Quarter,2009-09-27,2009-12-26,2011-01-19,10-Q,3.74,USD/shares,0001193125-11-010144,
AAPL,Per Share,Basic EPS,EarningsPerShareBasic,2011,Q1,Quarter,2010-09-26,2010-12-25,2011-01-19,10-Q,6.53,USD/shares,0001193125-11-010144,
AAPL,Per Share,Basic EPS,EarningsPerShareBasic,2012,Q1,Quarter,2010-09-26,2010-12-25,2012-01-25,10-Q,6.53,USD/shares,0001193125-12-023398,
AAPL,Per Share,Basic EPS,EarningsPerShareBasic,2012,Q1,Quarter,2011-09-25,2011-12-31,2012-01-25,10-Q,14.03,USD/shares,0001193125-12-023398,
AAPL,Per Share,Basic EPS,EarningsPerShareBasic,2013,Q1,Quarter,2011-09-25,2011-12-31,2013-01-24,10-Q,14.03,USD/shares,0001193125-13-022339,
AAPL,Per Share,Basic EPS,EarningsPerShareBasic,2013,Q1,Quarter,2012-09-30,2012-12-29,2013-01-24,10-Q,13.93,USD/shares,0001193125-13-022339,
AAPL,Per Share,Basic EPS,EarningsPerShareBasic,2014,Q1,Quarter,2012-09-30,2012-12-29,2014-01-28,10-Q,13.93,USD/shares,0001193125-14-024487,
AAPL,Per Share,Basic EPS,EarningsPerShareBasic,2014,Q1,Quarter,2013-09-29,2013-12-28,2014-01-28,10-Q,14.59,USD/shares,0001193125-14-024487,
AAPL,Per Share,Basic EPS,EarningsPerShareBasic,2015,Q1,Quarter,2013-09-29,2013-12-28,2015-01-28,10-Q,2.08,USD/shares,0001193125-15-023697,
AAPL,Per Share,Basic EPS,EarningsPerShareBasic,2015,Q1,Quarter,2014-09-28,2014-12-27,2015-01-28,10-Q,3.08,USD/shares,0001193125-15-023697,
AAPL,Per Share,Basic EPS,EarningsPerShareBasic,2016,Q1,Quarter,2014-09-28,2014-12-27,2016-01-27,10-Q,3.08,USD/shares,0001193125-16-439878,
AAPL,Per Share,Basic EPS,EarningsPerShareBasic,2016,Q1,Quarter,2015-09-27,2015-12-26,2016-01-27,10-Q,3.3,USD/shares,0001193125-16-439878,
AAPL,Per Share,Basic EPS,EarningsPerShareBasic,2017,Q1,Quarter,2015-09-27,2015-12-26,2017-02-01,10-Q,3.3,USD/shares,0001628280-17-000717,
AAPL,Per Share,Basic EPS,EarningsPerShareBasic,2017,Q1,Quarter,2016-09-25,2016-12-31,2017-02-01,10-Q,3.38,USD/shares,0001628280-17-000717,
AAPL,Per Share,Basic EPS,EarningsPerShareBasic,2018,Q1,Quarter,2016-09-25,2016-12-31,2018-02-02,10-Q,3.38,USD/shares,0000320193-18-000007,
AAPL,Per Share,Basic EPS,EarningsPerShareBasic,2018,Q1,Quarter,2017-10-01,2017-12-30,2018-02-02,10-Q,3.92,USD/shares,0000320193-18-000007,
AAPL,Per Share,Basic EPS,EarningsPerShareBasic,2019,Q1,Quarter,2017-10-01,2017-12-30,2019-01-30,10-Q,3.92,USD/shares,0000320193-19-000010,
AAPL,Per Share,Basic EPS,EarningsPerShareBasic,2019,Q1,Quarter,2018-09-30,2018-12-29,2019-01-30,10-Q,4.22,USD/shares,0000320193-19-000010,
AAPL,Per Share,Basic EPS,EarningsPerShareBasic,2020,Q1,Quarter,2018-09-30,2018-12-29,2020-01-29,10-Q,4.22,USD/shares,0000320193-20-000010,
AAPL,Per Share,Basic EPS,EarningsPerShareBasic,2020,Q1,Quarter,2019-09-29,2019-12-28,2020-01-29,10-Q,5.04,USD/shares,0000320193-20-000010,
AAPL,Per Share,Basic EPS,EarningsPerShareBasic,2021,Q1,Quarter,2019-09-29,2019-12-28,2021-01-28,10-Q,1.26,USD/shares,0000320193-21-000010,CY2019Q4
AAPL,Per Share,Basic EPS,EarningsPerShareBasic,2021,Q1,Quarter,2020-09-27,2020-12-26,2021-01-28,10-Q,1.7,USD/shares,0000320193-21-000010,
AAPL,Per Share,Basic EPS,EarningsPerShareBasic,2022,Q1,Quarter,2020-09-27,2020-12-26,2022-01-28,10-Q,1.7,USD/shares,0000320193-22-000007,CY2020Q4
AAPL,Per Share,Basic EPS,EarningsPerShareBasic,2022,Q1,Quarter,2021-09-26,2021-12-25,2022-01-28,10-Q,2.11,USD/shares,0000320193-22-000007,
AAPL,Per Share,Basic EPS,EarningsPerShareBasic,2023,Q1,Quarter,2021-09-26,2021-12-25,2023-02-03,10-Q,2.11,USD/shares,0000320193-23-000006,CY2021Q4
AAPL,Per Share,Basic EPS,EarningsPerShareBasic,2023,Q1,Quarter,2022-09-25,2022-12-31,2023-02-03,10-Q,1.89,USD/shares,0000320193-23-000006,
AAPL,Per Share,Basic EPS,EarningsPerShareBasic,2024,Q1,Quarter,2022-09-25,2022-12-31,2024-02-02,10-Q,1.89,USD/shares,0000320193-24-000006,CY2022Q4
AAPL,Per Share,Basic EPS,EarningsPerShareBasic,2024,Q1,Quarter,2023-10-01,2023-12-30,2024-02-02,10-Q,2.19,USD/shares,0000320193-24-000006,
AAPL,Per Share,Basic EPS,EarningsPerShareBasic,2025,Q1,Quarter,2023-10-01,2023-12-30,2025-01-31,10-Q,2.19,USD/shares,0000320193-25-000008,CY2023Q4
AAPL,Per Share,Basic EPS,EarningsPerShareBasic,2025,Q1,Quarter,2024-09-29,2024-12-28,2025-01-31,10-Q,2.41,USD/shares,0000320193-25-000008,
AAPL,Per Share,Basic EPS,EarningsPerShareBasic,2026,Q1,Quarter,2024-09-29,2024-12-28,2026-01-30,10-Q,2.41,USD/shares,0000320193-26-000006,CY2024Q4
AAPL,Per Share,Basic EPS,EarningsPerShareBasic,2026,Q1,Quarter,2025-09-28,2025-12-27,2026-01-30,10-Q,2.85,USD/shares,0000320193-26-000006,CY2025Q4
AAPL,Per Share,Basic EPS,EarningsPerShareBasic,2010,Q2,YTD,2008-09-28,2009-03-28,2010-04-21,10-Q,4.35,USD/shares,0001193125-10-088957,
AAPL,Per Share,Basic EPS,EarningsPerShareBasic,2010,Q2,Quarter,2008-12-28,2009-03-28,2010-04-21,10-Q,1.82,USD/shares,0001193125-10-088957,
AAPL,Per Share,Basic EPS,EarningsPerShareBasic,2010,Q2,YTD,2009-09-27,2010-03-27,2010-04-21,10-Q,7.12,USD/shares,0001193125-10-088957,
AAPL,Per Share,Basic EPS,EarningsPerShareBasic,2011,Q2,YTD,2009-09-27,2010-03-27,2011-04-21,10-Q,7.12,USD/shares,0001193125-11-104388,
AAPL,Per Share,Basic EPS,EarningsPerShareBasic,2010,Q2,Quarter,2009-12-27,2010-03-27,2010-04-21,10-Q,3.39,USD/shares,0001193125-10-088957,
AAPL,Per Share,Basic EPS,EarningsPerShareBasic,2011,Q2,Quarter,2009-12-27,2010-03-27,2011-04-21,10-Q,3.39,USD/shares,0001193125-11-104388,
AAPL,Per Share,Basic EPS,EarningsPerShareBasic,2011,Q2,YTD,2010-09-26,2011-03-26,2011-04-21,10-Q,13.02,USD/shares,0001193125-11-104388,
AAPL,Per Share,Basic EPS,EarningsPerShareBasic,2012,Q2,YTD,2010-09-26,2011-03-26,2012-04-25,10-Q,13.02,USD/shares,0001193125-12-182321,
AAPL,Per Share,Basic EPS,EarningsPerShareBasic,2011,Q2,Quarter,2010-12-26,2011-03-26,2011-04-21,10-Q,6.49,USD/shares,0001193125-11-104388,
AAPL,Per Share,Basic EPS,EarningsPerShareBasic,2012,Q2,Quarter,2010-12-26,2011-03-26,2012-04-25,10-Q,6.49,USD/shares,0001193125-12-182321,
AAPL,Per Share,Basic EPS,EarningsPerShareBasic,2012,Q2,YTD,2011-09-25,2012-03-31,2012-04-25,10-Q,26.48,USD/shares,0001193125-12-182321,
AAPL,Per Share,Basic EPS,EarningsPerShareBasic,2013,Q2,YTD,2011-09-25,2012-03-31,2013-04-24,10-Q,26.48,USD/shares,0001193125-13-168288,
AAPL,Per Share,Basic EPS,EarningsPerShareBasic,2012,Q2,Quarter,2012-01-01,2012-03-31,2012-04-25,10-Q,12.45,USD/shares,0001193125-12-182321,
AAPL,Per Share,Basic EPS,EarningsPerShareBasic,2013,Q2,Quarter,2012-01-01,2012-03-31,2013-04-24,10-Q,12.45,USD/shares,0001193125-13-168288,
AAPL,Per Share,Basic EPS,EarningsPerShareBasic,2013,Q2,YTD,2012-09-30,2013-03-30,2013-04-24,10-Q,24.09,USD/shares,0001193125-13-168288,
AAPL,Per Share,Basic EPS,EarningsPerShareBasic,2014,Q2,YTD,2012-09-30,2013-03-30,2014-04-24,10-Q,24.09,USD/shares,0001193125-14-157311,
AAPL,Per Share,Basic EPS,EarningsPerShareBasic,2013,Q2,Quarter,2012-12-30,2013-03-30,2013-04-24,10-Q,10.16,USD/shares,0001193125-13-168288,
AAPL,Per Share,Basic EPS,EarningsPerShareBasic,2014,Q2,Quarter,2012-12-30,2013-03-30,2014-04-24,10-Q,10.16,USD/shares,0001193125-14-157311,
AAPL,Per Share,Basic EPS,EarningsPerShareBasic,2014,Q2,YTD,2013-09-29,2014-03-29,2014-04-24,10-Q,26.31,USD/shares,0001193125-14-157311,
AAPL,Per Share,Basic EPS,EarningsPerShareBasic,2015,Q2,YTD,2013-09-29,2014-03-29,2015-04-28,10-Q,3.76,USD/shares,0001193125-15-153166,
AAPL,Per Share,Basic EPS,EarningsPerShareBasic,2014,Q2,Quarter,2013-12-29,2014-03-29,2014-04-24,10-Q,11.69,USD/shares,0001193125-14-157311,
AAPL,Per Share,Basic EPS,EarningsPerShareBasic,2015,Q2,Quarter,2013-12-29,2014-03-29,2015-04-28,10-Q,1.67,USD/shares,0001193125-15-153166,
AAPL,Per Share,Basic EPS,EarningsPerShareBasic,2015,Q2,YTD,2014-09-28,2015-03-28,2015-04-28,10-Q,5.43,USD/shares,0001193125-15-153166,
AAPL,Per Share,Basic EPS,EarningsPerShareBasic,2016,Q2,YTD,2014-09-28,2015-03-28,2016-04-27,10-Q,5.43,USD/shares,0001193125-16-559625,
AAPL,Per Share,Basic EPS,EarningsPerShareBasic,2015,Q2,Quarter,2014-12-28,2015-03-28,2015-04-28,10-Q,2.34,USD/shares,0001193125-15-153166,
AAPL,Per Share,Basic EPS,EarningsPerShareBasic,2016,Q2,Quarter,2014-12-28,2015-03-28,2016-04-27,10-Q,2.34,USD/shares,0001193125-16-559625,
AAPL,Per Share,Basic EPS,EarningsPerShareBasic,2016,Q2,YTD,2015-09-27,2016-03-26,2016-04-27,10-Q,5.22,USD/shares,0001193125-16-559625,
AAPL,Per Share,Basic EPS,EarningsPerShareBasic,2017,Q2,YTD,2015-09-27,2016-03-26,2017-05-03,10-Q,5.22,USD/shares,0001628280-17-004790,
AAPL,Per Share,Basic EPS,EarningsPerShareBasic,2016,Q2,Quarter,2015-12-27,2016-03-26,2016-04-27,10-Q,1.91,USD/shares,0001193125-16-559625,
AAPL,Per Share,Basic EPS,EarningsPerShareBasic,2017,Q2,Quarter,2015-12-27,2016-03-26,2017-05-03,10-Q,1.91,USD/shares,0001628280-17-004790,
AAPL,Per Share,Basic EPS,EarningsPerShareBasic,2017,Q2,YTD,2016-09-25,2017-04-01,2017-05-03,10-Q,5.5,USD/shares,0001628280-17-004790,
AAPL,Per Share,Basic EPS,EarningsPerShareBasic,2018,Q2,YTD,2016-09-25,2017-04-01,2018-05-02,10-Q,5.5,USD/shares,0000320193-18-000070,
AAPL,Per Share,Basic EPS,EarningsPerShareBasic,2017,Q2,Quarter,2017-01-01,2017-04-01,2017-05-03,10-Q,2.11,USD/shares,0001628280-17-004790,
AAPL,Per Share,Basic EPS,EarningsPerShareBasic,2018,Q2,Quarter,2017-01-01,2017-04-01,2018-05-02,10-Q,2.11,USD/shares,0000320193-18-000070,
AAPL,Per Share,Basic EPS,EarningsPerShareBasic,2018,Q2,YTD,2017-10-01,2018-03-31,2018-05-02,10-Q,6.69,USD/shares,0000320193-18-000070,
AAPL,Per Share,Basic EPS,EarningsPerShareBasic,2019,Q2,YTD,2017-10-01,2018-03-31,2019-05-01,10-Q,6.69,USD/shares,0000320193-19-000066,
AAPL,Per Share,Basic EPS,EarningsPerShareBasic,2018,Q2,Quarter,2017-12-31,2018-03-31,2018-05-02,10-Q,2.75,USD/shares,0000320193-18-000070,
AAPL,Per Share,Basic EPS,EarningsPerShareBasic,2019,Q2,Quarter,2017-12-31,2018-03-31,2019-05-01,10-Q,2.75,USD/shares,0000320193-19-000066,
AAPL,Per Share,Basic EPS,EarningsPerShareBasic,2019,Q2,YTD,2018-09-30,2019-03-30,2019-05-01,10-Q,6.7,USD/shares,0000320193-19-000066,
AAPL,Per Share,Basic EPS,EarningsPerShareBasic,2020,Q2,YTD,2018-09-30,2019-03-30,2020-05-01,10-Q,6.7,USD/shares,0000320193-20-000052,
AAPL,Per Share,Basic EPS,EarningsPerShareBasic,2019,Q2,Quarter,2018-12-30,2019-03-30,2019-05-01,10-Q,2.47,USD/shares,0000320193-19-000066,
AAPL,Per Share,Basic EPS,EarningsPerShareBasic,2020,Q2,Quarter,2018-12-30,2019-03-30,2020-05-01,10-Q,2.47,USD/shares,0000320193-20-000052,
AAPL,Per Share,Basic EPS,EarningsPerShareBasic,2020,Q2,YTD,2019-09-29,2020-03-28,2020-05-01,10-Q,7.63,USD/shares,0000320193-20-000052,
AAPL,Per Share,Basic EPS,EarningsPerShareBasic,2021,Q2,YTD,2019-09-29,2020-03-28,2021-04-29,10-Q,1.91,USD/shares,0000320193-21-000056,
AAPL,Per Share,Basic EPS,EarningsPerShareBasic,2020,Q2,Quarter,2019-12-29,2020-03-28,2020-05-01,10-Q,2.58,USD/shares,0000320193-20-000052,
AAPL,Per Share,Basic EPS,EarningsPerShareBasic,2021,Q2,Quarter,2019-12-29,2020-03-28,2021-04-29,10-Q,0.64,USD/shares,0000320193-21-000056,CY2020Q1
AAPL,Per Share,Basic EPS,EarningsPerShareBasic,2021,Q2,YTD,2020-09-27,2021-03-27,2021-04-29,10-Q,3.11,USD/shares,0000320193-21-000056,
AAPL,Per Share,Basic EPS,EarningsPerShareBasic,2022,Q2,YTD,2020-09-27,2021-03-27,2022-04-29,10-Q,3.11,USD/shares,0000320193-22-000059,
AAPL,Per Share,Basic EPS,EarningsPerShareBasic,2021,Q2,Quarter,2020-12-27,2021-03-27,2021-04-29,10-Q,1.41,USD/shares,0000320193-21-000056,
AAPL,Per Share,Basic EPS,EarningsPerShareBasic,2022,Q2,Quarter,2020-12-27,2021-03-27,2022-04-29,10-Q,1.41,USD/shares,0000320193-22-000059,CY2021Q1
AAPL,Per Share,Basic EPS,EarningsPerShareBasic,2022,Q2,YTD,2021-09-26,2022-03-26,2022-04-29,10-Q,3.65,USD/shares,0000320193-22-000059,
AAPL,Per Share,Basic EPS,EarningsPerShareBasic,2023,Q2,YTD,2021-09-26,2022-03-26,2023-05-05,10-Q,3.65,USD/shares,0000320193-23-000064,
AAPL,Per Share,Basic EPS,EarningsPerShareBasic,2022,Q2,Quarter,2021-12-26,2022-03-26,2022-04-29,10-Q,1.54,USD/shares,0000320193-22-000059,
AAPL,Per Share,Basic EPS,EarningsPerShareBasic,2023,Q2,Quarter,2021-12-26,2022-03-26,2023-05-05,10-Q,1.54,USD/shares,0000320193-23-000064,CY2022Q1
AAPL,Per Share,Basic EPS,EarningsPerShareBasic,2023,Q2,YTD,2022-09-25,2023-04-01,2023-05-05,10-Q,3.42,USD/shares,0000320193-23-000064,
AAPL,Per Share,Basic EPS,EarningsPerShareBasic,2024,Q2,YTD,2022-09-25,2023-04-01,2024-05-03,10-Q,3.42,USD/shares,0000320193-24-000069,
AAPL,Per Share,Basic EPS,EarningsPerShareBasic,2023,Q2,Quarter,2023-01-01,2023-04-01,2023-05-05,10-Q,1.53,USD/shares,0000320193-23-000064,
AAPL,Per Share,Basic EPS,EarningsPerShareBasic,2024,Q2,Quarter,2023-01-01,2023-04-01,2024-05-03,10-Q,1.53,USD/shares,0000320193-24-000069,CY2023Q1
AAPL,Per Share,Basic EPS,EarningsPerShareBasic,2024,Q2,YTD,2023-10-01,2024-03-30,2024-05-03,10-Q,3.72,USD/shares,0000320193-24-000069,
AAPL,Per Share,Basic EPS,EarningsPerShareBasic,2025,Q2,YTD,2023-10-01,2024-03-30,2025-05-02,10-Q,3.72,USD/shares,0000320193-25-000057,
AAPL,Per Share,Basic EPS,EarningsPerShareBasic,2024,Q2,Quarter,2023-12-31,2024-03-30,2024-05-03,10-Q,1.53,USD/shares,0000320193-24-000069,
AAPL,Per Share,Basic EPS,EarningsPerShareBasic,2025,Q2,Quarter,2023-12-31,2024-03-30,2025-05-02,10-Q,1.53,USD/shares,0000320193-25-000057,CY2024Q1
AAPL,Per Share,Basic EPS,EarningsPerShareBasic,2025,Q2,YTD,2024-09-29,2025-03-29,2025-05-02,10-Q,4.06,USD/shares,0000320193-25-000057,
AAPL,Per Share,Basic EPS,EarningsPerShareBasic,2026,Q2,YTD,2024-09-29,2025-03-29,2026-05-01,10-Q,4.06,USD/shares,0000320193-26-000013,
AAPL,Per Share,Basic EPS,EarningsPerShareBasic,2025,Q2,Quarter,2024-12-29,2025-03-29,2025-05-02,10-Q,1.65,USD/shares,0000320193-25-000057,
AAPL,Per Share,Basic EPS,EarningsPerShareBasic,2026,Q2,Quarter,2024-12-29,2025-03-29,2026-05-01,10-Q,1.65,USD/shares,0000320193-26-000013,CY2025Q1
AAPL,Per Share,Basic EPS,EarningsPerShareBasic,2026,Q2,YTD,2025-09-28,2026-03-28,2026-05-01,10-Q,4.87,USD/shares,0000320193-26-000013,
AAPL,Per Share,Basic EPS,EarningsPerShareBasic,2026,Q2,Quarter,2025-12-28,2026-03-28,2026-05-01,10-Q,2.02,USD/shares,0000320193-26-000013,CY2026Q1
AAPL,Per Share,Basic EPS,EarningsPerShareBasic,2009,Q3,Annual,2007-09-30,2008-06-28,2009-07-22,10-Q,4.2,USD/shares,0001193125-09-153165,
AAPL,Per Share,Basic EPS,EarningsPerShareBasic,2009,Q3,Quarter,2008-03-30,2008-06-28,2009-07-22,10-Q,1.21,USD/shares,0001193125-09-153165,CY2008Q2
AAPL,Per Share,Basic EPS,EarningsPerShareBasic,2009,Q3,Annual,2008-09-28,2009-06-27,2009-07-22,10-Q,4.53,USD/shares,0001193125-09-153165,
AAPL,Per Share,Basic EPS,EarningsPerShareBasic,2010,Q3,Annual,2008-09-28,2009-06-27,2010-07-21,10-Q,6.4,USD/shares,0001193125-10-162840,
AAPL,Per Share,Basic EPS,EarningsPerShareBasic,2009,Q3,Quarter,2009-03-29,2009-06-27,2009-07-22,10-Q,1.38,USD/shares,0001193125-09-153165,
AAPL,Per Share,Basic EPS,EarningsPerShareBasic,2010,Q3,Quarter,2009-03-29,2009-06-27,2010-07-21,10-Q,2.05,USD/shares,0001193125-10-162840,
AAPL,Per Share,Basic EPS,EarningsPerShareBasic,2010,Q3,Annual,2009-09-27,2010-06-26,2010-07-21,10-Q,10.69,USD/shares,0001193125-10-162840,
AAPL,Per Share,Basic EPS,EarningsPerShareBasic,2011,Q3,Annual,2009-09-27,2010-06-26,2011-07-20,10-Q,10.69,USD/shares,0001193125-11-192493,
AAPL,Per Share,Basic EPS,EarningsPerShareBasic,2010,Q3,Quarter,2010-03-28,2010-06-26,2010-07-21,10-Q,3.57,USD/shares,0001193125-10-162840,
AAPL,Per Share,Basic EPS,EarningsPerShareBasic,2011,Q3,Quarter,2010-03-28,2010-06-26,2011-07-20,10-Q,3.57,USD/shares,0001193125-11-192493,
AAPL,Per Share,Basic EPS,EarningsPerShareBasic,2011,Q3,Annual,2010-09-26,2011-06-25,2011-07-20,10-Q,20.91,USD/shares,0001193125-11-192493,
AAPL,Per Share,Basic EPS,EarningsPerShareBasic,2012,Q3,Annual,2010-09-26,2011-06-25,2012-07-25,10-Q,20.91,USD/shares,0001193125-12-314552,
AAPL,Per Share,Basic EPS,EarningsPerShareBasic,2011,Q3,Quarter,2011-03-27,2011-06-25,2011-07-20,10-Q,7.89,USD/shares,0001193125-11-192493,
AAPL,Per Share,Basic EPS,EarningsPerShareBasic,2012,Q3,Quarter,2011-03-27,2011-06-25,2012-07-25,10-Q,7.89,USD/shares,0001193125-12-314552,
AAPL,Per Share,Basic EPS,EarningsPerShareBasic,2012,Q3,Annual,2011-09-25,2012-06-30,2012-07-25,10-Q,35.89,USD/shares,0001193125-12-314552,
AAPL,Per Share,Basic EPS,EarningsPerShareBasic,2013,Q3,Annual,2011-09-25,2012-06-30,2013-07-24,10-Q,35.89,USD/shares,0001193125-13-300670,
AAPL,Per Share,Basic EPS,EarningsPerShareBasic,2012,Q3,Quarter,2012-04-01,2012-06-30,2012-07-25,10-Q,9.42,USD/shares,0001193125-12-314552,
AAPL,Per Share,Basic EPS,EarningsPerShareBasic,2013,Q3,Quarter,2012-04-01,2012-06-30,2013-07-24,10-Q,9.42,USD/shares,0001193125-13-300670,
AAPL,Per Share,Basic EPS,EarningsPerShareBasic,2013,Q3,Annual,2012-09-30,2013-06-29,2013-07-24,10-Q,31.67,USD/shares,0001193125-13-300670,
AAPL,Per Share,Basic EPS,EarningsPerShareBasic,2014,Q3,Annual,2012-09-30,2013-06-29,2014-07-23,10-Q,4.52,USD/shares,0001193125-14-277160,
AAPL,Per Share,Basic EPS,EarningsPerShareBasic,2013,Q3,Quarter,2013-03-31,2013-06-29,2013-07-24,10-Q,7.51,USD/shares,0001193125-13-300670,
AAPL,Per Share,Basic EPS,EarningsPerShareBasic,2014,Q3,Quarter,2013-03-31,2013-06-29,2014-07-23,10-Q,1.07,USD/shares,0001193125-14-277160,
AAPL,Per Share,Basic EPS,EarningsPerShareBasic,2014,Q3,Annual,2013-09-29,2014-06-28,2014-07-23,10-Q,5.06,USD/shares,0001193125-14-277160,
AAPL,Per Share,Basic EPS,EarningsPerShareBasic,2015,Q3,Annual,2013-09-29,2014-06-28,2015-07-22,10-Q,5.06,USD/shares,0001193125-15-259935,
AAPL,Per Share,Basic EPS,EarningsPerShareBasic,2014,Q3,Quarter,2014-03-30,2014-06-28,2014-07-23,10-Q,1.29,USD/shares,0001193125-14-277160,
AAPL,Per Share,Basic EPS,EarningsPerShareBasic,2015,Q3,Quarter,2014-03-30,2014-06-28,2015-07-22,10-Q,1.29,USD/shares,0001193125-15-259935,
AAPL,Per Share,Basic EPS,EarningsPerShareBasic,2015,Q3,Annual,2014-09-28,2015-06-27,2015-07-22,10-Q,7.3,USD/shares,0001193125-15-259935,
AAPL,Per Share,Basic EPS,EarningsPerShareBasic,2016,Q3,Annual,2014-09-28,2015-06-27,2016-07-27,10-Q,7.3,USD/shares,0001628280-16-017809,
AAPL,Per Share,Basic EPS,EarningsPerShareBasic,2015,Q3,Quarter,2015-03-29,2015-06-27,2015-07-22,10-Q,1.86,USD/shares,0001193125-15-259935,
AAPL,Per Share,Basic EPS,EarningsPerShareBasic,2016,Q3,Quarter,2015-03-29,2015-06-27,2016-07-27,10-Q,1.86,USD/shares,0001628280-16-017809,
AAPL,Per Share,Basic EPS,EarningsPerShareBasic,2016,Q3,Annual,2015-09-27,2016-06-25,2016-07-27,10-Q,6.66,USD/shares,0001628280-16-017809,
AAPL,Per Share,Basic EPS,EarningsPerShareBasic,2017,Q3,Annual,2015-09-27,2016-06-25,2017-08-02,10-Q,6.66,USD/shares,0000320193-17-000009,
AAPL,Per Share,Basic EPS,EarningsPerShareBasic,2016,Q3,Quarter,2016-03-27,2016-06-25,2016-07-27,10-Q,1.43,USD/shares,0001628280-16-017809,
AAPL,Per Share,Basic EPS,EarningsPerShareBasic,2017,Q3,Quarter,2016-03-27,2016-06-25,2017-08-02,10-Q,1.43,USD/shares,0000320193-17-000009,
AAPL,Per Share,Basic EPS,EarningsPerShareBasic,2017,Q3,Annual,2016-09-25,2017-07-01,2017-08-02,10-Q,7.18,USD/shares,0000320193-17-000009,
AAPL,Per Share,Basic EPS,EarningsPerShareBasic,2018,Q3,Annual,2016-09-25,2017-07-01,2018-08-01,10-Q,7.18,USD/shares,0000320193-18-000100,
AAPL,Per Share,Basic EPS,EarningsPerShareBasic,2017,Q3,Quarter,2017-04-02,2017-07-01,2017-08-02,10-Q,1.68,USD/shares,0000320193-17-000009,
AAPL,Per Share,Basic EPS,EarningsPerShareBasic,2018,Q3,Quarter,2017-04-02,2017-07-01,2018-08-01,10-Q,1.68,USD/shares,0000320193-18-000100,
AAPL,Per Share,Basic EPS,EarningsPerShareBasic,2018,Q3,Annual,2017-10-01,2018-06-30,2018-08-01,10-Q,9.07,USD/shares,0000320193-18-000100,
AAPL,Per Share,Basic EPS,EarningsPerShareBasic,2019,Q3,Annual,2017-10-01,2018-06-30,2019-07-31,10-Q,9.07,USD/shares,0000320193-19-000076,
AAPL,Per Share,Basic EPS,EarningsPerShareBasic,2018,Q3,Quarter,2018-04-01,2018-06-30,2018-08-01,10-Q,2.36,USD/shares,0000320193-18-000100,
AAPL,Per Share,Basic EPS,EarningsPerShareBasic,2019,Q3,Quarter,2018-04-01,2018-06-30,2019-07-31,10-Q,2.36,USD/shares,0000320193-19-000076,
AAPL,Per Share,Basic EPS,EarningsPerShareBasic,2019,Q3,Annual,2018-09-30,2019-06-29,2019-07-31,10-Q,8.92,USD/shares,0000320193-19-000076,
AAPL,Per Share,Basic EPS,EarningsPerShareBasic,2020,Q3,Annual,2018-09-30,2019-06-29,2020-07-31,10-Q,8.92,USD/shares,0000320193-20-000062,
AAPL,Per Share,Basic EPS,EarningsPerShareBasic,2019,Q3,Quarter,2019-03-31,2019-06-29,2019-07-31,10-Q,2.2,USD/shares,0000320193-19-000076,
AAPL,Per Share,Basic EPS,EarningsPerShareBasic,2020,Q3,Quarter,2019-03-31,2019-06-29,2020-07-31,10-Q,2.2,USD/shares,0000320193-20-000062,
AAPL,Per Share,Basic EPS,EarningsPerShareBasic,2020,Q3,Annual,2019-09-29,2020-06-27,2020-07-31,10-Q,10.25,USD/shares,0000320193-20-000062,
AAPL,Per Share,Basic EPS,EarningsPerShareBasic,2021,Q3,Annual,2019-09-29,2020-06-27,2021-07-28,10-Q,2.56,USD/shares,0000320193-21-000065,
AAPL,Per Share,Basic EPS,EarningsPerShareBasic,2020,Q3,Quarter,2020-03-29,2020-06-27,2020-07-31,10-Q,2.61,USD/shares,0000320193-20-000062,
AAPL,Per Share,Basic EPS,EarningsPerShareBasic,2021,Q3,Quarter,2020-03-29,2020-06-27,2021-07-28,10-Q,0.65,USD/shares,0000320193-21-000065,CY2020Q2
AAPL,Per Share,Basic EPS,EarningsPerShareBasic,2021,Q3,Annual,2020-09-27,2021-06-26,2021-07-28,10-Q,4.42,USD/shares,0000320193-21-000065,
AAPL,Per Share,Basic EPS,EarningsPerShareBasic,2022,Q3,Annual,2020-09-27,2021-06-26,2022-07-29,10-Q,4.42,USD/shares,0000320193-22-000070,
AAPL,Per Share,Basic EPS,EarningsPerShareBasic,2021,Q3,Quarter,2021-03-28,2021-06-26,2021-07-28,10-Q,1.31,USD/shares,0000320193-21-000065,
AAPL,Per Share,Basic EPS,EarningsPerShareBasic,2022,Q3,Quarter,2021-03-28,2021-06-26,2022-07-29,10-Q,1.31,USD/shares,0000320193-22-000070,CY2021Q2
AAPL,Per Share,Basic EPS,EarningsPerShareBasic,2022,Q3,Annual,2021-09-26,2022-06-25,2022-07-29,10-Q,4.86,USD/shares,0000320193-22-000070,
AAPL,Per Share,Basic EPS,EarningsPerShareBasic,2023,Q3,Annual,2021-09-26,2022-06-25,2023-08-04,10-Q,4.86,USD/shares,0000320193-23-000077,
AAPL,Per Share,Basic EPS,EarningsPerShareBasic,2022,Q3,Quarter,2022-03-27,2022-06-25,2022-07-29,10-Q,1.2,USD/shares,0000320193-22-000070,
AAPL,Per Share,Basic EPS,EarningsPerShareBasic,2023,Q3,Quarter,2022-03-27,2022-06-25,2023-08-04,10-Q,1.2,USD/shares,0000320193-23-000077,CY2022Q2
AAPL,Per Share,Basic EPS,EarningsPerShareBasic,2023,Q3,Annual,2022-09-25,2023-07-01,2023-08-04,10-Q,4.69,USD/shares,0000320193-23-000077,
AAPL,Per Share,Basic EPS,EarningsPerShareBasic,2024,Q3,Annual,2022-09-25,2023-07-01,2024-08-02,10-Q,4.69,USD/shares,0000320193-24-000081,
AAPL,Per Share,Basic EPS,EarningsPerShareBasic,2023,Q3,Quarter,2023-04-02,2023-07-01,2023-08-04,10-Q,1.27,USD/shares,0000320193-23-000077,
AAPL,Per Share,Basic EPS,EarningsPerShareBasic,2024,Q3,Quarter,2023-04-02,2023-07-01,2024-08-02,10-Q,1.27,USD/shares,0000320193-24-000081,CY2023Q2
AAPL,Per Share,Basic EPS,EarningsPerShareBasic,2024,Q3,Annual,2023-10-01,2024-06-29,2024-08-02,10-Q,5.13,USD/shares,0000320193-24-000081,
AAPL,Per Share,Basic EPS,EarningsPerShareBasic,2025,Q3,Annual,2023-10-01,2024-06-29,2025-08-01,10-Q,5.13,USD/shares,0000320193-25-000073,
AAPL,Per Share,Basic EPS,EarningsPerShareBasic,2024,Q3,Quarter,2024-03-31,2024-06-29,2024-08-02,10-Q,1.4,USD/shares,0000320193-24-000081,
AAPL,Per Share,Basic EPS,EarningsPerShareBasic,2025,Q3,Quarter,2024-03-31,2024-06-29,2025-08-01,10-Q,1.4,USD/shares,0000320193-25-000073,CY2024Q2
AAPL,Per Share,Basic EPS,EarningsPerShareBasic,2025,Q3,Annual,2024-09-29,2025-06-28,2025-08-01,10-Q,5.64,USD/shares,0000320193-25-000073,
AAPL,Per Share,Basic EPS,EarningsPerShareBasic,2026,Q3,Annual,2024-09-29,2025-06-28,2026-07-31,10-Q,5.64,USD/shares,0000320193-26-000020,
AAPL,Per Share,Basic EPS,EarningsPerShareBasic,2025,Q3,Quarter,2025-03-30,2025-06-28,2025-08-01,10-Q,1.57,USD/shares,0000320193-25-000073,
AAPL,Per Share,Basic EPS,EarningsPerShareBasic,2026,Q3,Quarter,2025-03-30,2025-06-28,2026-07-31,10-Q,1.57,USD/shares,0000320193-26-000020,CY2025Q2
AAPL,Per Share,Basic EPS,EarningsPerShareBasic,2026,Q3,Annual,2025-09-28,2026-06-27,2026-07-31,10-Q,6.91,USD/shares,0000320193-26-000020,
AAPL,Per Share,Basic EPS,EarningsPerShareBasic,2026,Q3,Quarter,2026-03-29,2026-06-27,2026-07-31,10-Q,2.03,USD/shares,0000320193-26-000020,CY2026Q2
AAPL,Per Share,Basic Shares,WeightedAverageNumberOfSharesOutstandingBasic,2009,FY,Annual,2006-10-01,2007-09-29,2009-10-27,10-K,864595000,shares,0001193125-09-214859,
AAPL,Per Share,Basic Shares,WeightedAverageNumberOfSharesOutstandingBasic,2009,FY,Annual,2007-09-30,2008-09-27,2009-10-27,10-K,881592000,shares,0001193125-09-214859,
AAPL,Per Share,Basic Shares,WeightedAverageNumberOfSharesOutstandingBasic,2010,FY,Annual,2007-09-30,2008-09-27,2010-10-27,10-K,881592000,shares,0001193125-10-238044,CY2008
AAPL,Per Share,Basic Shares,WeightedAverageNumberOfSharesOutstandingBasic,2009,FY,Annual,2008-09-28,2009-09-26,2009-10-27,10-K,893016000,shares,0001193125-09-214859,
AAPL,Per Share,Basic Shares,WeightedAverageNumberOfSharesOutstandingBasic,2010,FY,Annual,2008-09-28,2009-09-26,2010-10-27,10-K,893016000,shares,0001193125-10-238044,
AAPL,Per Share,Basic Shares,WeightedAverageNumberOfSharesOutstandingBasic,2011,FY,Annual,2008-09-28,2009-09-26,2011-10-26,10-K,893016000,shares,0001193125-11-282113,CY2009
AAPL,Per Share,Basic Shares,WeightedAverageNumberOfSharesOutstandingBasic,2010,FY,Annual,2009-09-27,2010-09-25,2010-10-27,10-K,909461000,shares,0001193125-10-238044,
AAPL,Per Share,Basic Shares,WeightedAverageNumberOfSharesOutstandingBasic,2011,FY,Annual,2009-09-27,2010-09-25,2011-10-26,10-K,909461000,shares,0001193125-11-282113,
AAPL,Per Share,Basic Shares,WeightedAverageNumberOfSharesOutstandingBasic,2012,FY,Annual,2009-09-27,2010-09-25,2012-10-31,10-K,909461000,shares,0001193125-12-444068,
AAPL,Per Share,Basic Shares,WeightedAverageNumberOfSharesOutstandingBasic,2011,FY,Annual,2010-09-26,2011-09-24,2011-10-26,10-K,924258000,shares,0001193125-11-282113,
AAPL,Per Share,Basic Shares,WeightedAverageNumberOfSharesOutstandingBasic,2012,FY,Annual,2010-09-26,2011-09-24,2012-10-31,10-K,924258000,shares,0001193125-12-444068,
AAPL,Per Share,Basic Shares,WeightedAverageNumberOfSharesOutstandingBasic,2013,FY,Annual,2010-09-26,2011-09-24,2013-10-30,10-K,924258000,shares,0001193125-13-416534,CY2011
AAPL,Per Share,Basic Shares,WeightedAverageNumberOfSharesOutstandingBasic,2012,FY,Annual,2011-09-25,2012-09-29,2012-10-31,10-K,934818000,shares,0001193125-12-444068,
AAPL,Per Share,Basic Shares,WeightedAverageNumberOfSharesOutstandingBasic,2013,FY,Annual,2011-09-25,2012-09-29,2013-10-30,10-K,934818000,shares,0001193125-13-416534,
AAPL,Per Share,Basic Shares,WeightedAverageNumberOfSharesOutstandingBasic,2014,FY,Annual,2011-09-25,2012-09-29,2014-10-27,10-K,6543726000,shares,0001193125-14-383437,
AAPL,Per Share,Basic Shares,WeightedAverageNumberOfSharesOutstandingBasic,2013,FY,Annual,2012-09-30,2013-09-28,2013-10-30,10-K,925331000,shares,0001193125-13-416534,
AAPL,Per Share,Basic Shares,WeightedAverageNumberOfSharesOutstandingBasic,2014,FY,Annual,2012-09-30,2013-09-28,2014-10-27,10-K,6477320000,shares,0001193125-14-383437,
AAPL,Per Share,Basic Shares,WeightedAverageNumberOfSharesOutstandingBasic,2015,FY,Annual,2012-09-30,2013-09-28,2015-10-28,10-K,6477320000,shares,0001193125-15-356351,CY2013
AAPL,Per Share,Basic Shares,WeightedAverageNumberOfSharesOutstandingBasic,2014,FY,Annual,2013-09-29,2014-09-27,2014-10-27,10-K,6085572000,shares,0001193125-14-383437,
AAPL,Per Share,Basic Shares,WeightedAverageNumberOfSharesOutstandingBasic,2015,FY,Annual,2013-09-29,2014-09-27,2015-10-28,10-K,6085572000,shares,0001193125-15-356351,
AAPL,Per Share,Basic Shares,WeightedAverageNumberOfSharesOutstandingBasic,2016,FY,Annual,2013-09-29,2014-09-27,2016-10-26,10-K,6085572000,shares,0001628280-16-020309,CY2014
AAPL,Per Share,Basic Shares,WeightedAverageNumberOfSharesOutstandingBasic,2015,FY,Annual,2014-09-28,2015-09-26,2015-10-28,10-K,5753421000,shares,0001193125-15-356351,
AAPL,Per Share,Basic Shares,WeightedAverageNumberOfSharesOutstandingBasic,2016,FY,Annual,2014-09-28,2015-09-26,2016-10-26,10-K,5753421000,shares,0001628280-16-020309,
AAPL,Per Share,Basic Shares,WeightedAverageNumberOfSharesOutstandingBasic,2017,FY,Annual,2014-09-28,2015-09-26,2017-11-03,10-K,5753421000,shares,0000320193-17-000070,CY2015
AAPL,Per Share,Basic Shares,WeightedAverageNumberOfSharesOutstandingBasic,2016,FY,Annual,2015-09-27,2016-09-24,2016-10-26,10-K,5470820000,shares,0001628280-16-020309,
AAPL,Per Share,Basic Shares,WeightedAverageNumberOfSharesOutstandingBasic,2017,FY,Annual,2015-09-27,2016-09-24,2017-11-03,10-K,5470820000,shares,0000320193-17-000070,
AAPL,Per Share,Basic Shares,WeightedAverageNumberOfSharesOutstandingBasic,2018,FY,Annual,2015-09-27,2016-09-24,2018-11-05,10-K,5470820000,shares,0000320193-18-000145,CY2016
AAPL,Per Share,Basic Shares,WeightedAverageNumberOfSharesOutstandingBasic,2017,FY,Annual,2016-09-25,2017-09-30,2017-11-03,10-K,5217242000,shares,0000320193-17-000070,
AAPL,Per Share,Basic Shares,WeightedAverageNumberOfSharesOutstandingBasic,2018,FY,Annual,2016-09-25,2017-09-30,2018-11-05,10-K,5217242000,shares,0000320193-18-000145,
AAPL,Per Share,Basic Shares,WeightedAverageNumberOfSharesOutstandingBasic,2019,FY,Annual,2016-09-25,2017-09-30,2019-10-31,10-K,5217242000,shares,0000320193-19-000119,CY2017
AAPL,Per Share,Basic Shares,WeightedAverageNumberOfSharesOutstandingBasic,2018,FY,Annual,2017-10-01,2018-09-29,2018-11-05,10-K,4955377000,shares,0000320193-18-000145,
AAPL,Per Share,Basic Shares,WeightedAverageNumberOfSharesOutstandingBasic,2019,FY,Annual,2017-10-01,2018-09-29,2019-10-31,10-K,4955377000,shares,0000320193-19-000119,
AAPL,Per Share,Basic Shares,WeightedAverageNumberOfSharesOutstandingBasic,2020,FY,Annual,2017-10-01,2018-09-29,2020-10-30,10-K,19821510000,shares,0000320193-20-000096,CY2018
AAPL,Per Share,Basic Shares,WeightedAverageNumberOfSharesOutstandingBasic,2019,FY,Annual,2018-09-30,2019-09-28,2019-10-31,10-K,4617834000,shares,0000320193-19-000119,
AAPL,Per Share,Basic Shares,WeightedAverageNumberOfSharesOutstandingBasic,2020,FY,Annual,2018-09-30,2019-09-28,2020-10-30,10-K,18471336000,shares,0000320193-20-000096,
AAPL,Per Share,Basic Shares,WeightedAverageNumberOfSharesOutstandingBasic,2021,FY,Annual,2018-09-30,2019-09-28,2021-10-29,10-K,18471336000,shares,0000320193-21-000105,CY2019
AAPL,Per Share,Basic Shares,WeightedAverageNumberOfSharesOutstandingBasic,2020,FY,Annual,2019-09-29,2020-09-26,2020-10-30,10-K,17352119000,shares,0000320193-20-000096,
AAPL,Per Share,Basic Shares,WeightedAverageNumberOfSharesOutstandingBasic,2021,FY,Annual,2019-09-29,2020-09-26,2021-10-29,10-K,17352119000,shares,0000320193-21-000105,
AAPL,Per Share,Basic Shares,WeightedAverageNumberOfSharesOutstandingBasic,2022,FY,Annual,2019-09-29,2020-09-26,2022-10-28,10-K,17352119000,shares,0000320193-22-000108,CY2020
AAPL,Per Share,Basic Shares,WeightedAverageNumberOfSharesOutstandingBasic,2021,FY,Annual,2020-09-27,2021-09-25,2021-10-29,10-K,16701272000,shares,0000320193-21-000105,
AAPL,Per Share,Basic Shares,WeightedAverageNumberOfSharesOutstandingBasic,2022,FY,Annual,2020-09-27,2021-09-25,2022-10-28,10-K,16701272000,shares,0000320193-22-000108,
AAPL,Per Share,Basic Shares,WeightedAverageNumberOfSharesOutstandingBasic,2023,FY,Annual,2020-09-27,2021-09-25,2023-11-03,10-K,16701272000,shares,0000320193-23-000106,CY2021
AAPL,Per Share,Basic Shares,WeightedAverageNumberOfSharesOutstandingBasic,2022,FY,Annual,2021-09-26,2022-09-24,2022-10-28,10-K,16215963000,shares,0000320193-22-000108,
AAPL,Per Share,Basic Shares,WeightedAverageNumberOfSharesOutstandingBasic,2023,FY,Annual,2021-09-26,2022-09-24,2023-11-03,10-K,16215963000,shares,0000320193-23-000106,
AAPL,Per Share,Basic Shares,WeightedAverageNumberOfSharesOutstandingBasic,2024,FY,Annual,2021-09-26,2022-09-24,2024-11-01,10-K,16215963000,shares,0000320193-24-000123,CY2022
AAPL,Per Share,Basic Shares,WeightedAverageNumberOfSharesOutstandingBasic,2023,FY,Annual,2022-09-25,2023-09-30,2023-11-03,10-K,15744231000,shares,0000320193-23-000106,
AAPL,Per Share,Basic Shares,WeightedAverageNumberOfSharesOutstandingBasic,2024,FY,Annual,2022-09-25,2023-09-30,2024-11-01,10-K,15744231000,shares,0000320193-24-000123,
AAPL,Per Share,Basic Shares,WeightedAverageNumberOfSharesOutstandingBasic,2025,FY,Annual,2022-09-25,2023-09-30,2025-10-31,10-K,15744231000,shares,0000320193-25-000079,CY2023
AAPL,Per Share,Basic Shares,WeightedAverageNumberOfSharesOutstandingBasic,2024,FY,Annual,2023-10-01,2024-09-28,2024-11-01,10-K,15343783000,shares,0000320193-24-000123,
AAPL,Per Share,Basic Shares,WeightedAverageNumberOfSharesOutstandingBasic,2025,FY,Annual,2023-10-01,2024-09-28,2025-10-31,10-K,15343783000,shares,0000320193-25-000079,CY2024
AAPL,Per Share,Basic Shares,WeightedAverageNumberOfSharesOutstandingBasic,2025,FY,Annual,2024-09-29,2025-09-27,2025-10-31,10-K,14948500000,shares,0000320193-25-000079,CY2025
AAPL,Per Share,Basic Shares,WeightedAverageNumberOfSharesOutstandingBasic,2010,Q1,Quarter,2008-09-28,2008-12-27,2010-01-25,10-Q,889142000,shares,0001193125-10-012085,CY2008Q4
AAPL,Per Share,Basic Shares,WeightedAverageNumberOfSharesOutstandingBasic,2010,Q1,Quarter,2009-09-27,2009-12-26,2010-01-25,10-Q,903542000,shares,0001193125-10-012085,
AAPL,Per Share,Basic Shares,WeightedAverageNumberOfSharesOutstandingBasic,2011,Q1,Quarter,2009-09-27,2009-12-26,2011-01-19,10-Q,903542000,shares,0001193125-11-010144,CY2009Q4
AAPL,Per Share,Basic Shares,WeightedAverageNumberOfSharesOutstandingBasic,2011,Q1,Quarter,2010-09-26,2010-12-25,2011-01-19,10-Q,919294000,shares,0001193125-11-010144,
AAPL,Per Share,Basic Shares,WeightedAverageNumberOfSharesOutstandingBasic,2012,Q1,Quarter,2010-09-26,2010-12-25,2012-01-25,10-Q,919294000,shares,0001193125-12-023398,CY2010Q4
AAPL,Per Share,Basic Shares,WeightedAverageNumberOfSharesOutstandingBasic,2012,Q1,Quarter,2011-09-25,2011-12-31,2012-01-25,10-Q,931041000,shares,0001193125-12-023398,
AAPL,Per Share,Basic Shares,WeightedAverageNumberOfSharesOutstandingBasic,2013,Q1,Quarter,2011-09-25,2011-12-31,2013-01-24,10-Q,931041000,shares,0001193125-13-022339,CY2011Q4
AAPL,Per Share,Basic Shares,WeightedAverageNumberOfSharesOutstandingBasic,2013,Q1,Quarter,2012-09-30,2012-12-29,2013-01-24,10-Q,938916000,shares,0001193125-13-022339,
AAPL,Per Share,Basic Shares,WeightedAverageNumberOfSharesOutstandingBasic,2014,Q1,Quarter,2012-09-30,2012-12-29,2014-01-28,10-Q,938916000,shares,0001193125-14-024487,CY2012Q4
AAPL,Per Share,Basic Shares,WeightedAverageNumberOfSharesOutstandingBasic,2014,Q1,Quarter,2013-09-29,2013-12-28,2014-01-28,10-Q,896072000,shares,0001193125-14-024487,
AAPL,Per Share,Basic Shares,WeightedAverageNumberOfSharesOutstandingBasic,2015,Q1,Quarter,2013-09-29,2013-12-28,2015-01-28,10-Q,6272504000,shares,0001193125-15-023697,CY2013Q4
AAPL,Per Share,Basic Shares,WeightedAverageNumberOfSharesOutstandingBasic,2015,Q1,Quarter,2014-09-28,2014-12-27,2015-01-28,10-Q,5843082000,shares,0001193125-15-023697,
AAPL,Per Share,Basic Shares,WeightedAverageNumberOfSharesOutstandingBasic,2016,Q1,Quarter,2014-09-28,2014-12-27,2016-01-27,10-Q,5843082000,shares,0001193125-16-439878,CY2014Q4
AAPL,Per Share,Basic Shares,WeightedAverageNumberOfSharesOutstandingBasic,2016,Q1,Quarter,2015-09-27,2015-12-26,2016-01-27,10-Q,5558930000,shares,0001193125-16-439878,
AAPL,Per Share,Basic Shares,WeightedAverageNumberOfSharesOutstandingBasic,2017,Q1,Quarter,2015-09-27,2015-12-26,2017-02-01,10-Q,5558930000,shares,0001628280-17-000717,CY2015Q4
AAPL,Per Share,Basic Shares,WeightedAverageNumberOfSharesOutstandingBasic,2017,Q1,Quarter,2016-09-25,2016-12-31,2017-02-01,10-Q,5298661000,shares,0001628280-17-000717,
AAPL,Per Share,Basic Shares,WeightedAverageNumberOfSharesOutstandingBasic,2018,Q1,Quarter,2016-09-25,2016-12-31,2018-02-02,10-Q,5298661000,shares,0000320193-18-000007,CY2016Q4
AAPL,Per Share,Basic Shares,WeightedAverageNumberOfSharesOutstandingBasic,2018,Q1,Quarter,2017-10-01,2017-12-30,2018-02-02,10-Q,5112877000,shares,0000320193-18-000007,
AAPL,Per Share,Basic Shares,WeightedAverageNumberOfSharesOutstandingBasic,2019,Q1,Quarter,2017-10-01,2017-12-30,2019-01-30,10-Q,5112877000,shares,0000320193-19-000010,CY2017Q4
AAPL,Per Share,Basic Shares,WeightedAverageNumberOfSharesOutstandingBasic,2019,Q1,Quarter,2018-09-30,2018-12-29,2019-01-30,10-Q,4735820000,shares,0000320193-19-000010,
AAPL,Per Share,Basic Shares,WeightedAverageNumberOfSharesOutstandingBasic,2020,Q1,Quarter,2018-09-30,2018-12-29,2020-01-29,10-Q,4735820000,shares,0000320193-20-000010,CY2018Q4
AAPL,Per Share,Basic Shares,WeightedAverageNumberOfSharesOutstandingBasic,2020,Q1,Quarter,2019-09-29,2019-12-28,2020-01-29,10-Q,4415040000,shares,0000320193-20-000010,
AAPL,Per Share,Basic Shares,WeightedAverageNumberOfSharesOutstandingBasic,2021,Q1,Quarter,2019-09-29,2019-12-28,2021-01-28,10-Q,17660160000,shares,0000320193-21-000010,CY2019Q4
AAPL,Per Share,Basic Shares,WeightedAverageNumberOfSharesOutstandingBasic,2021,Q1,Quarter,2020-09-27,2020-12-26,2021-01-28,10-Q,16935119000,shares,0000320193-21-000010,
AAPL,Per Share,Basic Shares,WeightedAverageNumberOfSharesOutstandingBasic,2022,Q1,Quarter,2020-09-27,2020-12-26,2022-01-28,10-Q,16935119000,shares,0000320193-22-000007,CY2020Q4
AAPL,Per Share,Basic Shares,WeightedAverageNumberOfSharesOutstandingBasic,2022,Q1,Quarter,2021-09-26,2021-12-25,2022-01-28,10-Q,16391724000,shares,0000320193-22-000007,
AAPL,Per Share,Basic Shares,WeightedAverageNumberOfSharesOutstandingBasic,2023,Q1,Quarter,2021-09-26,2021-12-25,2023-02-03,10-Q,16391724000,shares,0000320193-23-000006,CY2021Q4
AAPL,Per Share,Basic Shares,WeightedAverageNumberOfSharesOutstandingBasic,2023,Q1,Quarter,2022-09-25,2022-12-31,2023-02-03,10-Q,15892723000,shares,0000320193-23-000006,
AAPL,Per Share,Basic Shares,WeightedAverageNumberOfSharesOutstandingBasic,2024,Q1,Quarter,2022-09-25,2022-12-31,2024-02-02,10-Q,15892723000,shares,0000320193-24-000006,CY2022Q4
AAPL,Per Share,Basic Shares,WeightedAverageNumberOfSharesOutstandingBasic,2024,Q1,Quarter,2023-10-01,2023-12-30,2024-02-02,10-Q,15509763000,shares,0000320193-24-000006,
AAPL,Per Share,Basic Shares,WeightedAverageNumberOfSharesOutstandingBasic,2025,Q1,Quarter,2023-10-01,2023-12-30,2025-01-31,10-Q,15509763000,shares,0000320193-25-000008,CY2023Q4
AAPL,Per Share,Basic Shares,WeightedAverageNumberOfSharesOutstandingBasic,2025,Q1,Quarter,2024-09-29,2024-12-28,2025-01-31,10-Q,15081724000,shares,0000320193-25-000008,
AAPL,Per Share,Basic Shares,WeightedAverageNumberOfSharesOutstandingBasic,2026,Q1,Quarter,2024-09-29,2024-12-28,2026-01-30,10-Q,15081724000,shares,0000320193-26-000006,CY2024Q4
AAPL,Per Share,Basic Shares,WeightedAverageNumberOfSharesOutstandingBasic,2026,Q1,Quarter,2025-09-28,2025-12-27,2026-01-30,10-Q,14748158000,shares,0000320193-26-000006,CY2025Q4
AAPL,Per Share,Basic Shares,WeightedAverageNumberOfSharesOutstandingBasic,2010,Q2,YTD,2008-09-28,2009-03-28,2010-04-21,10-Q,890161000,shares,0001193125-10-088957,
AAPL,Per Share,Basic Shares,WeightedAverageNumberOfSharesOutstandingBasic,2010,Q2,Quarter,2008-12-28,2009-03-28,2010-04-21,10-Q,891180000,shares,0001193125-10-088957,CY2009Q1
AAPL,Per Share,Basic Shares,WeightedAverageNumberOfSharesOutstandingBasic,2010,Q2,YTD,2009-09-27,2010-03-27,2010-04-21,10-Q,905545000,shares,0001193125-10-088957,
AAPL,Per Share,Basic Shares,WeightedAverageNumberOfSharesOutstandingBasic,2011,Q2,YTD,2009-09-27,2010-03-27,2011-04-21,10-Q,905545000,shares,0001193125-11-104388,
AAPL,Per Share,Basic Shares,WeightedAverageNumberOfSharesOutstandingBasic,2010,Q2,Quarter,2009-12-27,2010-03-27,2010-04-21,10-Q,907548000,shares,0001193125-10-088957,
AAPL,Per Share,Basic Shares,WeightedAverageNumberOfSharesOutstandingBasic,2011,Q2,Quarter,2009-12-27,2010-03-27,2011-04-21,10-Q,907548000,shares,0001193125-11-104388,CY2010Q1
AAPL,Per Share,Basic Shares,WeightedAverageNumberOfSharesOutstandingBasic,2011,Q2,YTD,2010-09-26,2011-03-26,2011-04-21,10-Q,921245000,shares,0001193125-11-104388,
AAPL,Per Share,Basic Shares,WeightedAverageNumberOfSharesOutstandingBasic,2012,Q2,YTD,2010-09-26,2011-03-26,2012-04-25,10-Q,921245000,shares,0001193125-12-182321,
AAPL,Per Share,Basic Shares,WeightedAverageNumberOfSharesOutstandingBasic,2011,Q2,Quarter,2010-12-26,2011-03-26,2011-04-21,10-Q,923196000,shares,0001193125-11-104388,
AAPL,Per Share,Basic Shares,WeightedAverageNumberOfSharesOutstandingBasic,2012,Q2,Quarter,2010-12-26,2011-03-26,2012-04-25,10-Q,923196000,shares,0001193125-12-182321,CY2011Q1
AAPL,Per Share,Basic Shares,WeightedAverageNumberOfSharesOutstandingBasic,2012,Q2,YTD,2011-09-25,2012-03-31,2012-04-25,10-Q,932265000,shares,0001193125-12-182321,
AAPL,Per Share,Basic Shares,WeightedAverageNumberOfSharesOutstandingBasic,2013,Q2,YTD,2011-09-25,2012-03-31,2013-04-24,10-Q,932265000,shares,0001193125-13-168288,
AAPL,Per Share,Basic Shares,WeightedAverageNumberOfSharesOutstandingBasic,2012,Q2,Quarter,2012-01-01,2012-03-31,2012-04-25,10-Q,933582000,shares,0001193125-12-182321,
AAPL,Per Share,Basic Shares,WeightedAverageNumberOfSharesOutstandingBasic,2013,Q2,Quarter,2012-01-01,2012-03-31,2013-04-24,10-Q,933582000,shares,0001193125-13-168288,CY2012Q1
AAPL,Per Share,Basic Shares,WeightedAverageNumberOfSharesOutstandingBasic,2013,Q2,YTD,2012-09-30,2013-03-30,2013-04-24,10-Q,939273000,shares,0001193125-13-168288,
AAPL,Per Share,Basic Shares,WeightedAverageNumberOfSharesOutstandingBasic,2014,Q2,YTD,2012-09-30,2013-03-30,2014-04-24,10-Q,939273000,shares,0001193125-14-157311,
AAPL,Per Share,Basic Shares,WeightedAverageNumberOfSharesOutstandingBasic,2013,Q2,Quarter,2012-12-30,2013-03-30,2013-04-24,10-Q,939629000,shares,0001193125-13-168288,
AAPL,Per Share,Basic Shares,WeightedAverageNumberOfSharesOutstandingBasic,2014,Q2,Quarter,2012-12-30,2013-03-30,2014-04-24,10-Q,939629000,shares,0001193125-14-157311,CY2013Q1
AAPL,Per Share,Basic Shares,WeightedAverageNumberOfSharesOutstandingBasic,2014,Q2,YTD,2013-09-29,2014-03-29,2014-04-24,10-Q,885415000,shares,0001193125-14-157311,
AAPL,Per Share,Basic Shares,WeightedAverageNumberOfSharesOutstandingBasic,2015,Q2,YTD,2013-09-29,2014-03-29,2015-04-28,10-Q,6197903000,shares,0001193125-15-153166,
AAPL,Per Share,Basic Shares,WeightedAverageNumberOfSharesOutstandingBasic,2014,Q2,Quarter,2013-12-29,2014-03-29,2014-04-24,10-Q,874757000,shares,0001193125-14-157311,
AAPL,Per Share,Basic Shares,WeightedAverageNumberOfSharesOutstandingBasic,2015,Q2,Quarter,2013-12-29,2014-03-29,2015-04-28,10-Q,6123302000,shares,0001193125-15-153166,CY2014Q1
AAPL,Per Share,Basic Shares,WeightedAverageNumberOfSharesOutstandingBasic,2015,Q2,YTD,2014-09-28,2015-03-28,2015-04-28,10-Q,5818441000,shares,0001193125-15-153166,
AAPL,Per Share,Basic Shares,WeightedAverageNumberOfSharesOutstandingBasic,2016,Q2,YTD,2014-09-28,2015-03-28,2016-04-27,10-Q,5818441000,shares,0001193125-16-559625,
AAPL,Per Share,Basic Shares,WeightedAverageNumberOfSharesOutstandingBasic,2015,Q2,Quarter,2014-12-28,2015-03-28,2015-04-28,10-Q,5793799000,shares,0001193125-15-153166,
AAPL,Per Share,Basic Shares,WeightedAverageNumberOfSharesOutstandingBasic,2016,Q2,Quarter,2014-12-28,2015-03-28,2016-04-27,10-Q,5793799000,shares,0001193125-16-559625,CY2015Q1
AAPL,Per Share,Basic Shares,WeightedAverageNumberOfSharesOutstandingBasic,2016,Q2,YTD,2015-09-27,2016-03-26,2016-04-27,10-Q,5536656000,shares,0001193125-16-559625,
AAPL,Per Share,Basic Shares,WeightedAverageNumberOfSharesOutstandingBasic,2017,Q2,YTD,2015-09-27,2016-03-26,2017-05-03,10-Q,5536656000,shares,0001628280-17-004790,
AAPL,Per Share,Basic Shares,WeightedAverageNumberOfSharesOutstandingBasic,2016,Q2,Quarter,2015-12-27,2016-03-26,2016-04-27,10-Q,5514381000,shares,0001193125-16-559625,
AAPL,Per Share,Basic Shares,WeightedAverageNumberOfSharesOutstandingBasic,2017,Q2,Quarter,2015-12-27,2016-03-26,2017-05-03,10-Q,5514381000,shares,0001628280-17-004790,CY2016Q1
AAPL,Per Share,Basic Shares,WeightedAverageNumberOfSharesOutstandingBasic,2017,Q2,YTD,2016-09-25,2017-04-01,2017-05-03,10-Q,5262226000,shares,0001628280-17-004790,
AAPL,Per Share,Basic Shares,WeightedAverageNumberOfSharesOutstandingBasic,2018,Q2,YTD,2016-09-25,2017-04-01,2018-05-02,10-Q,5262226000,shares,0000320193-18-000070,
AAPL,Per Share,Basic Shares,WeightedAverageNumberOfSharesOutstandingBasic,2017,Q2,Quarter,2017-01-01,2017-04-01,2017-05-03,10-Q,5225791000,shares,0001628280-17-004790,
AAPL,Per Share,Basic Shares,WeightedAverageNumberOfSharesOutstandingBasic,2018,Q2,Quarter,2017-01-01,2017-04-01,2018-05-02,10-Q,5225791000,shares,0000320193-18-000070,CY2017Q1
AAPL,Per Share,Basic Shares,WeightedAverageNumberOfSharesOutstandingBasic,2018,Q2,YTD,2017-10-01,2018-03-31,2018-05-02,10-Q,5068877000,shares,0000320193-18-000070,
AAPL,Per Share,Basic Shares,WeightedAverageNumberOfSharesOutstandingBasic,2019,Q2,YTD,2017-10-01,2018-03-31,2019-05-01,10-Q,5068877000,shares,0000320193-19-000066,
AAPL,Per Share,Basic Shares,WeightedAverageNumberOfSharesOutstandingBasic,2018,Q2,Quarter,2017-12-31,2018-03-31,2018-05-02,10-Q,5024877000,shares,0000320193-18-000070,
AAPL,Per Share,Basic Shares,WeightedAverageNumberOfSharesOutstandingBasic,2019,Q2,Quarter,2017-12-31,2018-03-31,2019-05-01,10-Q,5024877000,shares,0000320193-19-000066,CY2018Q1
AAPL,Per Share,Basic Shares,WeightedAverageNumberOfSharesOutstandingBasic,2019,Q2,YTD,2018-09-30,2019-03-30,2019-05-01,10-Q,4704945000,shares,0000320193-19-000066,
AAPL,Per Share,Basic Shares,WeightedAverageNumberOfSharesOutstandingBasic,2020,Q2,YTD,2018-09-30,2019-03-30,2020-05-01,10-Q,4704945000,shares,0000320193-20-000052,
AAPL,Per Share,Basic Shares,WeightedAverageNumberOfSharesOutstandingBasic,2019,Q2,Quarter,2018-12-30,2019-03-30,2019-05-01,10-Q,4674071000,shares,0000320193-19-000066,
AAPL,Per Share,Basic Shares,WeightedAverageNumberOfSharesOutstandingBasic,2020,Q2,Quarter,2018-12-30,2019-03-30,2020-05-01,10-Q,4674071000,shares,0000320193-20-000052,CY2019Q1
AAPL,Per Share,Basic Shares,WeightedAverageNumberOfSharesOutstandingBasic,2020,Q2,YTD,2019-09-29,2020-03-28,2020-05-01,10-Q,4387570000,shares,0000320193-20-000052,
AAPL,Per Share,Basic Shares,WeightedAverageNumberOfSharesOutstandingBasic,2021,Q2,YTD,2019-09-29,2020-03-28,2021-04-29,10-Q,17550281000,shares,0000320193-21-000056,
AAPL,Per Share,Basic Shares,WeightedAverageNumberOfSharesOutstandingBasic,2020,Q2,Quarter,2019-12-29,2020-03-28,2020-05-01,10-Q,4360101000,shares,0000320193-20-000052,
AAPL,Per Share,Basic Shares,WeightedAverageNumberOfSharesOutstandingBasic,2021,Q2,Quarter,2019-12-29,2020-03-28,2021-04-29,10-Q,17440402000,shares,0000320193-21-000056,CY2020Q1
AAPL,Per Share,Basic Shares,WeightedAverageNumberOfSharesOutstandingBasic,2021,Q2,YTD,2020-09-27,2021-03-27,2021-04-29,10-Q,16844298000,shares,0000320193-21-000056,
AAPL,Per Share,Basic Shares,WeightedAverageNumberOfSharesOutstandingBasic,2022,Q2,YTD,2020-09-27,2021-03-27,2022-04-29,10-Q,16844298000,shares,0000320193-22-000059,
AAPL,Per Share,Basic Shares,WeightedAverageNumberOfSharesOutstandingBasic,2021,Q2,Quarter,2020-12-27,2021-03-27,2021-04-29,10-Q,16753476000,shares,0000320193-21-000056,
AAPL,Per Share,Basic Shares,WeightedAverageNumberOfSharesOutstandingBasic,2022,Q2,Quarter,2020-12-27,2021-03-27,2022-04-29,10-Q,16753476000,shares,0000320193-22-000059,CY2021Q1
AAPL,Per Share,Basic Shares,WeightedAverageNumberOfSharesOutstandingBasic,2022,Q2,YTD,2021-09-26,2022-03-26,2022-04-29,10-Q,16335263000,shares,0000320193-22-000059,
AAPL,Per Share,Basic Shares,WeightedAverageNumberOfSharesOutstandingBasic,2023,Q2,YTD,2021-09-26,2022-03-26,2023-05-05,10-Q,16335263000,shares,0000320193-23-000064,
AAPL,Per Share,Basic Shares,WeightedAverageNumberOfSharesOutstandingBasic,2022,Q2,Quarter,2021-12-26,2022-03-26,2022-04-29,10-Q,16278802000,shares,0000320193-22-000059,
AAPL,Per Share,Basic Shares,WeightedAverageNumberOfSharesOutstandingBasic,2023,Q2,Quarter,2021-12-26,2022-03-26,2023-05-05,10-Q,16278802000,shares,0000320193-23-000064,CY2022Q1
AAPL,Per Share,Basic Shares,WeightedAverageNumberOfSharesOutstandingBasic,2023,Q2,YTD,2022-09-25,2023-04-01,2023-05-05,10-Q,15839939000,shares,0000320193-23-000064,
AAPL,Per Share,Basic Shares,WeightedAverageNumberOfSharesOutstandingBasic,2024,Q2,YTD,2022-09-25,2023-04-01,2024-05-03,10-Q,15839939000,shares,0000320193-24-000069,
AAPL,Per Share,Basic Shares,WeightedAverageNumberOfSharesOutstandingBasic,2023,Q2,Quarter,2023-01-01,2023-04-01,2023-05-05,10-Q,15787154000,shares,0000320193-23-000064,
AAPL,Per Share,Basic Shares,WeightedAverageNumberOfSharesOutstandingBasic,2024,Q2,Quarter,2023-01-01,2023-04-01,2024-05-03,10-Q,15787154000,shares,0000320193-24-000069,CY2023Q1
AAPL,Per Share,Basic Shares,WeightedAverageNumberOfSharesOutstandingBasic,2024,Q2,YTD,2023-10-01,2024-03-30,2024-05-03,10-Q,15457810000,shares,0000320193-24-000069,
AAPL,Per Share,Basic Shares,WeightedAverageNumberOfSharesOutstandingBasic,2025,Q2,YTD,2023-10-01,2024-03-30,2025-05-02,10-Q,15457810000,shares,0000320193-25-000057,
AAPL,Per Share,Basic Shares,WeightedAverageNumberOfSharesOutstandingBasic,2024,Q2,Quarter,2023-12-31,2024-03-30,2024-05-03,10-Q,15405856000,shares,0000320193-24-000069,
AAPL,Per Share,Basic Shares,WeightedAverageNumberOfSharesOutstandingBasic,2025,Q2,Quarter,2023-12-31,2024-03-30,2025-05-02,10-Q,15405856000,shares,0000320193-25-000057,CY2024Q1
AAPL,Per Share,Basic Shares,WeightedAverageNumberOfSharesOutstandingBasic,2025,Q2,YTD,2024-09-29,2025-03-29,2025-05-02,10-Q,15037903000,shares,0000320193-25-000057,
AAPL,Per Share,Basic Shares,WeightedAverageNumberOfSharesOutstandingBasic,2026,Q2,YTD,2024-09-29,2025-03-29,2026-05-01,10-Q,15037903000,shares,0000320193-26-000013,
AAPL,Per Share,Basic Shares,WeightedAverageNumberOfSharesOutstandingBasic,2025,Q2,Quarter,2024-12-29,2025-03-29,2025-05-02,10-Q,14994082000,shares,0000320193-25-000057,
AAPL,Per Share,Basic Shares,WeightedAverageNumberOfSharesOutstandingBasic,2026,Q2,Quarter,2024-12-29,2025-03-29,2026-05-01,10-Q,14994082000,shares,0000320193-26-000013,CY2025Q1
AAPL,Per Share,Basic Shares,WeightedAverageNumberOfSharesOutstandingBasic,2026,Q2,YTD,2025-09-28,2026-03-28,2026-05-01,10-Q,14710718000,shares,0000320193-26-000013,
AAPL,Per Share,Basic Shares,WeightedAverageNumberOfSharesOutstandingBasic,2026,Q2,Quarter,2025-12-28,2026-03-28,2026-05-01,10-Q,14673278000,shares,0000320193-26-000013,CY2026Q1
AAPL,Per Share,Basic Shares,WeightedAverageNumberOfSharesOutstandingBasic,2009,Q3,Annual,2007-09-30,2008-06-28,2009-07-22,10-Q,879753000,shares,0001193125-09-153165,
AAPL,Per Share,Basic Shares,WeightedAverageNumberOfSharesOutstandingBasic,2009,Q3,Quarter,2008-03-30,2008-06-28,2009-07-22,10-Q,883738000,shares,0001193125-09-153165,CY2008Q2
AAPL,Per Share,Basic Shares,WeightedAverageNumberOfSharesOutstandingBasic,2009,Q3,Annual,2008-09-28,2009-06-27,2009-07-22,10-Q,891345000,shares,0001193125-09-153165,
AAPL,Per Share,Basic Shares,WeightedAverageNumberOfSharesOutstandingBasic,2010,Q3,Annual,2008-09-28,2009-06-27,2010-07-21,10-Q,891345000,shares,0001193125-10-162840,
AAPL,Per Share,Basic Shares,WeightedAverageNumberOfSharesOutstandingBasic,2009,Q3,Quarter,2009-03-29,2009-06-27,2009-07-22,10-Q,893712000,shares,0001193125-09-153165,
AAPL,Per Share,Basic Shares,WeightedAverageNumberOfSharesOutstandingBasic,2010,Q3,Quarter,2009-03-29,2009-06-27,2010-07-21,10-Q,893712000,shares,0001193125-10-162840,CY2009Q2
AAPL,Per Share,Basic Shares,WeightedAverageNumberOfSharesOutstandingBasic,2010,Q3,Annual,2009-09-27,2010-06-26,2010-07-21,10-Q,907762000,shares,0001193125-10-162840,
AAPL,Per Share,Basic Shares,WeightedAverageNumberOfSharesOutstandingBasic,2011,Q3,Annual,2009-09-27,2010-06-26,2011-07-20,10-Q,907762000,shares,0001193125-11-192493,
AAPL,Per Share,Basic Shares,WeightedAverageNumberOfSharesOutstandingBasic,2010,Q3,Quarter,2010-03-28,2010-06-26,2010-07-21,10-Q,912197000,shares,0001193125-10-162840,
AAPL,Per Share,Basic Shares,WeightedAverageNumberOfSharesOutstandingBasic,2011,Q3,Quarter,2010-03-28,2010-06-26,2011-07-20,10-Q,912197000,shares,0001193125-11-192493,CY2010Q2
AAPL,Per Share,Basic Shares,WeightedAverageNumberOfSharesOutstandingBasic,2011,Q3,Annual,2010-09-26,2011-06-25,2011-07-20,10-Q,922917000,shares,0001193125-11-192493,
AAPL,Per Share,Basic Shares,WeightedAverageNumberOfSharesOutstandingBasic,2012,Q3,Annual,2010-09-26,2011-06-25,2012-07-25,10-Q,922917000,shares,0001193125-12-314552,
AAPL,Per Share,Basic Shares,WeightedAverageNumberOfSharesOutstandingBasic,2011,Q3,Quarter,2011-03-27,2011-06-25,2011-07-20,10-Q,926108000,shares,0001193125-11-192493,
AAPL,Per Share,Basic Shares,WeightedAverageNumberOfSharesOutstandingBasic,2012,Q3,Quarter,2011-03-27,2011-06-25,2012-07-25,10-Q,926108000,shares,0001193125-12-314552,CY2011Q2
AAPL,Per Share,Basic Shares,WeightedAverageNumberOfSharesOutstandingBasic,2012,Q3,Annual,2011-09-25,2012-06-30,2012-07-25,10-Q,933672000,shares,0001193125-12-314552,
AAPL,Per Share,Basic Shares,WeightedAverageNumberOfSharesOutstandingBasic,2013,Q3,Annual,2011-09-25,2012-06-30,2013-07-24,10-Q,933672000,shares,0001193125-13-300670,
AAPL,Per Share,Basic Shares,WeightedAverageNumberOfSharesOutstandingBasic,2012,Q3,Quarter,2012-04-01,2012-06-30,2012-07-25,10-Q,936596000,shares,0001193125-12-314552,
AAPL,Per Share,Basic Shares,WeightedAverageNumberOfSharesOutstandingBasic,2013,Q3,Quarter,2012-04-01,2012-06-30,2013-07-24,10-Q,936596000,shares,0001193125-13-300670,CY2012Q2
AAPL,Per Share,Basic Shares,WeightedAverageNumberOfSharesOutstandingBasic,2013,Q3,Annual,2012-09-30,2013-06-29,2013-07-24,10-Q,932388000,shares,0001193125-13-300670,
AAPL,Per Share,Basic Shares,WeightedAverageNumberOfSharesOutstandingBasic,2014,Q3,Annual,2012-09-30,2013-06-29,2014-07-23,10-Q,6526714000,shares,0001193125-14-277160,
AAPL,Per Share,Basic Shares,WeightedAverageNumberOfSharesOutstandingBasic,2013,Q3,Quarter,2013-03-31,2013-06-29,2013-07-24,10-Q,918618000,shares,0001193125-13-300670,
AAPL,Per Share,Basic Shares,WeightedAverageNumberOfSharesOutstandingBasic,2014,Q3,Quarter,2013-03-31,2013-06-29,2014-07-23,10-Q,6430323000,shares,0001193125-14-277160,CY2013Q2
AAPL,Per Share,Basic Shares,WeightedAverageNumberOfSharesOutstandingBasic,2014,Q3,Annual,2013-09-29,2014-06-28,2014-07-23,10-Q,6136147000,shares,0001193125-14-277160,
AAPL,Per Share,Basic Shares,WeightedAverageNumberOfSharesOutstandingBasic,2015,Q3,Annual,2013-09-29,2014-06-28,2015-07-22,10-Q,6136147000,shares,0001193125-15-259935,
AAPL,Per Share,Basic Shares,WeightedAverageNumberOfSharesOutstandingBasic,2014,Q3,Quarter,2014-03-30,2014-06-28,2014-07-23,10-Q,6012635000,shares,0001193125-14-277160,
AAPL,Per Share,Basic Shares,WeightedAverageNumberOfSharesOutstandingBasic,2015,Q3,Quarter,2014-03-30,2014-06-28,2015-07-22,10-Q,6012635000,shares,0001193125-15-259935,CY2014Q2
AAPL,Per Share,Basic Shares,WeightedAverageNumberOfSharesOutstandingBasic,2015,Q3,Annual,2014-09-28,2015-06-27,2015-07-22,10-Q,5788922000,shares,0001193125-15-259935,
AAPL,Per Share,Basic Shares,WeightedAverageNumberOfSharesOutstandingBasic,2016,Q3,Annual,2014-09-28,2015-06-27,2016-07-27,10-Q,5788922000,shares,0001628280-16-017809,
AAPL,Per Share,Basic Shares,WeightedAverageNumberOfSharesOutstandingBasic,2015,Q3,Quarter,2015-03-29,2015-06-27,2015-07-22,10-Q,5729886000,shares,0001193125-15-259935,
AAPL,Per Share,Basic Shares,WeightedAverageNumberOfSharesOutstandingBasic,2016,Q3,Quarter,2015-03-29,2015-06-27,2016-07-27,10-Q,5729886000,shares,0001628280-16-017809,CY2015Q2
AAPL,Per Share,Basic Shares,WeightedAverageNumberOfSharesOutstandingBasic,2016,Q3,Annual,2015-09-27,2016-06-25,2016-07-27,10-Q,5505456000,shares,0001628280-16-017809,
AAPL,Per Share,Basic Shares,WeightedAverageNumberOfSharesOutstandingBasic,2017,Q3,Annual,2015-09-27,2016-06-25,2017-08-02,10-Q,5505456000,shares,0000320193-17-000009,
AAPL,Per Share,Basic Shares,WeightedAverageNumberOfSharesOutstandingBasic,2016,Q3,Quarter,2016-03-27,2016-06-25,2016-07-27,10-Q,5443058000,shares,0001628280-16-017809,
AAPL,Per Share,Basic Shares,WeightedAverageNumberOfSharesOutstandingBasic,2017,Q3,Quarter,2016-03-27,2016-06-25,2017-08-02,10-Q,5443058000,shares,0000320193-17-000009,CY2016Q2
AAPL,Per Share,Basic Shares,WeightedAverageNumberOfSharesOutstandingBasic,2017,Q3,Annual,2016-09-25,2017-07-01,2017-08-02,10-Q,5239847000,shares,0000320193-17-000009,
AAPL,Per Share,Basic Shares,WeightedAverageNumberOfSharesOutstandingBasic,2018,Q3,Annual,2016-09-25,2017-07-01,2018-08-01,10-Q,5239847000,shares,0000320193-18-000100,
AAPL,Per Share,Basic Shares,WeightedAverageNumberOfSharesOutstandingBasic,2017,Q3,Quarter,2017-04-02,2017-07-01,2017-08-02,10-Q,5195088000,shares,0000320193-17-000009,
AAPL,Per Share,Basic Shares,WeightedAverageNumberOfSharesOutstandingBasic,2018,Q3,Quarter,2017-04-02,2017-07-01,2018-08-01,10-Q,5195088000,shares,0000320193-18-000100,CY2017Q2
AAPL,Per Share,Basic Shares,WeightedAverageNumberOfSharesOutstandingBasic,2018,Q3,Annual,2017-10-01,2018-06-30,2018-08-01,10-Q,5006640000,shares,0000320193-18-000100,
AAPL,Per Share,Basic Shares,WeightedAverageNumberOfSharesOutstandingBasic,2019,Q3,Annual,2017-10-01,2018-06-30,2019-07-31,10-Q,5006640000,shares,0000320193-19-000076,
AAPL,Per Share,Basic Shares,WeightedAverageNumberOfSharesOutstandingBasic,2018,Q3,Quarter,2018-04-01,2018-06-30,2018-08-01,10-Q,4882167000,shares,0000320193-18-000100,
AAPL,Per Share,Basic Shares,WeightedAverageNumberOfSharesOutstandingBasic,2019,Q3,Quarter,2018-04-01,2018-06-30,2019-07-31,10-Q,4882167000,shares,0000320193-19-000076,CY2018Q2
AAPL,Per Share,Basic Shares,WeightedAverageNumberOfSharesOutstandingBasic,2019,Q3,Annual,2018-09-30,2019-06-29,2019-07-31,10-Q,4660175000,shares,0000320193-19-000076,
AAPL,Per Share,Basic Shares,WeightedAverageNumberOfSharesOutstandingBasic,2020,Q3,Annual,2018-09-30,2019-06-29,2020-07-31,10-Q,4660175000,shares,0000320193-20-000062,
AAPL,Per Share,Basic Shares,WeightedAverageNumberOfSharesOutstandingBasic,2019,Q3,Quarter,2019-03-31,2019-06-29,2019-07-31,10-Q,4570633000,shares,0000320193-19-000076,
AAPL,Per Share,Basic Shares,WeightedAverageNumberOfSharesOutstandingBasic,2020,Q3,Quarter,2019-03-31,2019-06-29,2020-07-31,10-Q,4570633000,shares,0000320193-20-000062,CY2019Q2
AAPL,Per Share,Basic Shares,WeightedAverageNumberOfSharesOutstandingBasic,2020,Q3,Annual,2019-09-29,2020-06-27,2020-07-31,10-Q,4362571000,shares,0000320193-20-000062,
AAPL,Per Share,Basic Shares,WeightedAverageNumberOfSharesOutstandingBasic,2021,Q3,Annual,2019-09-29,2020-06-27,2021-07-28,10-Q,17450284000,shares,0000320193-21-000065,
AAPL,Per Share,Basic Shares,WeightedAverageNumberOfSharesOutstandingBasic,2020,Q3,Quarter,2020-03-29,2020-06-27,2020-07-31,10-Q,4312573000,shares,0000320193-20-000062,
AAPL,Per Share,Basic Shares,WeightedAverageNumberOfSharesOutstandingBasic,2021,Q3,Quarter,2020-03-29,2020-06-27,2021-07-28,10-Q,17250291000,shares,0000320193-21-000065,CY2020Q2
AAPL,Per Share,Basic Shares,WeightedAverageNumberOfSharesOutstandingBasic,2021,Q3,Annual,2020-09-27,2021-06-26,2021-07-28,10-Q,16772656000,shares,0000320193-21-000065,
AAPL,Per Share,Basic Shares,WeightedAverageNumberOfSharesOutstandingBasic,2022,Q3,Annual,2020-09-27,2021-06-26,2022-07-29,10-Q,16772656000,shares,0000320193-22-000070,
AAPL,Per Share,Basic Shares,WeightedAverageNumberOfSharesOutstandingBasic,2021,Q3,Quarter,2021-03-28,2021-06-26,2021-07-28,10-Q,16629371000,shares,0000320193-21-000065,
AAPL,Per Share,Basic Shares,WeightedAverageNumberOfSharesOutstandingBasic,2022,Q3,Quarter,2021-03-28,2021-06-26,2022-07-29,10-Q,16629371000,shares,0000320193-22-000070,CY2021Q2
AAPL,Per Share,Basic Shares,WeightedAverageNumberOfSharesOutstandingBasic,2022,Q3,Annual,2021-09-26,2022-06-25,2022-07-29,10-Q,16277824000,shares,0000320193-22-000070,
AAPL,Per Share,Basic Shares,WeightedAverageNumberOfSharesOutstandingBasic,2023,Q3,Annual,2021-09-26,2022-06-25,2023-08-04,10-Q,16277824000,shares,0000320193-23-000077,
AAPL,Per Share,Basic Shares,WeightedAverageNumberOfSharesOutstandingBasic,2022,Q3,Quarter,2022-03-27,2022-06-25,2022-07-29,10-Q,16162945000,shares,0000320193-22-000070,
AAPL,Per Share,Basic Shares,WeightedAverageNumberOfSharesOutstandingBasic,2023,Q3,Quarter,2022-03-27,2022-06-25,2023-08-04,10-Q,16162945000,shares,0000320193-23-000077,CY2022Q2
AAPL,Per Share,Basic Shares,WeightedAverageNumberOfSharesOutstandingBasic,2023,Q3,Annual,2022-09-25,2023-07-01,2023-08-04,10-Q,15792497000,shares,0000320193-23-000077,
AAPL,Per Share,Basic Shares,WeightedAverageNumberOfSharesOutstandingBasic,2024,Q3,Annual,2022-09-25,2023-07-01,2024-08-02,10-Q,15792497000,shares,0000320193-24-000081,
AAPL,Per Share,Basic Shares,WeightedAverageNumberOfSharesOutstandingBasic,2023,Q3,Quarter,2023-04-02,2023-07-01,2023-08-04,10-Q,15697614000,shares,0000320193-23-000077,
AAPL,Per Share,Basic Shares,WeightedAverageNumberOfSharesOutstandingBasic,2024,Q3,Quarter,2023-04-02,2023-07-01,2024-08-02,10-Q,15697614000,shares,0000320193-24-000081,CY2023Q2
AAPL,Per Share,Basic Shares,WeightedAverageNumberOfSharesOutstandingBasic,2024,Q3,Annual,2023-10-01,2024-06-29,2024-08-02,10-Q,15401047000,shares,0000320193-24-000081,
AAPL,Per Share,Basic Shares,WeightedAverageNumberOfSharesOutstandingBasic,2025,Q3,Annual,2023-10-01,2024-06-29,2025-08-01,10-Q,15401047000,shares,0000320193-25-000073,
AAPL,Per Share,Basic Shares,WeightedAverageNumberOfSharesOutstandingBasic,2024,Q3,Quarter,2024-03-31,2024-06-29,2024-08-02,10-Q,15287521000,shares,0000320193-24-000081,
AAPL,Per Share,Basic Shares,WeightedAverageNumberOfSharesOutstandingBasic,2025,Q3,Quarter,2024-03-31,2024-06-29,2025-08-01,10-Q,15287521000,shares,0000320193-25-000073,CY2024Q2
AAPL,Per Share,Basic Shares,WeightedAverageNumberOfSharesOutstandingBasic,2025,Q3,Annual,2024-09-29,2025-06-28,2025-08-01,10-Q,14992898000,shares,0000320193-25-000073,
AAPL,Per Share,Basic Shares,WeightedAverageNumberOfSharesOutstandingBasic,2026,Q3,Annual,2024-09-29,2025-06-28,2026-07-31,10-Q,14992898000,shares,0000320193-26-000020,
AAPL,Per Share,Basic Shares,WeightedAverageNumberOfSharesOutstandingBasic,2025,Q3,Quarter,2025-03-30,2025-06-28,2025-08-01,10-Q,14902886000,shares,0000320193-25-000073,
AAPL,Per Share,Basic Shares,WeightedAverageNumberOfSharesOutstandingBasic,2026,Q3,Quarter,2025-03-30,2025-06-28,2026-07-31,10-Q,14902886000,shares,0000320193-26-000020,CY2025Q2
AAPL,Per Share,Basic Shares,WeightedAverageNumberOfSharesOutstandingBasic,2026,Q3,Annual,2025-09-28,2026-06-27,2026-07-31,10-Q,14692515000,shares,0000320193-26-000020,
AAPL,Per Share,Basic Shares,WeightedAverageNumberOfSharesOutstandingBasic,2026,Q3,Quarter,2026-03-29,2026-06-27,2026-07-31,10-Q,14656110000,shares,0000320193-26-000020,CY2026Q2
AAPL,Per Share,Diluted EPS,EarningsPerShareDiluted,2009,FY,Annual,2006-10-01,2007-09-29,2009-10-27,10-K,3.93,USD/shares,0001193125-09-214859,
AAPL,Per Share,Diluted EPS,EarningsPerShareDiluted,2009,FY,Annual,2007-09-30,2008-09-27,2009-10-27,10-K,5.36,USD/shares,0001193125-09-214859,
AAPL,Per Share,Diluted EPS,EarningsPerShareDiluted,2010,FY,Annual,2007-09-30,2008-09-27,2010-10-27,10-K,6.78,USD/shares,0001193125-10-238044,CY2008
AAPL,Per Share,Diluted EPS,EarningsPerShareDiluted,2010,FY,Quarter,2008-09-28,2008-12-27,2010-10-27,10-K,2.5,USD/shares,0001193125-10-238044,CY2008Q4
AAPL,Per Share,Diluted EPS,EarningsPerShareDiluted,2010,FY,Quarter,2008-12-28,2009-03-28,2010-10-27,10-K,1.79,USD/shares,0001193125-10-238044,CY2009Q1
AAPL,Per Share,Diluted EPS,EarningsPerShareDiluted,2010,FY,Quarter,2009-03-29,2009-06-27,2010-10-27,10-K,2.01,USD/shares,0001193125-10-238044,CY2009Q2
AAPL,Per Share,Diluted EPS,EarningsPerShareDiluted,2009,FY,Annual,2008-09-28,2009-09-26,2009-10-27,10-K,6.29,USD/shares,0001193125-09-214859,
AAPL,Per Share,Diluted EPS,EarningsPerShareDiluted,2010,FY,Annual,2008-09-28,2009-09-26,2010-10-27,10-K,9.08,USD/shares,0001193125-10-238044,
AAPL,Per Share,Diluted EPS,EarningsPerShareDiluted,2011,FY,Annual,2008-09-28,2009-09-26,2011-10-26,10-K,9.08,USD/shares,0001193125-11-282113,CY2009
AAPL,Per Share,Diluted EPS,EarningsPerShareDiluted,2010,FY,Quarter,2009-06-28,2009-09-26,2010-10-27,10-K,2.77,USD/shares,0001193125-10-238044,CY2009Q3
AAPL,Per Share,Diluted EPS,EarningsPerShareDiluted,2010,FY,Quarter,2009-09-27,2009-12-26,2010-10-27,10-K,3.67,USD/shares,0001193125-10-238044,
AAPL,Per Share,Diluted EPS,EarningsPerShareDiluted,2011,FY,Quarter,2009-09-27,2009-12-26,2011-10-26,10-K,3.67,USD/shares,0001193125-11-282113,CY2009Q4
AAPL,Per Share,Diluted EPS,EarningsPerShareDiluted,2010,FY,Quarter,2009-12-27,2010-03-27,2010-10-27,10-K,3.33,USD/shares,0001193125-10-238044,
AAPL,Per Share,Diluted EPS,EarningsPerShareDiluted,2011,FY,Quarter,2009-12-27,2010-03-27,2011-10-26,10-K,3.33,USD/shares,0001193125-11-282113,CY2010Q1
AAPL,Per Share,Diluted EPS,EarningsPerShareDiluted,2010,FY,Quarter,2010-03-28,2010-06-26,2010-10-27,10-K,3.51,USD/shares,0001193125-10-238044,
AAPL,Per Share,Diluted EPS,EarningsPerShareDiluted,2011,FY,Quarter,2010-03-28,2010-06-26,2011-10-26,10-K,3.51,USD/shares,0001193125-11-282113,CY2010Q2
AAPL,Per Share,Diluted EPS,EarningsPerShareDiluted,2010,FY,Annual,2009-09-27,2010-09-25,2010-10-27,10-K,15.15,USD/shares,0001193125-10-238044,
AAPL,Per Share,Diluted EPS,EarningsPerShareDiluted,2011,FY,Annual,2009-09-27,2010-09-25,2011-10-26,10-K,15.15,USD/shares,0001193125-11-282113,
AAPL,Per Share,Diluted EPS,EarningsPerShareDiluted,2012,FY,Annual,2009-09-27,2010-09-25,2012-10-31,10-K,15.15,USD/shares,0001193125-12-444068,
AAPL,Per Share,Diluted EPS,EarningsPerShareDiluted,2010,FY,Quarter,2010-06-27,2010-09-25,2010-10-27,10-K,4.64,USD/shares,0001193125-10-238044,
AAPL,Per Share,Diluted EPS,EarningsPerShareDiluted,2011,FY,Quarter,2010-06-27,2010-09-25,2011-10-26,10-K,4.64,USD/shares,0001193125-11-282113,CY2010Q3
AAPL,Per Share,Diluted EPS,EarningsPerShareDiluted,2011,FY,Quarter,2010-09-26,2010-12-25,2011-10-26,10-K,6.43,USD/shares,0001193125-11-282113,
AAPL,Per Share,Diluted EPS,EarningsPerShareDiluted,2012,FY,Quarter,2010-09-26,2010-12-25,2012-10-31,10-K,6.43,USD/shares,0001193125-12-444068,
AAPL,Per Share,Diluted EPS,EarningsPerShareDiluted,2011,FY,Quarter,2010-12-26,2011-03-26,2011-10-26,10-K,6.4,USD/shares,0001193125-11-282113,
AAPL,Per Share,Diluted EPS,EarningsPerShareDiluted,2012,FY,Quarter,2010-12-26,2011-03-26,2012-10-31,10-K,6.4,USD/shares,0001193125-12-444068,
AAPL,Per Share,Diluted EPS,EarningsPerShareDiluted,2011,FY,Quarter,2011-03-27,2011-06-25,2011-10-26,10-K,7.79,USD/shares,0001193125-11-282113,
AAPL,Per Share,Diluted EPS,EarningsPerShareDiluted,2012,FY,Quarter,2011-03-27,2011-06-25,2012-10-31,10-K,7.79,USD/shares,0001193125-12-444068,
AAPL,Per Share,Diluted EPS,EarningsPerShareDiluted,2011,FY,Annual,2010-09-26,2011-09-24,2011-10-26,10-K,27.68,USD/shares,0001193125-11-282113,
AAPL,Per Share,Diluted EPS,EarningsPerShareDiluted,2012,FY,Annual,2010-09-26,2011-09-24,2012-10-31,10-K,27.68,USD/shares,0001193125-12-444068,
AAPL,Per Share,Diluted EPS,EarningsPerShareDiluted,2013,FY,Annual,2010-09-26,2011-09-24,2013-10-30,10-K,27.68,USD/shares,0001193125-13-416534,CY2011
AAPL,Per Share,Diluted EPS,EarningsPerShareDiluted,2011,FY,Quarter,2011-06-26,2011-09-24,2011-10-26,10-K,7.05,USD/shares,0001193125-11-282113,
AAPL,Per Share,Diluted EPS,EarningsPerShareDiluted,2012,FY,Quarter,2011-06-26,2011-09-24,2012-10-31,10-K,7.05,USD/shares,0001193125-12-444068,
AAPL,Per Share,Diluted EPS,EarningsPerShareDiluted,2012,FY,Quarter,2011-09-25,2011-12-31,2012-10-31,10-K,13.87,USD/shares,0001193125-12-444068,
AAPL,Per Share,Diluted EPS,EarningsPerShareDiluted,2013,FY,Quarter,2011-09-25,2011-12-31,2013-10-30,10-K,13.87,USD/shares,0001193125-13-416534,CY2011Q4
AAPL,Per Share,Diluted EPS,EarningsPerShareDiluted,2012,FY,Quarter,2012-01-01,2012-03-31,2012-10-31,10-K,12.3,USD/shares,0001193125-12-444068,
AAPL,Per Share,Diluted EPS,EarningsPerShareDiluted,2013,FY,Quarter,2012-01-01,2012-03-31,2013-10-30,10-K,12.3,USD/shares,0001193125-13-416534,CY2012Q1
AAPL,Per Share,Diluted EPS,EarningsPerShareDiluted,2012,FY,Quarter,2012-04-01,2012-06-30,2012-10-31,10-K,9.32,USD/shares,0001193125-12-444068,
AAPL,Per Share,Diluted EPS,EarningsPerShareDiluted,2013,FY,Quarter,2012-04-01,2012-06-30,2013-10-30,10-K,9.32,USD/shares,0001193125-13-416534,CY2012Q2
AAPL,Per Share,Diluted EPS,EarningsPerShareDiluted,2012,FY,Annual,2011-09-25,2012-09-29,2012-10-31,10-K,44.15,USD/shares,0001193125-12-444068,
AAPL,Per Share,Diluted EPS,EarningsPerShareDiluted,2013,FY,Annual,2011-09-25,2012-09-29,2013-10-30,10-K,44.15,USD/shares,0001193125-13-416534,
AAPL,Per Share,Diluted EPS,EarningsPerShareDiluted,2014,FY,Annual,2011-09-25,2012-09-29,2014-10-27,10-K,6.31,USD/shares,0001193125-14-383437,
AAPL,Per Share,Diluted EPS,EarningsPerShareDiluted,2012,FY,Quarter,2012-07-01,2012-09-29,2012-10-31,10-K,8.67,USD/shares,0001193125-12-444068,
AAPL,Per Share,Diluted EPS,EarningsPerShareDiluted,2013,FY,Quarter,2012-07-01,2012-09-29,2013-10-30,10-K,8.67,USD/shares,0001193125-13-416534,CY2012Q3
AAPL,Per Share,Diluted EPS,EarningsPerShareDiluted,2013,FY,Quarter,2012-09-30,2012-12-29,2013-10-30,10-K,13.81,USD/shares,0001193125-13-416534,
AAPL,Per Share,Diluted EPS,EarningsPerShareDiluted,2014,FY,Quarter,2012-09-30,2012-12-29,2014-10-27,10-K,1.97,USD/shares,0001193125-14-383437,
AAPL,Per Share,Diluted EPS,EarningsPerShareDiluted,2013,FY,Quarter,2012-12-30,2013-03-30,2013-10-30,10-K,10.09,USD/shares,0001193125-13-416534,
AAPL,Per Share,Diluted EPS,EarningsPerShareDiluted,2014,FY,Quarter,2012-12-30,2013-03-30,2014-10-27,10-K,1.44,USD/shares,0001193125-14-383437,
AAPL,Per Share,Diluted EPS,EarningsPerShareDiluted,2013,FY,Quarter,2013-03-31,2013-06-29,2013-10-30,10-K,7.47,USD/shares,0001193125-13-416534,
AAPL,Per Share,Diluted EPS,EarningsPerShareDiluted,2014,FY,Quarter,2013-03-31,2013-06-29,2014-10-27,10-K,1.07,USD/shares,0001193125-14-383437,
AAPL,Per Share,Diluted EPS,EarningsPerShareDiluted,2013,FY,Annual,2012-09-30,2013-09-28,2013-10-30,10-K,39.75,USD/shares,0001193125-13-416534,
AAPL,Per Share,Diluted EPS,EarningsPerShareDiluted,2014,FY,Annual,2012-09-30,2013-09-28,2014-10-27,10-K,5.68,USD/shares,0001193125-14-383437,
AAPL,Per Share,Diluted EPS,EarningsPerShareDiluted,2015,FY,Annual,2012-09-30,2013-09-28,2015-10-28,10-K,5.68,USD/shares,0001193125-15-356351,CY2013
AAPL,Per Share,Diluted EPS,EarningsPerShareDiluted,2013,FY,Quarter,2013-06-30,2013-09-28,2013-10-30,10-K,8.26,USD/shares,0001193125-13-416534,
AAPL,Per Share,Diluted EPS,EarningsPerShareDiluted,2014,FY,Quarter,2013-06-30,2013-09-28,2014-10-27,10-K,1.18,USD/shares,0001193125-14-383437,
AAPL,Per Share,Diluted EPS,EarningsPerShareDiluted,2014,FY,Quarter,2013-09-29,2013-12-28,2014-10-27,10-K,2.07,USD/shares,0001193125-14-383437,
AAPL,Per Share,Diluted EPS,EarningsPerShareDiluted,2015,FY,Quarter,2013-09-29,2013-12-28,2015-10-28,10-K,2.07,USD/shares,0001193125-15-356351,CY2013Q4
AAPL,Per Share,Diluted EPS,EarningsPerShareDiluted,2014,FY,Quarter,2013-12-29,2014-03-29,2014-10-27,10-K,1.66,USD/shares,0001193125-14-383437,
AAPL,Per Share,Diluted EPS,EarningsPerShareDiluted,2015,FY,Quarter,2013-12-29,2014-03-29,2015-10-28,10-K,1.66,USD/shares,0001193125-15-356351,CY2014Q1
AAPL,Per Share,Diluted EPS,EarningsPerShareDiluted,2014,FY,Quarter,2014-03-30,2014-06-28,2014-10-27,10-K,1.28,USD/shares,0001193125-14-383437,
AAPL,Per Share,Diluted EPS,EarningsPerShareDiluted,2015,FY,Quarter,2014-03-30,2014-06-28,2015-10-28,10-K,1.28,USD/shares,0001193125-15-356351,CY2014Q2
AAPL,Per Share,Diluted EPS,EarningsPerShareDiluted,2014,FY,Annual,2013-09-29,2014-09-27,2014-10-27,10-K,6.45,USD/shares,0001193125-14-383437,
AAPL,Per Share,Diluted EPS,EarningsPerShareDiluted,2015,FY,Annual,2013-09-29,2014-09-27,2015-10-28,10-K,6.45,USD/shares,0001193125-15-356351,
AAPL,Per Share,Diluted EPS,EarningsPerShareDiluted,2016,FY,Annual,2013-09-29,2014-09-27,2016-10-26,10-K,6.45,USD/shares,0001628280-16-020309,CY2014
AAPL,Per Share,Diluted EPS,EarningsPerShareDiluted,2014,FY,Quarter,2014-06-29,2014-09-27,2014-10-27,10-K,1.42,USD/shares,0001193125-14-383437,
AAPL,Per Share,Diluted EPS,EarningsPerShareDiluted,2015,FY,Quarter,2014-06-29,2014-09-27,2015-10-28,10-K,1.42,USD/shares,0001193125-15-356351,CY2014Q3
AAPL,Per Share,Diluted EPS,EarningsPerShareDiluted,2015,FY,Quarter,2014-09-28,2014-12-27,2015-10-28,10-K,3.06,USD/shares,0001193125-15-356351,
AAPL,Per Share,Diluted EPS,EarningsPerShareDiluted,2016,FY,Quarter,2014-09-28,2014-12-27,2016-10-26,10-K,3.06,USD/shares,0001628280-16-020309,CY2014Q4
AAPL,Per Share,Diluted EPS,EarningsPerShareDiluted,2015,FY,Quarter,2014-12-28,2015-03-28,2015-10-28,10-K,2.33,USD/shares,0001193125-15-356351,
AAPL,Per Share,Diluted EPS,EarningsPerShareDiluted,2016,FY,Quarter,2014-12-28,2015-03-28,2016-10-26,10-K,2.33,USD/shares,0001628280-16-020309,CY2015Q1
AAPL,Per Share,Diluted EPS,EarningsPerShareDiluted,2015,FY,Quarter,2015-03-29,2015-06-27,2015-10-28,10-K,1.85,USD/shares,0001193125-15-356351,
AAPL,Per Share,Diluted EPS,EarningsPerShareDiluted,2016,FY,Quarter,2015-03-29,2015-06-27,2016-10-26,10-K,1.85,USD/shares,0001628280-16-020309,CY2015Q2
AAPL,Per Share,Diluted EPS,EarningsPerShareDiluted,2015,FY,Annual,2014-09-28,2015-09-26,2015-10-28,10-K,9.22,USD/shares,0001193125-15-356351,
AAPL,Per Share,Diluted EPS,EarningsPerShareDiluted,2016,FY,Annual,2014-09-28,2015-09-26,2016-10-26,10-K,9.22,USD/shares,0001628280-16-020309,
AAPL,Per Share,Diluted EPS,EarningsPerShareDiluted,2017,FY,Annual,2014-09-28,2015-09-26,2017-11-03,10-K,9.22,USD/shares,0000320193-17-000070,CY2015
AAPL,Per Share,Diluted EPS,EarningsPerShareDiluted,2015,FY,Quarter,2015-06-28,2015-09-26,2015-10-28,10-K,1.96,USD/shares,0001193125-15-356351,
AAPL,Per Share,Diluted EPS,EarningsPerShareDiluted,2016,FY,Quarter,2015-06-28,2015-09-26,2016-10-26,10-K,1.96,USD/shares,0001628280-16-020309,CY2015Q3
AAPL,Per Share,Diluted EPS,EarningsPerShareDiluted,2016,FY,Quarter,2015-09-27,2015-12-26,2016-10-26,10-K,3.28,USD/shares,0001628280-16-020309,
AAPL,Per Share,Diluted EPS,EarningsPerShareDiluted,2017,FY,Quarter,2015-09-27,2015-12-26,2017-11-03,10-K,3.28,USD/shares,0000320193-17-000070,CY2015Q4
AAPL,Per Share,Diluted EPS,EarningsPerShareDiluted,2016,FY,Quarter,2015-12-27,2016-03-26,2016-10-26,10-K,1.9,USD/shares,0001628280-16-020309,
AAPL,Per Share,Diluted EPS,EarningsPerShareDiluted,2017,FY,Quarter,2015-12-27,2016-03-26,2017-11-03,10-K,1.9,USD/shares,0000320193-17-000070,CY2016Q1
AAPL,Per Share,Diluted EPS,EarningsPerShareDiluted,2016,FY,Quarter,2016-03-27,2016-06-25,2016-10-26,10-K,1.42,USD/shares,0001628280-16-020309,
AAPL,Per Share,Diluted EPS,EarningsPerShareDiluted,2017,FY,Quarter,2016-03-27,2016-06-25,2017-11-03,10-K,1.42,USD/shares,0000320193-17-000070,CY2016Q2
AAPL,Per Share,Diluted EPS,EarningsPerShareDiluted,2016,FY,Annual,2015-09-27,2016-09-24,2016-10-26,10-K,8.31,USD/shares,0001628280-16-020309,
AAPL,Per Share,Diluted EPS,EarningsPerShareDiluted,2017,FY,Annual,2015-09-27,2016-09-24,2017-11-03,10-K,8.31,USD/shares,0000320193-17-000070,
AAPL,Per Share,Diluted EPS,EarningsPerShareDiluted,2018,FY,Annual,2015-09-27,2016-09-24,2018-11-05,10-K,8.31,USD/shares,0000320193-18-000145,CY2016
AAPL,Per Share,Diluted EPS,EarningsPerShareDiluted,2016,FY,Quarter,2016-06-26,2016-09-24,2016-10-26,10-K,1.67,USD/shares,0001628280-16-020309,
AAPL,Per Share,Diluted EPS,EarningsPerShareDiluted,2017,FY,Quarter,2016-06-26,2016-09-24,2017-11-03,10-K,1.67,USD/shares,0000320193-17-000070,CY2016Q3
AAPL,Per Share,Diluted EPS,EarningsPerShareDiluted,2017,FY,Quarter,2016-09-25,2016-12-31,2017-11-03,10-K,3.36,USD/shares,0000320193-17-000070,
AAPL,Per Share,Diluted EPS,EarningsPerShareDiluted,2018,FY,Quarter,2016-09-25,2016-12-31,2018-11-05,10-K,3.36,USD/shares,0000320193-18-000145,CY2016Q4
AAPL,Per Share,Diluted EPS,EarningsPerShareDiluted,2017,FY,Quarter,2017-01-01,2017-04-01,2017-11-03,10-K,2.1,USD/shares,0000320193-17-000070,
AAPL,Per Share,Diluted EPS,EarningsPerShareDiluted,2018,FY,Quarter,2017-01-01,2017-04-01,2018-11-05,10-K,2.1,USD/shares,0000320193-18-000145,CY2017Q1
AAPL,Per Share,Diluted EPS,EarningsPerShareDiluted,2017,FY,Quarter,2017-04-02,2017-07-01,2017-11-03,10-K,1.67,USD/shares,0000320193-17-000070,
AAPL,Per Share,Diluted EPS,EarningsPerShareDiluted,2018,FY,Quarter,2017-04-02,2017-07-01,2018-11-05,10-K,1.67,USD/shares,0000320193-18-000145,CY2017Q2
AAPL,Per Share,Diluted EPS,EarningsPerShareDiluted,2017,FY,Annual,2016-09-25,2017-09-30,2017-11-03,10-K,9.21,USD/shares,0000320193-17-000070,
AAPL,Per Share,Diluted EPS,EarningsPerShareDiluted,2018,FY,Annual,2016-09-25,2017-09-30,2018-11-05,10-K,9.21,USD/shares,0000320193-18-000145,
AAPL,Per Share,Diluted EPS,EarningsPerShareDiluted,2019,FY,Annual,2016-09-25,2017-09-30,2019-10-31,10-K,9.21,USD/shares,0000320193-19-000119,CY2017
AAPL,Per Share,Diluted EPS,EarningsPerShareDiluted,2017,FY,Quarter,2017-07-02,2017-09-30,2017-11-03,10-K,2.07,USD/shares,0000320193-17-000070,
AAPL,Per Share,Diluted EPS,EarningsPerShareDiluted,2018,FY,Quarter,2017-07-02,2017-09-30,2018-11-05,10-K,2.07,USD/shares,0000320193-18-000145,CY2017Q3
AAPL,Per Share,Diluted EPS,EarningsPerShareDiluted,2018,FY,Quarter,2017-10-01,2017-12-30,2018-11-05,10-K,3.89,USD/shares,0000320193-18-000145,
AAPL,Per Share,Diluted EPS,EarningsPerShareDiluted,2019,FY,Quarter,2017-10-01,2017-12-30,2019-10-31,10-K,3.89,USD/shares,0000320193-19-000119,CY2017Q4
AAPL,Per Share,Diluted EPS,EarningsPerShareDiluted,2018,FY,Quarter,2017-12-31,2018-03-31,2018-11-05,10-K,2.73,USD/shares,0000320193-18-000145,
AAPL,Per Share,Diluted EPS,EarningsPerShareDiluted,2019,FY,Quarter,2017-12-31,2018-03-31,2019-10-31,10-K,2.73,USD/shares,0000320193-19-000119,CY2018Q1
AAPL,Per Share,Diluted EPS,EarningsPerShareDiluted,2018,FY,Quarter,2018-04-01,2018-06-30,2018-11-05,10-K,2.34,USD/shares,0000320193-18-000145,
AAPL,Per Share,Diluted EPS,EarningsPerShareDiluted,2019,FY,Quarter,2018-04-01,2018-06-30,2019-10-31,10-K,2.34,USD/shares,0000320193-19-000119,CY2018Q2
AAPL,Per Share,Diluted EPS,EarningsPerShareDiluted,2018,FY,Annual,2017-10-01,2018-09-29,2018-11-05,10-K,11.91,USD/shares,0000320193-18-000145,
AAPL,Per Share,Diluted EPS,EarningsPerShareDiluted,2019,FY,Annual,2017-10-01,2018-09-29,2019-10-31,10-K,11.91,USD/shares,0000320193-19-000119,
AAPL,Per Share,Diluted EPS,EarningsPerShareDiluted,2020,FY,Annual,2017-10-01,2018-09-29,2020-10-30,10-K,2.98,USD/shares,0000320193-20-000096,CY2018
AAPL,Per Share,Diluted EPS,EarningsPerShareDiluted,2018,FY,Quarter,2018-07-01,2018-09-29,2018-11-05,10-K,2.91,USD/shares,0000320193-18-000145,
AAPL,Per Share,Diluted EPS,EarningsPerShareDiluted,2019,FY,Quarter,2018-07-01,2018-09-29,2019-10-31,10-K,2.91,USD/shares,0000320193-19-000119,CY2018Q3
AAPL,Per Share,Diluted EPS,EarningsPerShareDiluted,2019,FY,Quarter,2018-09-30,2018-12-29,2019-10-31,10-K,4.18,USD/shares,0000320193-19-000119,
AAPL,Per Share,Diluted EPS,EarningsPerShareDiluted,2020,FY,Quarter,2018-09-30,2018-12-29,2020-10-30,10-K,1.05,USD/shares,0000320193-20-000096,CY2018Q4
AAPL,Per Share,Diluted EPS,EarningsPerShareDiluted,2019,FY,Quarter,2018-12-30,2019-03-30,2019-10-31,10-K,2.46,USD/shares,0000320193-19-000119,
AAPL,Per Share,Diluted EPS,EarningsPerShareDiluted,2020,FY,Quarter,2018-12-30,2019-03-30,2020-10-30,10-K,0.61,USD/shares,0000320193-20-000096,CY2019Q1
AAPL,Per Share,Diluted EPS,EarningsPerShareDiluted,2019,FY,Quarter,2019-03-31,2019-06-29,2019-10-31,10-K,2.18,USD/shares,0000320193-19-000119,
AAPL,Per Share,Diluted EPS,EarningsPerShareDiluted,2020,FY,Quarter,2019-03-31,2019-06-29,2020-10-30,10-K,0.55,USD/shares,0000320193-20-000096,CY2019Q2
AAPL,Per Share,Diluted EPS,EarningsPerShareDiluted,2019,FY,Annual,2018-09-30,2019-09-28,2019-10-31,10-K,11.89,USD/shares,0000320193-19-000119,
AAPL,Per Share,Diluted EPS,EarningsPerShareDiluted,2020,FY,Annual,2018-09-30,2019-09-28,2020-10-30,10-K,2.97,USD/shares,0000320193-20-000096,
AAPL,Per Share,Diluted EPS,EarningsPerShareDiluted,2021,FY,Annual,2018-09-30,2019-09-28,2021-10-29,10-K,2.97,USD/shares,0000320193-21-000105,CY2019
AAPL,Per Share,Diluted EPS,EarningsPerShareDiluted,2019,FY,Quarter,2019-06-30,2019-09-28,2019-10-31,10-K,3.03,USD/shares,0000320193-19-000119,
AAPL,Per Share,Diluted EPS,EarningsPerShareDiluted,2020,FY,Quarter,2019-06-30,2019-09-28,2020-10-30,10-K,0.76,USD/shares,0000320193-20-000096,CY2019Q3
AAPL,Per Share,Diluted EPS,EarningsPerShareDiluted,2020,FY,Quarter,2019-09-29,2019-12-28,2020-10-30,10-K,1.25,USD/shares,0000320193-20-000096,
AAPL,Per Share,Diluted EPS,EarningsPerShareDiluted,2020,FY,Quarter,2019-12-29,2020-03-28,2020-10-30,10-K,0.64,USD/shares,0000320193-20-000096,
AAPL,Per Share,Diluted EPS,EarningsPerShareDiluted,2020,FY,Quarter,2020-03-29,2020-06-27,2020-10-30,10-K,0.65,USD/shares,0000320193-20-000096,
AAPL,Per Share,Diluted EPS,EarningsPerShareDiluted,2020,FY,Annual,2019-09-29,2020-09-26,2020-10-30,10-K,3.28,USD/shares,0000320193-20-000096,
AAPL,Per Share,Diluted EPS,EarningsPerShareDiluted,2021,FY,Annual,2019-09-29,2020-09-26,2021-10-29,10-K,3.28,USD/shares,0000320193-21-000105,
AAPL,Per Share,Diluted EPS,EarningsPerShareDiluted,2022,FY,Annual,2019-09-29,2020-09-26,2022-10-28,10-K,3.28,USD/shares,0000320193-22-000108,CY2020
AAPL,Per Share,Diluted EPS,EarningsPerShareDiluted,2020,FY,Quarter,2020-06-28,2020-09-26,2020-10-30,10-K,0.73,USD/shares,0000320193-20-000096,CY2020Q3
AAPL,Per Share,Diluted EPS,EarningsPerShareDiluted,2021,FY,Annual,2020-09-27,2021-09-25,2021-10-29,10-K,5.61,USD/shares,0000320193-21-000105,
AAPL,Per Share,Diluted EPS,EarningsPerShareDiluted,2022,FY,Annual,2020-09-27,2021-09-25,2022-10-28,10-K,5.61,USD/shares,0000320193-22-000108,
AAPL,Per Share,Diluted EPS,EarningsPerShareDiluted,2023,FY,Annual,2020-09-27,2021-09-25,2023-11-03,10-K,5.61,USD/shares,0000320193-23-000106,CY2021
AAPL,Per Share,Diluted EPS,EarningsPerShareDiluted,2022,FY,Annual,2021-09-26,2022-09-24,2022-10-28,10-K,6.11,USD/shares,0000320193-22-000108,
AAPL,Per Share,Diluted EPS,EarningsPerShareDiluted,2023,FY,Annual,2021-09-26,2022-09-24,2023-11-03,10-K,6.11,USD/shares,0000320193-23-000106,
AAPL,Per Share,Diluted EPS,EarningsPerShareDiluted,2024,FY,Annual,2021-09-26,2022-09-24,2024-11-01,10-K,6.11,USD/shares,0000320193-24-000123,CY2022
AAPL,Per Share,Diluted EPS,EarningsPerShareDiluted,2023,FY,Annual,2022-09-25,2023-09-30,2023-11-03,10-K,6.13,USD/shares,0000320193-23-000106,
AAPL,Per Share,Diluted EPS,EarningsPerShareDiluted,2024,FY,Annual,2022-09-25,2023-09-30,2024-11-01,10-K,6.13,USD/shares,0000320193-24-000123,
AAPL,Per Share,Diluted EPS,EarningsPerShareDiluted,2025,FY,Annual,2022-09-25,2023-09-30,2025-10-31,10-K,6.13,USD/shares,0000320193-25-000079,CY2023
AAPL,Per Share,Diluted EPS,EarningsPerShareDiluted,2024,FY,Annual,2023-10-01,2024-09-28,2024-11-01,10-K,6.08,USD/shares,0000320193-24-000123,
AAPL,Per Share,Diluted EPS,EarningsPerShareDiluted,2025,FY,Annual,2023-10-01,2024-09-28,2025-10-31,10-K,6.08,USD/shares,0000320193-25-000079,CY2024
AAPL,Per Share,Diluted EPS,EarningsPerShareDiluted,2025,FY,Annual,2024-09-29,2025-09-27,2025-10-31,10-K,7.46,USD/shares,0000320193-25-000079,CY2025
AAPL,Per Share,Diluted EPS,EarningsPerShareDiluted,2010,Q1,Quarter,2008-09-28,2008-12-27,2010-01-25,10-Q,2.5,USD/shares,0001193125-10-012085,
AAPL,Per Share,Diluted EPS,EarningsPerShareDiluted,2010,Q1,Quarter,2009-09-27,2009-12-26,2010-01-25,10-Q,3.67,USD/shares,0001193125-10-012085,
AAPL,Per Share,Diluted EPS,EarningsPerShareDiluted,2011,Q1,Quarter,2009-09-27,2009-12-26,2011-01-19,10-Q,3.67,USD/shares,0001193125-11-010144,
AAPL,Per Share,Diluted EPS,EarningsPerShareDiluted,2011,Q1,Quarter,2010-09-26,2010-12-25,2011-01-19,10-Q,6.43,USD/shares,0001193125-11-010144,
AAPL,Per Share,Diluted EPS,EarningsPerShareDiluted,2012,Q1,Quarter,2010-09-26,2010-12-25,2012-01-25,10-Q,6.43,USD/shares,0001193125-12-023398,
AAPL,Per Share,Diluted EPS,EarningsPerShareDiluted,2012,Q1,Quarter,2011-09-25,2011-12-31,2012-01-25,10-Q,13.87,USD/shares,0001193125-12-023398,
AAPL,Per Share,Diluted EPS,EarningsPerShareDiluted,2013,Q1,Quarter,2011-09-25,2011-12-31,2013-01-24,10-Q,13.87,USD/shares,0001193125-13-022339,
AAPL,Per Share,Diluted EPS,EarningsPerShareDiluted,2013,Q1,Quarter,2012-09-30,2012-12-29,2013-01-24,10-Q,13.81,USD/shares,0001193125-13-022339,
AAPL,Per Share,Diluted EPS,EarningsPerShareDiluted,2014,Q1,Quarter,2012-09-30,2012-12-29,2014-01-28,10-Q,13.81,USD/shares,0001193125-14-024487,
AAPL,Per Share,Diluted EPS,EarningsPerShareDiluted,2014,Q1,Quarter,2013-09-29,2013-12-28,2014-01-28,10-Q,14.5,USD/shares,0001193125-14-024487,
AAPL,Per Share,Diluted EPS,EarningsPerShareDiluted,2015,Q1,Quarter,2013-09-29,2013-12-28,2015-01-28,10-Q,2.07,USD/shares,0001193125-15-023697,
AAPL,Per Share,Diluted EPS,EarningsPerShareDiluted,2015,Q1,Quarter,2014-09-28,2014-12-27,2015-01-28,10-Q,3.06,USD/shares,0001193125-15-023697,
AAPL,Per Share,Diluted EPS,EarningsPerShareDiluted,2016,Q1,Quarter,2014-09-28,2014-12-27,2016-01-27,10-Q,3.06,USD/shares,0001193125-16-439878,
AAPL,Per Share,Diluted EPS,EarningsPerShareDiluted,2016,Q1,Quarter,2015-09-27,2015-12-26,2016-01-27,10-Q,3.28,USD/shares,0001193125-16-439878,
AAPL,Per Share,Diluted EPS,EarningsPerShareDiluted,2017,Q1,Quarter,2015-09-27,2015-12-26,2017-02-01,10-Q,3.28,USD/shares,0001628280-17-000717,
AAPL,Per Share,Diluted EPS,EarningsPerShareDiluted,2017,Q1,Quarter,2016-09-25,2016-12-31,2017-02-01,10-Q,3.36,USD/shares,0001628280-17-000717,
AAPL,Per Share,Diluted EPS,EarningsPerShareDiluted,2018,Q1,Quarter,2016-09-25,2016-12-31,2018-02-02,10-Q,3.36,USD/shares,0000320193-18-000007,
AAPL,Per Share,Diluted EPS,EarningsPerShareDiluted,2018,Q1,Quarter,2017-10-01,2017-12-30,2018-02-02,10-Q,3.89,USD/shares,0000320193-18-000007,
AAPL,Per Share,Diluted EPS,EarningsPerShareDiluted,2019,Q1,Quarter,2017-10-01,2017-12-30,2019-01-30,10-Q,3.89,USD/shares,0000320193-19-000010,
AAPL,Per Share,Diluted EPS,EarningsPerShareDiluted,2019,Q1,Quarter,2018-09-30,2018-12-29,2019-01-30,10-Q,4.18,USD/shares,0000320193-19-000010,
AAPL,Per Share,Diluted EPS,EarningsPerShareDiluted,2020,Q1,Quarter,2018-09-30,2018-12-29,2020-01-29,10-Q,4.18,USD/shares,0000320193-20-000010,
AAPL,Per Share,Diluted EPS,EarningsPerShareDiluted,2020,Q1,Quarter,2019-09-29,2019-12-28,2020-01-29,10-Q,4.99,USD/shares,0000320193-20-000010,
AAPL,Per Share,Diluted EPS,EarningsPerShareDiluted,2021,Q1,Quarter,2019-09-29,2019-12-28,2021-01-28,10-Q,1.25,USD/shares,0000320193-21-000010,CY2019Q4
AAPL,Per Share,Diluted EPS,EarningsPerShareDiluted,2021,Q1,Quarter,2020-09-27,2020-12-26,2021-01-28,10-Q,1.68,USD/shares,0000320193-21-000010,
AAPL,Per Share,Diluted EPS,EarningsPerShareDiluted,2022,Q1,Quarter,2020-09-27,2020-12-26,2022-01-28,10-Q,1.68,USD/shares,0000320193-22-000007,CY2020Q4
AAPL,Per Share,Diluted EPS,EarningsPerShareDiluted,2022,Q1,Quarter,2021-09-26,2021-12-25,2022-01-28,10-Q,2.1,USD/shares,0000320193-22-000007,
AAPL,Per Share,Diluted EPS,EarningsPerShareDiluted,2023,Q1,Quarter,2021-09-26,2021-12-25,2023-02-03,10-Q,2.1,USD/shares,0000320193-23-000006,CY2021Q4
AAPL,Per Share,Diluted EPS,EarningsPerShareDiluted,2023,Q1,Quarter,2022-09-25,2022-12-31,2023-02-03,10-Q,1.88,USD/shares,0000320193-23-000006,
AAPL,Per Share,Diluted EPS,EarningsPerShareDiluted,2024,Q1,Quarter,2022-09-25,2022-12-31,2024-02-02,10-Q,1.88,USD/shares,0000320193-24-000006,CY2022Q4
AAPL,Per Share,Diluted EPS,EarningsPerShareDiluted,2024,Q1,Quarter,2023-10-01,2023-12-30,2024-02-02,10-Q,2.18,USD/shares,0000320193-24-000006,
AAPL,Per Share,Diluted EPS,EarningsPerShareDiluted,2025,Q1,Quarter,2023-10-01,2023-12-30,2025-01-31,10-Q,2.18,USD/shares,0000320193-25-000008,CY2023Q4
AAPL,Per Share,Diluted EPS,EarningsPerShareDiluted,2025,Q1,Quarter,2024-09-29,2024-12-28,2025-01-31,10-Q,2.4,USD/shares,0000320193-25-000008,
AAPL,Per Share,Diluted EPS,EarningsPerShareDiluted,2026,Q1,Quarter,2024-09-29,2024-12-28,2026-01-30,10-Q,2.4,USD/shares,0000320193-26-000006,CY2024Q4
AAPL,Per Share,Diluted EPS,EarningsPerShareDiluted,2026,Q1,Quarter,2025-09-28,2025-12-27,2026-01-30,10-Q,2.84,USD/shares,0000320193-26-000006,CY2025Q4
AAPL,Per Share,Diluted EPS,EarningsPerShareDiluted,2010,Q2,YTD,2008-09-28,2009-03-28,2010-04-21,10-Q,4.29,USD/shares,0001193125-10-088957,
AAPL,Per Share,Diluted EPS,EarningsPerShareDiluted,2010,Q2,Quarter,2008-12-28,2009-03-28,2010-04-21,10-Q,1.79,USD/shares,0001193125-10-088957,
AAPL,Per Share,Diluted EPS,EarningsPerShareDiluted,2010,Q2,YTD,2009-09-27,2010-03-27,2010-04-21,10-Q,7,USD/shares,0001193125-10-088957,
AAPL,Per Share,Diluted EPS,EarningsPerShareDiluted,2011,Q2,YTD,2009-09-27,2010-03-27,2011-04-21,10-Q,7,USD/shares,0001193125-11-104388,
AAPL,Per Share,Diluted EPS,EarningsPerShareDiluted,2010,Q2,Quarter,2009-12-27,2010-03-27,2010-04-21,10-Q,3.33,USD/shares,0001193125-10-088957,
AAPL,Per Share,Diluted EPS,EarningsPerShareDiluted,2011,Q2,Quarter,2009-12-27,2010-03-27,2011-04-21,10-Q,3.33,USD/shares,0001193125-11-104388,
AAPL,Per Share,Diluted EPS,EarningsPerShareDiluted,2011,Q2,YTD,2010-09-26,2011-03-26,2011-04-21,10-Q,12.83,USD/shares,0001193125-11-104388,
AAPL,Per Share,Diluted EPS,EarningsPerShareDiluted,2012,Q2,YTD,2010-09-26,2011-03-26,2012-04-25,10-Q,12.83,USD/shares,0001193125-12-182321,
AAPL,Per Share,Diluted EPS,EarningsPerShareDiluted,2011,Q2,Quarter,2010-12-26,2011-03-26,2011-04-21,10-Q,6.4,USD/shares,0001193125-11-104388,
AAPL,Per Share,Diluted EPS,EarningsPerShareDiluted,2012,Q2,Quarter,2010-12-26,2011-03-26,2012-04-25,10-Q,6.4,USD/shares,0001193125-12-182321,
AAPL,Per Share,Diluted EPS,EarningsPerShareDiluted,2012,Q2,YTD,2011-09-25,2012-03-31,2012-04-25,10-Q,26.17,USD/shares,0001193125-12-182321,
AAPL,Per Share,Diluted EPS,EarningsPerShareDiluted,2013,Q2,YTD,2011-09-25,2012-03-31,2013-04-24,10-Q,26.17,USD/shares,0001193125-13-168288,
AAPL,Per Share,Diluted EPS,EarningsPerShareDiluted,2012,Q2,Quarter,2012-01-01,2012-03-31,2012-04-25,10-Q,12.3,USD/shares,0001193125-12-182321,
AAPL,Per Share,Diluted EPS,EarningsPerShareDiluted,2013,Q2,Quarter,2012-01-01,2012-03-31,2013-04-24,10-Q,12.3,USD/shares,0001193125-13-168288,
AAPL,Per Share,Diluted EPS,EarningsPerShareDiluted,2013,Q2,YTD,2012-09-30,2013-03-30,2013-04-24,10-Q,23.9,USD/shares,0001193125-13-168288,
AAPL,Per Share,Diluted EPS,EarningsPerShareDiluted,2014,Q2,YTD,2012-09-30,2013-03-30,2014-04-24,10-Q,23.9,USD/shares,0001193125-14-157311,
AAPL,Per Share,Diluted EPS,EarningsPerShareDiluted,2013,Q2,Quarter,2012-12-30,2013-03-30,2013-04-24,10-Q,10.09,USD/shares,0001193125-13-168288,
AAPL,Per Share,Diluted EPS,EarningsPerShareDiluted,2014,Q2,Quarter,2012-12-30,2013-03-30,2014-04-24,10-Q,10.09,USD/shares,0001193125-14-157311,
AAPL,Per Share,Diluted EPS,EarningsPerShareDiluted,2014,Q2,YTD,2013-09-29,2014-03-29,2014-04-24,10-Q,26.16,USD/shares,0001193125-14-157311,
AAPL,Per Share,Diluted EPS,EarningsPerShareDiluted,2015,Q2,YTD,2013-09-29,2014-03-29,2015-04-28,10-Q,3.74,USD/shares,0001193125-15-153166,
AAPL,Per Share,Diluted EPS,EarningsPerShareDiluted,2014,Q2,Quarter,2013-12-29,2014-03-29,2014-04-24,10-Q,11.62,USD/shares,0001193125-14-157311,
AAPL,Per Share,Diluted EPS,EarningsPerShareDiluted,2015,Q2,Quarter,2013-12-29,2014-03-29,2015-04-28,10-Q,1.66,USD/shares,0001193125-15-153166,
AAPL,Per Share,Diluted EPS,EarningsPerShareDiluted,2015,Q2,YTD,2014-09-28,2015-03-28,2015-04-28,10-Q,5.39,USD/shares,0001193125-15-153166,
AAPL,Per Share,Diluted EPS,EarningsPerShareDiluted,2016,Q2,YTD,2014-09-28,2015-03-28,2016-04-27,10-Q,5.39,USD/shares,0001193125-16-559625,
AAPL,Per Share,Diluted EPS,EarningsPerShareDiluted,2015,Q2,Quarter,2014-12-28,2015-03-28,2015-04-28,10-Q,2.33,USD/shares,0001193125-15-153166,
AAPL,Per Share,Diluted EPS,EarningsPerShareDiluted,2016,Q2,Quarter,2014-12-28,2015-03-28,2016-04-27,10-Q,2.33,USD/shares,0001193125-16-559625,
AAPL,Per Share,Diluted EPS,EarningsPerShareDiluted,2016,Q2,YTD,2015-09-27,2016-03-26,2016-04-27,10-Q,5.19,USD/shares,0001193125-16-559625,
AAPL,Per Share,Diluted EPS,EarningsPerShareDiluted,2017,Q2,YTD,2015-09-27,2016-03-26,2017-05-03,10-Q,5.19,USD/shares,0001628280-17-004790,
AAPL,Per Share,Diluted EPS,EarningsPerShareDiluted,2016,Q2,Quarter,2015-12-27,2016-03-26,2016-04-27,10-Q,1.9,USD/shares,0001193125-16-559625,
AAPL,Per Share,Diluted EPS,EarningsPerShareDiluted,2017,Q2,Quarter,2015-12-27,2016-03-26,2017-05-03,10-Q,1.9,USD/shares,0001628280-17-004790,
AAPL,Per Share,Diluted EPS,EarningsPerShareDiluted,2017,Q2,YTD,2016-09-25,2017-04-01,2017-05-03,10-Q,5.46,USD/shares,0001628280-17-004790,
AAPL,Per Share,Diluted EPS,EarningsPerShareDiluted,2018,Q2,YTD,2016-09-25,2017-04-01,2018-05-02,10-Q,5.46,USD/shares,0000320193-18-000070,
AAPL,Per Share,Diluted EPS,EarningsPerShareDiluted,2017,Q2,Quarter,2017-01-01,2017-04-01,2017-05-03,10-Q,2.1,USD/shares,0001628280-17-004790,
AAPL,Per Share,Diluted EPS,EarningsPerShareDiluted,2018,Q2,Quarter,2017-01-01,2017-04-01,2018-05-02,10-Q,2.1,USD/shares,0000320193-18-000070,
AAPL,Per Share,Diluted EPS,EarningsPerShareDiluted,2018,Q2,YTD,2017-10-01,2018-03-31,2018-05-02,10-Q,6.63,USD/shares,0000320193-18-000070,
AAPL,Per Share,Diluted EPS,EarningsPerShareDiluted,2019,Q2,YTD,2017-10-01,2018-03-31,2019-05-01,10-Q,6.63,USD/shares,0000320193-19-000066,
AAPL,Per Share,Diluted EPS,EarningsPerShareDiluted,2018,Q2,Quarter,2017-12-31,2018-03-31,2018-05-02,10-Q,2.73,USD/shares,0000320193-18-000070,
AAPL,Per Share,Diluted EPS,EarningsPerShareDiluted,2019,Q2,Quarter,2017-12-31,2018-03-31,2019-05-01,10-Q,2.73,USD/shares,0000320193-19-000066,
AAPL,Per Share,Diluted EPS,EarningsPerShareDiluted,2019,Q2,YTD,2018-09-30,2019-03-30,2019-05-01,10-Q,6.66,USD/shares,0000320193-19-000066,
AAPL,Per Share,Diluted EPS,EarningsPerShareDiluted,2020,Q2,YTD,2018-09-30,2019-03-30,2020-05-01,10-Q,6.66,USD/shares,0000320193-20-000052,
AAPL,Per Share,Diluted EPS,EarningsPerShareDiluted,2019,Q2,Quarter,2018-12-30,2019-03-30,2019-05-01,10-Q,2.46,USD/shares,0000320193-19-000066,
AAPL,Per Share,Diluted EPS,EarningsPerShareDiluted,2020,Q2,Quarter,2018-12-30,2019-03-30,2020-05-01,10-Q,2.46,USD/shares,0000320193-20-000052,
AAPL,Per Share,Diluted EPS,EarningsPerShareDiluted,2020,Q2,YTD,2019-09-29,2020-03-28,2020-05-01,10-Q,7.56,USD/shares,0000320193-20-000052,
AAPL,Per Share,Diluted EPS,EarningsPerShareDiluted,2021,Q2,YTD,2019-09-29,2020-03-28,2021-04-29,10-Q,1.89,USD/shares,0000320193-21-000056,
AAPL,Per Share,Diluted EPS,EarningsPerShareDiluted,2020,Q2,Quarter,2019-12-29,2020-03-28,2020-05-01,10-Q,2.55,USD/shares,0000320193-20-000052,
AAPL,Per Share,Diluted EPS,EarningsPerShareDiluted,2021,Q2,Quarter,2019-12-29,2020-03-28,2021-04-29,10-Q,0.64,USD/shares,0000320193-21-000056,CY2020Q1
AAPL,Per Share,Diluted EPS,EarningsPerShareDiluted,2021,Q2,YTD,2020-09-27,2021-03-27,2021-04-29,10-Q,3.08,USD/shares,0000320193-21-000056,
AAPL,Per Share,Diluted EPS,EarningsPerShareDiluted,2022,Q2,YTD,2020-09-27,2021-03-27,2022-04-29,10-Q,3.08,USD/shares,0000320193-22-000059,
AAPL,Per Share,Diluted EPS,EarningsPerShareDiluted,2021,Q2,Quarter,2020-12-27,2021-03-27,2021-04-29,10-Q,1.4,USD/shares,0000320193-21-000056,
AAPL,Per Share,Diluted EPS,EarningsPerShareDiluted,2022,Q2,Quarter,2020-12-27,2021-03-27,2022-04-29,10-Q,1.4,USD/shares,0000320193-22-000059,CY2021Q1
AAPL,Per Share,Diluted EPS,EarningsPerShareDiluted,2022,Q2,YTD,2021-09-26,2022-03-26,2022-04-29,10-Q,3.62,USD/shares,0000320193-22-000059,
AAPL,Per Share,Diluted EPS,EarningsPerShareDiluted,2023,Q2,YTD,2021-09-26,2022-03-26,2023-05-05,10-Q,3.62,USD/shares,0000320193-23-000064,
AAPL,Per Share,Diluted EPS,EarningsPerShareDiluted,2022,Q2,Quarter,2021-12-26,2022-03-26,2022-04-29,10-Q,1.52,USD/shares,0000320193-22-000059,
AAPL,Per Share,Diluted EPS,EarningsPerShareDiluted,2023,Q2,Quarter,2021-12-26,2022-03-26,2023-05-05,10-Q,1.52,USD/shares,0000320193-23-000064,CY2022Q1
AAPL,Per Share,Diluted EPS,EarningsPerShareDiluted,2023,Q2,YTD,2022-09-25,2023-04-01,2023-05-05,10-Q,3.41,USD/shares,0000320193-23-000064,
AAPL,Per Share,Diluted EPS,EarningsPerShareDiluted,2024,Q2,YTD,2022-09-25,2023-04-01,2024-05-03,10-Q,3.41,USD/shares,0000320193-24-000069,
AAPL,Per Share,Diluted EPS,EarningsPerShareDiluted,2023,Q2,Quarter,2023-01-01,2023-04-01,2023-05-05,10-Q,1.52,USD/shares,0000320193-23-000064,
AAPL,Per Share,Diluted EPS,EarningsPerShareDiluted,2024,Q2,Quarter,2023-01-01,2023-04-01,2024-05-03,10-Q,1.52,USD/shares,0000320193-24-000069,CY2023Q1
AAPL,Per Share,Diluted EPS,EarningsPerShareDiluted,2024,Q2,YTD,2023-10-01,2024-03-30,2024-05-03,10-Q,3.71,USD/shares,0000320193-24-000069,
AAPL,Per Share,Diluted EPS,EarningsPerShareDiluted,2025,Q2,YTD,2023-10-01,2024-03-30,2025-05-02,10-Q,3.71,USD/shares,0000320193-25-000057,
AAPL,Per Share,Diluted EPS,EarningsPerShareDiluted,2024,Q2,Quarter,2023-12-31,2024-03-30,2024-05-03,10-Q,1.53,USD/shares,0000320193-24-000069,
AAPL,Per Share,Diluted EPS,EarningsPerShareDiluted,2025,Q2,Quarter,2023-12-31,2024-03-30,2025-05-02,10-Q,1.53,USD/shares,0000320193-25-000057,CY2024Q1
AAPL,Per Share,Diluted EPS,EarningsPerShareDiluted,2025,Q2,YTD,2024-09-29,2025-03-29,2025-05-02,10-Q,4.05,USD/shares,0000320193-25-000057,
AAPL,Per Share,Diluted EPS,EarningsPerShareDiluted,2026,Q2,YTD,2024-09-29,2025-03-29,2026-05-01,10-Q,4.05,USD/shares,0000320193-26-000013,
AAPL,Per Share,Diluted EPS,EarningsPerShareDiluted,2025,Q2,Quarter,2024-12-29,2025-03-29,2025-05-02,10-Q,1.65,USD/shares,0000320193-25-000057,
AAPL,Per Share,Diluted EPS,EarningsPerShareDiluted,2026,Q2,Quarter,2024-12-29,2025-03-29,2026-05-01,10-Q,1.65,USD/shares,0000320193-26-000013,CY2025Q1
AAPL,Per Share,Diluted EPS,EarningsPerShareDiluted,2026,Q2,YTD,2025-09-28,2026-03-28,2026-05-01,10-Q,4.85,USD/shares,0000320193-26-000013,
AAPL,Per Share,Diluted EPS,EarningsPerShareDiluted,2026,Q2,Quarter,2025-12-28,2026-03-28,2026-05-01,10-Q,2.01,USD/shares,0000320193-26-000013,CY2026Q1
AAPL,Per Share,Diluted EPS,EarningsPerShareDiluted,2009,Q3,Annual,2007-09-30,2008-06-28,2009-07-22,10-Q,4.1,USD/shares,0001193125-09-153165,
AAPL,Per Share,Diluted EPS,EarningsPerShareDiluted,2009,Q3,Quarter,2008-03-30,2008-06-28,2009-07-22,10-Q,1.19,USD/shares,0001193125-09-153165,CY2008Q2
AAPL,Per Share,Diluted EPS,EarningsPerShareDiluted,2009,Q3,Annual,2008-09-28,2009-06-27,2009-07-22,10-Q,4.47,USD/shares,0001193125-09-153165,
AAPL,Per Share,Diluted EPS,EarningsPerShareDiluted,2010,Q3,Annual,2008-09-28,2009-06-27,2010-07-21,10-Q,6.3,USD/shares,0001193125-10-162840,
AAPL,Per Share,Diluted EPS,EarningsPerShareDiluted,2009,Q3,Quarter,2009-03-29,2009-06-27,2009-07-22,10-Q,1.35,USD/shares,0001193125-09-153165,
AAPL,Per Share,Diluted EPS,EarningsPerShareDiluted,2010,Q3,Quarter,2009-03-29,2009-06-27,2010-07-21,10-Q,2.01,USD/shares,0001193125-10-162840,
AAPL,Per Share,Diluted EPS,EarningsPerShareDiluted,2010,Q3,Annual,2009-09-27,2010-06-26,2010-07-21,10-Q,10.51,USD/shares,0001193125-10-162840,
AAPL,Per Share,Diluted EPS,EarningsPerShareDiluted,2011,Q3,Annual,2009-09-27,2010-06-26,2011-07-20,10-Q,10.51,USD/shares,0001193125-11-192493,
AAPL,Per Share,Diluted EPS,EarningsPerShareDiluted,2010,Q3,Quarter,2010-03-28,2010-06-26,2010-07-21,10-Q,3.51,USD/shares,0001193125-10-162840,
AAPL,Per Share,Diluted EPS,EarningsPerShareDiluted,2011,Q3,Quarter,2010-03-28,2010-06-26,2011-07-20,10-Q,3.51,USD/shares,0001193125-11-192493,
AAPL,Per Share,Diluted EPS,EarningsPerShareDiluted,2011,Q3,Annual,2010-09-26,2011-06-25,2011-07-20,10-Q,20.63,USD/shares,0001193125-11-192493,
AAPL,Per Share,Diluted EPS,EarningsPerShareDiluted,2012,Q3,Annual,2010-09-26,2011-06-25,2012-07-25,10-Q,20.63,USD/shares,0001193125-12-314552,
AAPL,Per Share,Diluted EPS,EarningsPerShareDiluted,2011,Q3,Quarter,2011-03-27,2011-06-25,2011-07-20,10-Q,7.79,USD/shares,0001193125-11-192493,
AAPL,Per Share,Diluted EPS,EarningsPerShareDiluted,2012,Q3,Quarter,2011-03-27,2011-06-25,2012-07-25,10-Q,7.79,USD/shares,0001193125-12-314552,
AAPL,Per Share,Diluted EPS,EarningsPerShareDiluted,2012,Q3,Annual,2011-09-25,2012-06-30,2012-07-25,10-Q,35.48,USD/shares,0001193125-12-314552,
AAPL,Per Share,Diluted EPS,EarningsPerShareDiluted,2013,Q3,Annual,2011-09-25,2012-06-30,2013-07-24,10-Q,35.48,USD/shares,0001193125-13-300670,
AAPL,Per Share,Diluted EPS,EarningsPerShareDiluted,2012,Q3,Quarter,2012-04-01,2012-06-30,2012-07-25,10-Q,9.32,USD/shares,0001193125-12-314552,
AAPL,Per Share,Diluted EPS,EarningsPerShareDiluted,2013,Q3,Quarter,2012-04-01,2012-06-30,2013-07-24,10-Q,9.32,USD/shares,0001193125-13-300670,
AAPL,Per Share,Diluted EPS,EarningsPerShareDiluted,2013,Q3,Annual,2012-09-30,2013-06-29,2013-07-24,10-Q,31.44,USD/shares,0001193125-13-300670,
AAPL,Per Share,Diluted EPS,EarningsPerShareDiluted,2014,Q3,Annual,2012-09-30,2013-06-29,2014-07-23,10-Q,4.49,USD/shares,0001193125-14-277160,
AAPL,Per Share,Diluted EPS,EarningsPerShareDiluted,2013,Q3,Quarter,2013-03-31,2013-06-29,2013-07-24,10-Q,7.47,USD/shares,0001193125-13-300670,
AAPL,Per Share,Diluted EPS,EarningsPerShareDiluted,2014,Q3,Quarter,2013-03-31,2013-06-29,2014-07-23,10-Q,1.07,USD/shares,0001193125-14-277160,
AAPL,Per Share,Diluted EPS,EarningsPerShareDiluted,2014,Q3,Annual,2013-09-29,2014-06-28,2014-07-23,10-Q,5.03,USD/shares,0001193125-14-277160,
AAPL,Per Share,Diluted EPS,EarningsPerShareDiluted,2015,Q3,Annual,2013-09-29,2014-06-28,2015-07-22,10-Q,5.03,USD/shares,0001193125-15-259935,
AAPL,Per Share,Diluted EPS,EarningsPerShareDiluted,2014,Q3,Quarter,2014-03-30,2014-06-28,2014-07-23,10-Q,1.28,USD/shares,0001193125-14-277160,
AAPL,Per Share,Diluted EPS,EarningsPerShareDiluted,2015,Q3,Quarter,2014-03-30,2014-06-28,2015-07-22,10-Q,1.28,USD/shares,0001193125-15-259935,
AAPL,Per Share,Diluted EPS,EarningsPerShareDiluted,2015,Q3,Annual,2014-09-28,2015-06-27,2015-07-22,10-Q,7.25,USD/shares,0001193125-15-259935,
AAPL,Per Share,Diluted EPS,EarningsPerShareDiluted,2016,Q3,Annual,2014-09-28,2015-06-27,2016-07-27,10-Q,7.25,USD/shares,0001628280-16-017809,
AAPL,Per Share,Diluted EPS,EarningsPerShareDiluted,2015,Q3,Quarter,2015-03-29,2015-06-27,2015-07-22,10-Q,1.85,USD/shares,0001193125-15-259935,
AAPL,Per Share,Diluted EPS,EarningsPerShareDiluted,2016,Q3,Quarter,2015-03-29,2015-06-27,2016-07-27,10-Q,1.85,USD/shares,0001628280-16-017809,
AAPL,Per Share,Diluted EPS,EarningsPerShareDiluted,2016,Q3,Annual,2015-09-27,2016-06-25,2016-07-27,10-Q,6.62,USD/shares,0001628280-16-017809,
AAPL,Per Share,Diluted EPS,EarningsPerShareDiluted,2017,Q3,Annual,2015-09-27,2016-06-25,2017-08-02,10-Q,6.62,USD/shares,0000320193-17-000009,
AAPL,Per Share,Diluted EPS,EarningsPerShareDiluted,2016,Q3,Quarter,2016-03-27,2016-06-25,2016-07-27,10-Q,1.42,USD/shares,0001628280-16-017809,
AAPL,Per Share,Diluted EPS,EarningsPerShareDiluted,2017,Q3,Quarter,2016-03-27,2016-06-25,2017-08-02,10-Q,1.42,USD/shares,0000320193-17-000009,
AAPL,Per Share,Diluted EPS,EarningsPerShareDiluted,2017,Q3,Annual,2016-09-25,2017-07-01,2017-08-02,10-Q,7.14,USD/shares,0000320193-17-000009,
AAPL,Per Share,Diluted EPS,EarningsPerShareDiluted,2018,Q3,Annual,2016-09-25,2017-07-01,2018-08-01,10-Q,7.14,USD/shares,0000320193-18-000100,
AAPL,Per Share,Diluted EPS,EarningsPerShareDiluted,2017,Q3,Quarter,2017-04-02,2017-07-01,2017-08-02,10-Q,1.67,USD/shares,0000320193-17-000009,
AAPL,Per Share,Diluted EPS,EarningsPerShareDiluted,2018,Q3,Quarter,2017-04-02,2017-07-01,2018-08-01,10-Q,1.67,USD/shares,0000320193-18-000100,
AAPL,Per Share,Diluted EPS,EarningsPerShareDiluted,2018,Q3,Annual,2017-10-01,2018-06-30,2018-08-01,10-Q,8.99,USD/shares,0000320193-18-000100,
AAPL,Per Share,Diluted EPS,EarningsPerShareDiluted,2019,Q3,Annual,2017-10-01,2018-06-30,2019-07-31,10-Q,8.99,USD/shares,0000320193-19-000076,
AAPL,Per Share,Diluted EPS,EarningsPerShareDiluted,2018,Q3,Quarter,2018-04-01,2018-06-30,2018-08-01,10-Q,2.34,USD/shares,0000320193-18-000100,
AAPL,Per Share,Diluted EPS,EarningsPerShareDiluted,2019,Q3,Quarter,2018-04-01,2018-06-30,2019-07-31,10-Q,2.34,USD/shares,0000320193-19-000076,
AAPL,Per Share,Diluted EPS,EarningsPerShareDiluted,2019,Q3,Annual,2018-09-30,2019-06-29,2019-07-31,10-Q,8.86,USD/shares,0000320193-19-000076,
AAPL,Per Share,Diluted EPS,EarningsPerShareDiluted,2020,Q3,Annual,2018-09-30,2019-06-29,2020-07-31,10-Q,8.86,USD/shares,0000320193-20-000062,
AAPL,Per Share,Diluted EPS,EarningsPerShareDiluted,2019,Q3,Quarter,2019-03-31,2019-06-29,2019-07-31,10-Q,2.18,USD/shares,0000320193-19-000076,
AAPL,Per Share,Diluted EPS,EarningsPerShareDiluted,2020,Q3,Quarter,2019-03-31,2019-06-29,2020-07-31,10-Q,2.18,USD/shares,0000320193-20-000062,
AAPL,Per Share,Diluted EPS,EarningsPerShareDiluted,2020,Q3,Annual,2019-09-29,2020-06-27,2020-07-31,10-Q,10.16,USD/shares,0000320193-20-000062,
AAPL,Per Share,Diluted EPS,EarningsPerShareDiluted,2021,Q3,Annual,2019-09-29,2020-06-27,2021-07-28,10-Q,2.54,USD/shares,0000320193-21-000065,
AAPL,Per Share,Diluted EPS,EarningsPerShareDiluted,2020,Q3,Quarter,2020-03-29,2020-06-27,2020-07-31,10-Q,2.58,USD/shares,0000320193-20-000062,
AAPL,Per Share,Diluted EPS,EarningsPerShareDiluted,2021,Q3,Quarter,2020-03-29,2020-06-27,2021-07-28,10-Q,0.65,USD/shares,0000320193-21-000065,CY2020Q2
AAPL,Per Share,Diluted EPS,EarningsPerShareDiluted,2021,Q3,Annual,2020-09-27,2021-06-26,2021-07-28,10-Q,4.38,USD/shares,0000320193-21-000065,
AAPL,Per Share,Diluted EPS,EarningsPerShareDiluted,2022,Q3,Annual,2020-09-27,2021-06-26,2022-07-29,10-Q,4.38,USD/shares,0000320193-22-000070,
AAPL,Per Share,Diluted EPS,EarningsPerShareDiluted,2021,Q3,Quarter,2021-03-28,2021-06-26,2021-07-28,10-Q,1.3,USD/shares,0000320193-21-000065,
AAPL,Per Share,Diluted EPS,EarningsPerShareDiluted,2022,Q3,Quarter,2021-03-28,2021-06-26,2022-07-29,10-Q,1.3,USD/shares,0000320193-22-000070,CY2021Q2
AAPL,Per Share,Diluted EPS,EarningsPerShareDiluted,2022,Q3,Annual,2021-09-26,2022-06-25,2022-07-29,10-Q,4.82,USD/shares,0000320193-22-000070,
AAPL,Per Share,Diluted EPS,EarningsPerShareDiluted,2023,Q3,Annual,2021-09-26,2022-06-25,2023-08-04,10-Q,4.82,USD/shares,0000320193-23-000077,
AAPL,Per Share,Diluted EPS,EarningsPerShareDiluted,2022,Q3,Quarter,2022-03-27,2022-06-25,2022-07-29,10-Q,1.2,USD/shares,0000320193-22-000070,
AAPL,Per Share,Diluted EPS,EarningsPerShareDiluted,2023,Q3,Quarter,2022-03-27,2022-06-25,2023-08-04,10-Q,1.2,USD/shares,0000320193-23-000077,CY2022Q2
AAPL,Per Share,Diluted EPS,EarningsPerShareDiluted,2023,Q3,Annual,2022-09-25,2023-07-01,2023-08-04,10-Q,4.67,USD/shares,0000320193-23-000077,
AAPL,Per Share,Diluted EPS,EarningsPerShareDiluted,2024,Q3,Annual,2022-09-25,2023-07-01,2024-08-02,10-Q,4.67,USD/shares,0000320193-24-000081,
AAPL,Per Share,Diluted EPS,EarningsPerShareDiluted,2023,Q3,Quarter,2023-04-02,2023-07-01,2023-08-04,10-Q,1.26,USD/shares,0000320193-23-000077,
AAPL,Per Share,Diluted EPS,EarningsPerShareDiluted,2024,Q3,Quarter,2023-04-02,2023-07-01,2024-08-02,10-Q,1.26,USD/shares,0000320193-24-000081,CY2023Q2
AAPL,Per Share,Diluted EPS,EarningsPerShareDiluted,2024,Q3,Annual,2023-10-01,2024-06-29,2024-08-02,10-Q,5.11,USD/shares,0000320193-24-000081,
AAPL,Per Share,Diluted EPS,EarningsPerShareDiluted,2025,Q3,Annual,2023-10-01,2024-06-29,2025-08-01,10-Q,5.11,USD/shares,0000320193-25-000073,
AAPL,Per Share,Diluted EPS,EarningsPerShareDiluted,2024,Q3,Quarter,2024-03-31,2024-06-29,2024-08-02,10-Q,1.4,USD/shares,0000320193-24-000081,
AAPL,Per Share,Diluted EPS,EarningsPerShareDiluted,2025,Q3,Quarter,2024-03-31,2024-06-29,2025-08-01,10-Q,1.4,USD/shares,0000320193-25-000073,CY2024Q2
AAPL,Per Share,Diluted EPS,EarningsPerShareDiluted,2025,Q3,Annual,2024-09-29,2025-06-28,2025-08-01,10-Q,5.62,USD/shares,0000320193-25-000073,
AAPL,Per Share,Diluted EPS,EarningsPerShareDiluted,2026,Q3,Annual,2024-09-29,2025-06-28,2026-07-31,10-Q,5.62,USD/shares,0000320193-26-000020,
AAPL,Per Share,Diluted EPS,EarningsPerShareDiluted,2025,Q3,Quarter,2025-03-30,2025-06-28,2025-08-01,10-Q,1.57,USD/shares,0000320193-25-000073,
AAPL,Per Share,Diluted EPS,EarningsPerShareDiluted,2026,Q3,Quarter,2025-03-30,2025-06-28,2026-07-31,10-Q,1.57,USD/shares,0000320193-26-000020,CY2025Q2
AAPL,Per Share,Diluted EPS,EarningsPerShareDiluted,2026,Q3,Annual,2025-09-28,2026-06-27,2026-07-31,10-Q,6.88,USD/shares,0000320193-26-000020,
AAPL,Per Share,Diluted EPS,EarningsPerShareDiluted,2026,Q3,Quarter,2026-03-29,2026-06-27,2026-07-31,10-Q,2.02,USD/shares,0000320193-26-000020,CY2026Q2
AAPL,Per Share,Diluted Shares,WeightedAverageNumberOfDilutedSharesOutstanding,2009,FY,Annual,2006-10-01,2007-09-29,2009-10-27,10-K,889292000,shares,0001193125-09-214859,
AAPL,Per Share,Diluted Shares,WeightedAverageNumberOfDilutedSharesOutstanding,2009,FY,Annual,2007-09-30,2008-09-27,2009-10-27,10-K,902139000,shares,0001193125-09-214859,
AAPL,Per Share,Diluted Shares,WeightedAverageNumberOfDilutedSharesOutstanding,2010,FY,Annual,2007-09-30,2008-09-27,2010-10-27,10-K,902139000,shares,0001193125-10-238044,CY2008
AAPL,Per Share,Diluted Shares,WeightedAverageNumberOfDilutedSharesOutstanding,2009,FY,Annual,2008-09-28,2009-09-26,2009-10-27,10-K,907005000,shares,0001193125-09-214859,
AAPL,Per Share,Diluted Shares,WeightedAverageNumberOfDilutedSharesOutstanding,2010,FY,Annual,2008-09-28,2009-09-26,2010-10-27,10-K,907005000,shares,0001193125-10-238044,
AAPL,Per Share,Diluted Shares,WeightedAverageNumberOfDilutedSharesOutstanding,2011,FY,Annual,2008-09-28,2009-09-26,2011-10-26,10-K,907005000,shares,0001193125-11-282113,CY2009
AAPL,Per Share,Diluted Shares,WeightedAverageNumberOfDilutedSharesOutstanding,2010,FY,Annual,2009-09-27,2010-09-25,2010-10-27,10-K,924712000,shares,0001193125-10-238044,
AAPL,Per Share,Diluted Shares,WeightedAverageNumberOfDilutedSharesOutstanding,2011,FY,Annual,2009-09-27,2010-09-25,2011-10-26,10-K,924712000,shares,0001193125-11-282113,
AAPL,Per Share,Diluted Shares,WeightedAverageNumberOfDilutedSharesOutstanding,2012,FY,Annual,2009-09-27,2010-09-25,2012-10-31,10-K,924712000,shares,0001193125-12-444068,
AAPL,Per Share,Diluted Shares,WeightedAverageNumberOfDilutedSharesOutstanding,2011,FY,Annual,2010-09-26,2011-09-24,2011-10-26,10-K,936645000,shares,0001193125-11-282113,
AAPL,Per Share,Diluted Shares,WeightedAverageNumberOfDilutedSharesOutstanding,2012,FY,Annual,2010-09-26,2011-09-24,2012-10-31,10-K,936645000,shares,0001193125-12-444068,
AAPL,Per Share,Diluted Shares,WeightedAverageNumberOfDilutedSharesOutstanding,2013,FY,Annual,2010-09-26,2011-09-24,2013-10-30,10-K,936645000,shares,0001193125-13-416534,CY2011
AAPL,Per Share,Diluted Shares,WeightedAverageNumberOfDilutedSharesOutstanding,2012,FY,Annual,2011-09-25,2012-09-29,2012-10-31,10-K,945355000,shares,0001193125-12-444068,
AAPL,Per Share,Diluted Shares,WeightedAverageNumberOfDilutedSharesOutstanding,2013,FY,Annual,2011-09-25,2012-09-29,2013-10-30,10-K,945355000,shares,0001193125-13-416534,
AAPL,Per Share,Diluted Shares,WeightedAverageNumberOfDilutedSharesOutstanding,2014,FY,Annual,2011-09-25,2012-09-29,2014-10-27,10-K,6617483000,shares,0001193125-14-383437,
AAPL,Per Share,Diluted Shares,WeightedAverageNumberOfDilutedSharesOutstanding,2013,FY,Annual,2012-09-30,2013-09-28,2013-10-30,10-K,931662000,shares,0001193125-13-416534,
AAPL,Per Share,Diluted Shares,WeightedAverageNumberOfDilutedSharesOutstanding,2014,FY,Annual,2012-09-30,2013-09-28,2014-10-27,10-K,6521634000,shares,0001193125-14-383437,
AAPL,Per Share,Diluted Shares,WeightedAverageNumberOfDilutedSharesOutstanding,2015,FY,Annual,2012-09-30,2013-09-28,2015-10-28,10-K,6521634000,shares,0001193125-15-356351,CY2013
AAPL,Per Share,Diluted Shares,WeightedAverageNumberOfDilutedSharesOutstanding,2014,FY,Annual,2013-09-29,2014-09-27,2014-10-27,10-K,6122663000,shares,0001193125-14-383437,
AAPL,Per Share,Diluted Shares,WeightedAverageNumberOfDilutedSharesOutstanding,2015,FY,Annual,2013-09-29,2014-09-27,2015-10-28,10-K,6122663000,shares,0001193125-15-356351,
AAPL,Per Share,Diluted Shares,WeightedAverageNumberOfDilutedSharesOutstanding,2016,FY,Annual,2013-09-29,2014-09-27,2016-10-26,10-K,6122663000,shares,0001628280-16-020309,CY2014
AAPL,Per Share,Diluted Shares,WeightedAverageNumberOfDilutedSharesOutstanding,2015,FY,Annual,2014-09-28,2015-09-26,2015-10-28,10-K,5793069000,shares,0001193125-15-356351,
AAPL,Per Share,Diluted Shares,WeightedAverageNumberOfDilutedSharesOutstanding,2016,FY,Annual,2014-09-28,2015-09-26,2016-10-26,10-K,5793069000,shares,0001628280-16-020309,
AAPL,Per Share,Diluted Shares,WeightedAverageNumberOfDilutedSharesOutstanding,2017,FY,Annual,2014-09-28,2015-09-26,2017-11-03,10-K,5793069000,shares,0000320193-17-000070,CY2015
AAPL,Per Share,Diluted Shares,WeightedAverageNumberOfDilutedSharesOutstanding,2016,FY,Annual,2015-09-27,2016-09-24,2016-10-26,10-K,5500281000,shares,0001628280-16-020309,
AAPL,Per Share,Diluted Shares,WeightedAverageNumberOfDilutedSharesOutstanding,2017,FY,Annual,2015-09-27,2016-09-24,2017-11-03,10-K,5500281000,shares,0000320193-17-000070,
AAPL,Per Share,Diluted Shares,WeightedAverageNumberOfDilutedSharesOutstanding,2018,FY,Annual,2015-09-27,2016-09-24,2018-11-05,10-K,5500281000,shares,0000320193-18-000145,CY2016
AAPL,Per Share,Diluted Shares,WeightedAverageNumberOfDilutedSharesOutstanding,2017,FY,Annual,2016-09-25,2017-09-30,2017-11-03,10-K,5251692000,shares,0000320193-17-000070,
AAPL,Per Share,Diluted Shares,WeightedAverageNumberOfDilutedSharesOutstanding,2018,FY,Annual,2016-09-25,2017-09-30,2018-11-05,10-K,5251692000,shares,0000320193-18-000145,
AAPL,Per Share,Diluted Shares,WeightedAverageNumberOfDilutedSharesOutstanding,2019,FY,Annual,2016-09-25,2017-09-30,2019-10-31,10-K,5251692000,shares,0000320193-19-000119,CY2017
AAPL,Per Share,Diluted Shares,WeightedAverageNumberOfDilutedSharesOutstanding,2018,FY,Annual,2017-10-01,2018-09-29,2018-11-05,10-K,5000109000,shares,0000320193-18-000145,
AAPL,Per Share,Diluted Shares,WeightedAverageNumberOfDilutedSharesOutstanding,2019,FY,Annual,2017-10-01,2018-09-29,2019-10-31,10-K,5000109000,shares,0000320193-19-000119,
AAPL,Per Share,Diluted Shares,WeightedAverageNumberOfDilutedSharesOutstanding,2020,FY,Annual,2017-10-01,2018-09-29,2020-10-30,10-K,20000435000,shares,0000320193-20-000096,CY2018
AAPL,Per Share,Diluted Shares,WeightedAverageNumberOfDilutedSharesOutstanding,2019,FY,Annual,2018-09-30,2019-09-28,2019-10-31,10-K,4648913000,shares,0000320193-19-000119,
AAPL,Per Share,Diluted Shares,WeightedAverageNumberOfDilutedSharesOutstanding,2020,FY,Annual,2018-09-30,2019-09-28,2020-10-30,10-K,18595651000,shares,0000320193-20-000096,
AAPL,Per Share,Diluted Shares,WeightedAverageNumberOfDilutedSharesOutstanding,2021,FY,Annual,2018-09-30,2019-09-28,2021-10-29,10-K,18595651000,shares,0000320193-21-000105,CY2019
AAPL,Per Share,Diluted Shares,WeightedAverageNumberOfDilutedSharesOutstanding,2020,FY,Annual,2019-09-29,2020-09-26,2020-10-30,10-K,17528214000,shares,0000320193-20-000096,
AAPL,Per Share,Diluted Shares,WeightedAverageNumberOfDilutedSharesOutstanding,2021,FY,Annual,2019-09-29,2020-09-26,2021-10-29,10-K,17528214000,shares,0000320193-21-000105,
AAPL,Per Share,Diluted Shares,WeightedAverageNumberOfDilutedSharesOutstanding,2022,FY,Annual,2019-09-29,2020-09-26,2022-10-28,10-K,17528214000,shares,0000320193-22-000108,CY2020
AAPL,Per Share,Diluted Shares,WeightedAverageNumberOfDilutedSharesOutstanding,2021,FY,Annual,2020-09-27,2021-09-25,2021-10-29,10-K,16864919000,shares,0000320193-21-000105,
AAPL,Per Share,Diluted Shares,WeightedAverageNumberOfDilutedSharesOutstanding,2022,FY,Annual,2020-09-27,2021-09-25,2022-10-28,10-K,16864919000,shares,0000320193-22-000108,
AAPL,Per Share,Diluted Shares,WeightedAverageNumberOfDilutedSharesOutstanding,2023,FY,Annual,2020-09-27,2021-09-25,2023-11-03,10-K,16864919000,shares,0000320193-23-000106,CY2021
AAPL,Per Share,Diluted Shares,WeightedAverageNumberOfDilutedSharesOutstanding,2022,FY,Annual,2021-09-26,2022-09-24,2022-10-28,10-K,16325819000,shares,0000320193-22-000108,
AAPL,Per Share,Diluted Shares,WeightedAverageNumberOfDilutedSharesOutstanding,2023,FY,Annual,2021-09-26,2022-09-24,2023-11-03,10-K,16325819000,shares,0000320193-23-000106,
AAPL,Per Share,Diluted Shares,WeightedAverageNumberOfDilutedSharesOutstanding,2024,FY,Annual,2021-09-26,2022-09-24,2024-11-01,10-K,16325819000,shares,0000320193-24-000123,CY2022
AAPL,Per Share,Diluted Shares,WeightedAverageNumberOfDilutedSharesOutstanding,2023,FY,Annual,2022-09-25,2023-09-30,2023-11-03,10-K,15812547000,shares,0000320193-23-000106,
AAPL,Per Share,Diluted Shares,WeightedAverageNumberOfDilutedSharesOutstanding,2024,FY,Annual,2022-09-25,2023-09-30,2024-11-01,10-K,15812547000,shares,0000320193-24-000123,
AAPL,Per Share,Diluted Shares,WeightedAverageNumberOfDilutedSharesOutstanding,2025,FY,Annual,2022-09-25,2023-09-30,2025-10-31,10-K,15812547000,shares,0000320193-25-000079,CY2023
AAPL,Per Share,Diluted Shares,WeightedAverageNumberOfDilutedSharesOutstanding,2024,FY,Annual,2023-10-01,2024-09-28,2024-11-01,10-K,15408095000,shares,0000320193-24-000123,
AAPL,Per Share,Diluted Shares,WeightedAverageNumberOfDilutedSharesOutstanding,2025,FY,Annual,2023-10-01,2024-09-28,2025-10-31,10-K,15408095000,shares,0000320193-25-000079,CY2024
AAPL,Per Share,Diluted Shares,WeightedAverageNumberOfDilutedSharesOutstanding,2025,FY,Annual,2024-09-29,2025-09-27,2025-10-31,10-K,15004697000,shares,0000320193-25-000079,CY2025
AAPL,Per Share,Diluted Shares,WeightedAverageNumberOfDilutedSharesOutstanding,2010,Q1,Quarter,2008-09-28,2008-12-27,2010-01-25,10-Q,901494000,shares,0001193125-10-012085,CY2008Q4
AAPL,Per Share,Diluted Shares,WeightedAverageNumberOfDilutedSharesOutstanding,2010,Q1,Quarter,2009-09-27,2009-12-26,2010-01-25,10-Q,919783000,shares,0001193125-10-012085,
AAPL,Per Share,Diluted Shares,WeightedAverageNumberOfDilutedSharesOutstanding,2011,Q1,Quarter,2009-09-27,2009-12-26,2011-01-19,10-Q,919783000,shares,0001193125-11-010144,CY2009Q4
AAPL,Per Share,Diluted Shares,WeightedAverageNumberOfDilutedSharesOutstanding,2011,Q1,Quarter,2010-09-26,2010-12-25,2011-01-19,10-Q,933154000,shares,0001193125-11-010144,
AAPL,Per Share,Diluted Shares,WeightedAverageNumberOfDilutedSharesOutstanding,2012,Q1,Quarter,2010-09-26,2010-12-25,2012-01-25,10-Q,933154000,shares,0001193125-12-023398,CY2010Q4
AAPL,Per Share,Diluted Shares,WeightedAverageNumberOfDilutedSharesOutstanding,2012,Q1,Quarter,2011-09-25,2011-12-31,2012-01-25,10-Q,941572000,shares,0001193125-12-023398,
AAPL,Per Share,Diluted Shares,WeightedAverageNumberOfDilutedSharesOutstanding,2013,Q1,Quarter,2011-09-25,2011-12-31,2013-01-24,10-Q,941572000,shares,0001193125-13-022339,CY2011Q4
AAPL,Per Share,Diluted Shares,WeightedAverageNumberOfDilutedSharesOutstanding,2013,Q1,Quarter,2012-09-30,2012-12-29,2013-01-24,10-Q,947217000,shares,0001193125-13-022339,
AAPL,Per Share,Diluted Shares,WeightedAverageNumberOfDilutedSharesOutstanding,2014,Q1,Quarter,2012-09-30,2012-12-29,2014-01-28,10-Q,947217000,shares,0001193125-14-024487,CY2012Q4
AAPL,Per Share,Diluted Shares,WeightedAverageNumberOfDilutedSharesOutstanding,2014,Q1,Quarter,2013-09-29,2013-12-28,2014-01-28,10-Q,901452000,shares,0001193125-14-024487,
AAPL,Per Share,Diluted Shares,WeightedAverageNumberOfDilutedSharesOutstanding,2015,Q1,Quarter,2013-09-29,2013-12-28,2015-01-28,10-Q,6310161000,shares,0001193125-15-023697,CY2013Q4
AAPL,Per Share,Diluted Shares,WeightedAverageNumberOfDilutedSharesOutstanding,2015,Q1,Quarter,2014-09-28,2014-12-27,2015-01-28,10-Q,5881803000,shares,0001193125-15-023697,
AAPL,Per Share,Diluted Shares,WeightedAverageNumberOfDilutedSharesOutstanding,2016,Q1,Quarter,2014-09-28,2014-12-27,2016-01-27,10-Q,5881803000,shares,0001193125-16-439878,CY2014Q4
AAPL,Per Share,Diluted Shares,WeightedAverageNumberOfDilutedSharesOutstanding,2016,Q1,Quarter,2015-09-27,2015-12-26,2016-01-27,10-Q,5594127000,shares,0001193125-16-439878,
AAPL,Per Share,Diluted Shares,WeightedAverageNumberOfDilutedSharesOutstanding,2017,Q1,Quarter,2015-09-27,2015-12-26,2017-02-01,10-Q,5594127000,shares,0001628280-17-000717,CY2015Q4
AAPL,Per Share,Diluted Shares,WeightedAverageNumberOfDilutedSharesOutstanding,2017,Q1,Quarter,2016-09-25,2016-12-31,2017-02-01,10-Q,5327995000,shares,0001628280-17-000717,
AAPL,Per Share,Diluted Shares,WeightedAverageNumberOfDilutedSharesOutstanding,2018,Q1,Quarter,2016-09-25,2016-12-31,2018-02-02,10-Q,5327995000,shares,0000320193-18-000007,CY2016Q4
AAPL,Per Share,Diluted Shares,WeightedAverageNumberOfDilutedSharesOutstanding,2018,Q1,Quarter,2017-10-01,2017-12-30,2018-02-02,10-Q,5157787000,shares,0000320193-18-000007,
AAPL,Per Share,Diluted Shares,WeightedAverageNumberOfDilutedSharesOutstanding,2019,Q1,Quarter,2017-10-01,2017-12-30,2019-01-30,10-Q,5157787000,shares,0000320193-19-000010,CY2017Q4
AAPL,Per Share,Diluted Shares,WeightedAverageNumberOfDilutedSharesOutstanding,2019,Q1,Quarter,2018-09-30,2018-12-29,2019-01-30,10-Q,4773252000,shares,0000320193-19-000010,
AAPL,Per Share,Diluted Shares,WeightedAverageNumberOfDilutedSharesOutstanding,2020,Q1,Quarter,2018-09-30,2018-12-29,2020-01-29,10-Q,4773252000,shares,0000320193-20-000010,CY2018Q4
AAPL,Per Share,Diluted Shares,WeightedAverageNumberOfDilutedSharesOutstanding,2020,Q1,Quarter,2019-09-29,2019-12-28,2020-01-29,10-Q,4454604000,shares,0000320193-20-000010,
AAPL,Per Share,Diluted Shares,WeightedAverageNumberOfDilutedSharesOutstanding,2021,Q1,Quarter,2019-09-29,2019-12-28,2021-01-28,10-Q,17818417000,shares,0000320193-21-000010,CY2019Q4
AAPL,Per Share,Diluted Shares,WeightedAverageNumberOfDilutedSharesOutstanding,2021,Q1,Quarter,2020-09-27,2020-12-26,2021-01-28,10-Q,17113688000,shares,0000320193-21-000010,
AAPL,Per Share,Diluted Shares,WeightedAverageNumberOfDilutedSharesOutstanding,2022,Q1,Quarter,2020-09-27,2020-12-26,2022-01-28,10-Q,17113688000,shares,0000320193-22-000007,CY2020Q4
AAPL,Per Share,Diluted Shares,WeightedAverageNumberOfDilutedSharesOutstanding,2022,Q1,Quarter,2021-09-26,2021-12-25,2022-01-28,10-Q,16519291000,shares,0000320193-22-000007,
AAPL,Per Share,Diluted Shares,WeightedAverageNumberOfDilutedSharesOutstanding,2023,Q1,Quarter,2021-09-26,2021-12-25,2023-02-03,10-Q,16519291000,shares,0000320193-23-000006,CY2021Q4
AAPL,Per Share,Diluted Shares,WeightedAverageNumberOfDilutedSharesOutstanding,2023,Q1,Quarter,2022-09-25,2022-12-31,2023-02-03,10-Q,15955718000,shares,0000320193-23-000006,
AAPL,Per Share,Diluted Shares,WeightedAverageNumberOfDilutedSharesOutstanding,2024,Q1,Quarter,2022-09-25,2022-12-31,2024-02-02,10-Q,15955718000,shares,0000320193-24-000006,CY2022Q4
AAPL,Per Share,Diluted Shares,WeightedAverageNumberOfDilutedSharesOutstanding,2024,Q1,Quarter,2023-10-01,2023-12-30,2024-02-02,10-Q,15576641000,shares,0000320193-24-000006,
AAPL,Per Share,Diluted Shares,WeightedAverageNumberOfDilutedSharesOutstanding,2025,Q1,Quarter,2023-10-01,2023-12-30,2025-01-31,10-Q,15576641000,shares,0000320193-25-000008,CY2023Q4
AAPL,Per Share,Diluted Shares,WeightedAverageNumberOfDilutedSharesOutstanding,2025,Q1,Quarter,2024-09-29,2024-12-28,2025-01-31,10-Q,15150865000,shares,0000320193-25-000008,
AAPL,Per Share,Diluted Shares,WeightedAverageNumberOfDilutedSharesOutstanding,2026,Q1,Quarter,2024-09-29,2024-12-28,2026-01-30,10-Q,15150865000,shares,0000320193-26-000006,CY2024Q4
AAPL,Per Share,Diluted Shares,WeightedAverageNumberOfDilutedSharesOutstanding,2026,Q1,Quarter,2025-09-28,2025-12-27,2026-01-30,10-Q,14810356000,shares,0000320193-26-000006,CY2025Q4
AAPL,Per Share,Diluted Shares,WeightedAverageNumberOfDilutedSharesOutstanding,2010,Q2,YTD,2008-09-28,2009-03-28,2010-04-21,10-Q,902243000,shares,0001193125-10-088957,
AAPL,Per Share,Diluted Shares,WeightedAverageNumberOfDilutedSharesOutstanding,2010,Q2,Quarter,2008-12-28,2009-03-28,2010-04-21,10-Q,902993000,shares,0001193125-10-088957,CY2009Q1
AAPL,Per Share,Diluted Shares,WeightedAverageNumberOfDilutedSharesOutstanding,2010,Q2,YTD,2009-09-27,2010-03-27,2010-04-21,10-Q,921331000,shares,0001193125-10-088957,
AAPL,Per Share,Diluted Shares,WeightedAverageNumberOfDilutedSharesOutstanding,2011,Q2,YTD,2009-09-27,2010-03-27,2011-04-21,10-Q,921331000,shares,0001193125-11-104388,
AAPL,Per Share,Diluted Shares,WeightedAverageNumberOfDilutedSharesOutstanding,2010,Q2,Quarter,2009-12-27,2010-03-27,2010-04-21,10-Q,922878000,shares,0001193125-10-088957,
AAPL,Per Share,Diluted Shares,WeightedAverageNumberOfDilutedSharesOutstanding,2011,Q2,Quarter,2009-12-27,2010-03-27,2011-04-21,10-Q,922878000,shares,0001193125-11-104388,CY2010Q1
AAPL,Per Share,Diluted Shares,WeightedAverageNumberOfDilutedSharesOutstanding,2011,Q2,YTD,2010-09-26,2011-03-26,2011-04-21,10-Q,934549000,shares,0001193125-11-104388,
AAPL,Per Share,Diluted Shares,WeightedAverageNumberOfDilutedSharesOutstanding,2012,Q2,YTD,2010-09-26,2011-03-26,2012-04-25,10-Q,934549000,shares,0001193125-12-182321,
AAPL,Per Share,Diluted Shares,WeightedAverageNumberOfDilutedSharesOutstanding,2011,Q2,Quarter,2010-12-26,2011-03-26,2011-04-21,10-Q,935944000,shares,0001193125-11-104388,
AAPL,Per Share,Diluted Shares,WeightedAverageNumberOfDilutedSharesOutstanding,2012,Q2,Quarter,2010-12-26,2011-03-26,2012-04-25,10-Q,935944000,shares,0001193125-12-182321,CY2011Q1
AAPL,Per Share,Diluted Shares,WeightedAverageNumberOfDilutedSharesOutstanding,2012,Q2,YTD,2011-09-25,2012-03-31,2012-04-25,10-Q,943185000,shares,0001193125-12-182321,
AAPL,Per Share,Diluted Shares,WeightedAverageNumberOfDilutedSharesOutstanding,2013,Q2,YTD,2011-09-25,2012-03-31,2013-04-24,10-Q,943185000,shares,0001193125-13-168288,
AAPL,Per Share,Diluted Shares,WeightedAverageNumberOfDilutedSharesOutstanding,2012,Q2,Quarter,2012-01-01,2012-03-31,2012-04-25,10-Q,944893000,shares,0001193125-12-182321,
AAPL,Per Share,Diluted Shares,WeightedAverageNumberOfDilutedSharesOutstanding,2013,Q2,Quarter,2012-01-01,2012-03-31,2013-04-24,10-Q,944893000,shares,0001193125-13-168288,CY2012Q1
AAPL,Per Share,Diluted Shares,WeightedAverageNumberOfDilutedSharesOutstanding,2013,Q2,YTD,2012-09-30,2013-03-30,2013-04-24,10-Q,946626000,shares,0001193125-13-168288,
AAPL,Per Share,Diluted Shares,WeightedAverageNumberOfDilutedSharesOutstanding,2014,Q2,YTD,2012-09-30,2013-03-30,2014-04-24,10-Q,946626000,shares,0001193125-14-157311,
AAPL,Per Share,Diluted Shares,WeightedAverageNumberOfDilutedSharesOutstanding,2013,Q2,Quarter,2012-12-30,2013-03-30,2013-04-24,10-Q,946035000,shares,0001193125-13-168288,
AAPL,Per Share,Diluted Shares,WeightedAverageNumberOfDilutedSharesOutstanding,2014,Q2,Quarter,2012-12-30,2013-03-30,2014-04-24,10-Q,946035000,shares,0001193125-14-157311,CY2013Q1
AAPL,Per Share,Diluted Shares,WeightedAverageNumberOfDilutedSharesOutstanding,2014,Q2,YTD,2013-09-29,2014-03-29,2014-04-24,10-Q,890490000,shares,0001193125-14-157311,
AAPL,Per Share,Diluted Shares,WeightedAverageNumberOfDilutedSharesOutstanding,2015,Q2,YTD,2013-09-29,2014-03-29,2015-04-28,10-Q,6233430000,shares,0001193125-15-153166,
AAPL,Per Share,Diluted Shares,WeightedAverageNumberOfDilutedSharesOutstanding,2014,Q2,Quarter,2013-12-29,2014-03-29,2014-04-24,10-Q,879528000,shares,0001193125-14-157311,
AAPL,Per Share,Diluted Shares,WeightedAverageNumberOfDilutedSharesOutstanding,2015,Q2,Quarter,2013-12-29,2014-03-29,2015-04-28,10-Q,6156699000,shares,0001193125-15-153166,CY2014Q1
AAPL,Per Share,Diluted Shares,WeightedAverageNumberOfDilutedSharesOutstanding,2015,Q2,YTD,2014-09-28,2015-03-28,2015-04-28,10-Q,5858330000,shares,0001193125-15-153166,
AAPL,Per Share,Diluted Shares,WeightedAverageNumberOfDilutedSharesOutstanding,2016,Q2,YTD,2014-09-28,2015-03-28,2016-04-27,10-Q,5858330000,shares,0001193125-16-559625,
AAPL,Per Share,Diluted Shares,WeightedAverageNumberOfDilutedSharesOutstanding,2015,Q2,Quarter,2014-12-28,2015-03-28,2015-04-28,10-Q,5834858000,shares,0001193125-15-153166,
AAPL,Per Share,Diluted Shares,WeightedAverageNumberOfDilutedSharesOutstanding,2016,Q2,Quarter,2014-12-28,2015-03-28,2016-04-27,10-Q,5834858000,shares,0001193125-16-559625,CY2015Q1
AAPL,Per Share,Diluted Shares,WeightedAverageNumberOfDilutedSharesOutstanding,2016,Q2,YTD,2015-09-27,2016-03-26,2016-04-27,10-Q,5567506000,shares,0001193125-16-559625,
AAPL,Per Share,Diluted Shares,WeightedAverageNumberOfDilutedSharesOutstanding,2017,Q2,YTD,2015-09-27,2016-03-26,2017-05-03,10-Q,5567506000,shares,0001628280-17-004790,
AAPL,Per Share,Diluted Shares,WeightedAverageNumberOfDilutedSharesOutstanding,2016,Q2,Quarter,2015-12-27,2016-03-26,2016-04-27,10-Q,5540886000,shares,0001193125-16-559625,
AAPL,Per Share,Diluted Shares,WeightedAverageNumberOfDilutedSharesOutstanding,2017,Q2,Quarter,2015-12-27,2016-03-26,2017-05-03,10-Q,5540886000,shares,0001628280-17-004790,CY2016Q1
AAPL,Per Share,Diluted Shares,WeightedAverageNumberOfDilutedSharesOutstanding,2017,Q2,YTD,2016-09-25,2017-04-01,2017-05-03,10-Q,5294841000,shares,0001628280-17-004790,
AAPL,Per Share,Diluted Shares,WeightedAverageNumberOfDilutedSharesOutstanding,2018,Q2,YTD,2016-09-25,2017-04-01,2018-05-02,10-Q,5294841000,shares,0000320193-18-000070,
AAPL,Per Share,Diluted Shares,WeightedAverageNumberOfDilutedSharesOutstanding,2017,Q2,Quarter,2017-01-01,2017-04-01,2017-05-03,10-Q,5261688000,shares,0001628280-17-004790,
AAPL,Per Share,Diluted Shares,WeightedAverageNumberOfDilutedSharesOutstanding,2018,Q2,Quarter,2017-01-01,2017-04-01,2018-05-02,10-Q,5261688000,shares,0000320193-18-000070,CY2017Q1
AAPL,Per Share,Diluted Shares,WeightedAverageNumberOfDilutedSharesOutstanding,2018,Q2,YTD,2017-10-01,2018-03-31,2018-05-02,10-Q,5113140000,shares,0000320193-18-000070,
AAPL,Per Share,Diluted Shares,WeightedAverageNumberOfDilutedSharesOutstanding,2019,Q2,YTD,2017-10-01,2018-03-31,2019-05-01,10-Q,5113140000,shares,0000320193-19-000066,
AAPL,Per Share,Diluted Shares,WeightedAverageNumberOfDilutedSharesOutstanding,2018,Q2,Quarter,2017-12-31,2018-03-31,2018-05-02,10-Q,5068493000,shares,0000320193-18-000070,
AAPL,Per Share,Diluted Shares,WeightedAverageNumberOfDilutedSharesOutstanding,2019,Q2,Quarter,2017-12-31,2018-03-31,2019-05-01,10-Q,5068493000,shares,0000320193-19-000066,CY2018Q1
AAPL,Per Share,Diluted Shares,WeightedAverageNumberOfDilutedSharesOutstanding,2019,Q2,YTD,2018-09-30,2019-03-30,2019-05-01,10-Q,4736949000,shares,0000320193-19-000066,
AAPL,Per Share,Diluted Shares,WeightedAverageNumberOfDilutedSharesOutstanding,2020,Q2,YTD,2018-09-30,2019-03-30,2020-05-01,10-Q,4736949000,shares,0000320193-20-000052,
AAPL,Per Share,Diluted Shares,WeightedAverageNumberOfDilutedSharesOutstanding,2019,Q2,Quarter,2018-12-30,2019-03-30,2019-05-01,10-Q,4700646000,shares,0000320193-19-000066,
AAPL,Per Share,Diluted Shares,WeightedAverageNumberOfDilutedSharesOutstanding,2020,Q2,Quarter,2018-12-30,2019-03-30,2020-05-01,10-Q,4700646000,shares,0000320193-20-000052,CY2019Q1
AAPL,Per Share,Diluted Shares,WeightedAverageNumberOfDilutedSharesOutstanding,2020,Q2,YTD,2019-09-29,2020-03-28,2020-05-01,10-Q,4429648000,shares,0000320193-20-000052,
AAPL,Per Share,Diluted Shares,WeightedAverageNumberOfDilutedSharesOutstanding,2021,Q2,YTD,2019-09-29,2020-03-28,2021-04-29,10-Q,17718591000,shares,0000320193-21-000056,
AAPL,Per Share,Diluted Shares,WeightedAverageNumberOfDilutedSharesOutstanding,2020,Q2,Quarter,2019-12-29,2020-03-28,2020-05-01,10-Q,4404691000,shares,0000320193-20-000052,
AAPL,Per Share,Diluted Shares,WeightedAverageNumberOfDilutedSharesOutstanding,2021,Q2,Quarter,2019-12-29,2020-03-28,2021-04-29,10-Q,17618765000,shares,0000320193-21-000056,CY2020Q1
AAPL,Per Share,Diluted Shares,WeightedAverageNumberOfDilutedSharesOutstanding,2021,Q2,YTD,2020-09-27,2021-03-27,2021-04-29,10-Q,17021423000,shares,0000320193-21-000056,
AAPL,Per Share,Diluted Shares,WeightedAverageNumberOfDilutedSharesOutstanding,2022,Q2,YTD,2020-09-27,2021-03-27,2022-04-29,10-Q,17021423000,shares,0000320193-22-000059,
AAPL,Per Share,Diluted Shares,WeightedAverageNumberOfDilutedSharesOutstanding,2021,Q2,Quarter,2020-12-27,2021-03-27,2021-04-29,10-Q,16929157000,shares,0000320193-21-000056,
AAPL,Per Share,Diluted Shares,WeightedAverageNumberOfDilutedSharesOutstanding,2022,Q2,Quarter,2020-12-27,2021-03-27,2022-04-29,10-Q,16929157000,shares,0000320193-22-000059,CY2021Q1
AAPL,Per Share,Diluted Shares,WeightedAverageNumberOfDilutedSharesOutstanding,2022,Q2,YTD,2021-09-26,2022-03-26,2022-04-29,10-Q,16461304000,shares,0000320193-22-000059,
AAPL,Per Share,Diluted Shares,WeightedAverageNumberOfDilutedSharesOutstanding,2023,Q2,YTD,2021-09-26,2022-03-26,2023-05-05,10-Q,16461304000,shares,0000320193-23-000064,
AAPL,Per Share,Diluted Shares,WeightedAverageNumberOfDilutedSharesOutstanding,2022,Q2,Quarter,2021-12-26,2022-03-26,2022-04-29,10-Q,16403316000,shares,0000320193-22-000059,
AAPL,Per Share,Diluted Shares,WeightedAverageNumberOfDilutedSharesOutstanding,2023,Q2,Quarter,2021-12-26,2022-03-26,2023-05-05,10-Q,16403316000,shares,0000320193-23-000064,CY2022Q1
AAPL,Per Share,Diluted Shares,WeightedAverageNumberOfDilutedSharesOutstanding,2023,Q2,YTD,2022-09-25,2023-04-01,2023-05-05,10-Q,15901384000,shares,0000320193-23-000064,
AAPL,Per Share,Diluted Shares,WeightedAverageNumberOfDilutedSharesOutstanding,2024,Q2,YTD,2022-09-25,2023-04-01,2024-05-03,10-Q,15901384000,shares,0000320193-24-000069,
AAPL,Per Share,Diluted Shares,WeightedAverageNumberOfDilutedSharesOutstanding,2023,Q2,Quarter,2023-01-01,2023-04-01,2023-05-05,10-Q,15847050000,shares,0000320193-23-000064,
AAPL,Per Share,Diluted Shares,WeightedAverageNumberOfDilutedSharesOutstanding,2024,Q2,Quarter,2023-01-01,2023-04-01,2024-05-03,10-Q,15847050000,shares,0000320193-24-000069,CY2023Q1
AAPL,Per Share,Diluted Shares,WeightedAverageNumberOfDilutedSharesOutstanding,2024,Q2,YTD,2023-10-01,2024-03-30,2024-05-03,10-Q,15520675000,shares,0000320193-24-000069,
AAPL,Per Share,Diluted Shares,WeightedAverageNumberOfDilutedSharesOutstanding,2025,Q2,YTD,2023-10-01,2024-03-30,2025-05-02,10-Q,15520675000,shares,0000320193-25-000057,
AAPL,Per Share,Diluted Shares,WeightedAverageNumberOfDilutedSharesOutstanding,2024,Q2,Quarter,2023-12-31,2024-03-30,2024-05-03,10-Q,15464709000,shares,0000320193-24-000069,
AAPL,Per Share,Diluted Shares,WeightedAverageNumberOfDilutedSharesOutstanding,2025,Q2,Quarter,2023-12-31,2024-03-30,2025-05-02,10-Q,15464709000,shares,0000320193-25-000057,CY2024Q1
AAPL,Per Share,Diluted Shares,WeightedAverageNumberOfDilutedSharesOutstanding,2025,Q2,YTD,2024-09-29,2025-03-29,2025-05-02,10-Q,15103499000,shares,0000320193-25-000057,
AAPL,Per Share,Diluted Shares,WeightedAverageNumberOfDilutedSharesOutstanding,2026,Q2,YTD,2024-09-29,2025-03-29,2026-05-01,10-Q,15103499000,shares,0000320193-26-000013,
AAPL,Per Share,Diluted Shares,WeightedAverageNumberOfDilutedSharesOutstanding,2025,Q2,Quarter,2024-12-29,2025-03-29,2025-05-02,10-Q,15056133000,shares,0000320193-25-000057,
AAPL,Per Share,Diluted Shares,WeightedAverageNumberOfDilutedSharesOutstanding,2026,Q2,Quarter,2024-12-29,2025-03-29,2026-05-01,10-Q,15056133000,shares,0000320193-26-000013,CY2025Q1
AAPL,Per Share,Diluted Shares,WeightedAverageNumberOfDilutedSharesOutstanding,2026,Q2,YTD,2025-09-28,2026-03-28,2026-05-01,10-Q,14768115000,shares,0000320193-26-000013,
AAPL,Per Share,Diluted Shares,WeightedAverageNumberOfDilutedSharesOutstanding,2026,Q2,Quarter,2025-12-28,2026-03-28,2026-05-01,10-Q,14725873000,shares,0000320193-26-000013,CY2026Q1
AAPL,Per Share,Diluted Shares,WeightedAverageNumberOfDilutedSharesOutstanding,2009,Q3,Annual,2007-09-30,2008-06-28,2009-07-22,10-Q,901028000,shares,0001193125-09-153165,
AAPL,Per Share,Diluted Shares,WeightedAverageNumberOfDilutedSharesOutstanding,2009,Q3,Quarter,2008-03-30,2008-06-28,2009-07-22,10-Q,903167000,shares,0001193125-09-153165,CY2008Q2
AAPL,Per Share,Diluted Shares,WeightedAverageNumberOfDilutedSharesOutstanding,2009,Q3,Annual,2008-09-28,2009-06-27,2009-07-22,10-Q,904549000,shares,0001193125-09-153165,
AAPL,Per Share,Diluted Shares,WeightedAverageNumberOfDilutedSharesOutstanding,2010,Q3,Annual,2008-09-28,2009-06-27,2010-07-21,10-Q,904549000,shares,0001193125-10-162840,
AAPL,Per Share,Diluted Shares,WeightedAverageNumberOfDilutedSharesOutstanding,2009,Q3,Quarter,2009-03-29,2009-06-27,2009-07-22,10-Q,909160000,shares,0001193125-09-153165,
AAPL,Per Share,Diluted Shares,WeightedAverageNumberOfDilutedSharesOutstanding,2010,Q3,Quarter,2009-03-29,2009-06-27,2010-07-21,10-Q,909160000,shares,0001193125-10-162840,CY2009Q2
AAPL,Per Share,Diluted Shares,WeightedAverageNumberOfDilutedSharesOutstanding,2010,Q3,Annual,2009-09-27,2010-06-26,2010-07-21,10-Q,923341000,shares,0001193125-10-162840,
AAPL,Per Share,Diluted Shares,WeightedAverageNumberOfDilutedSharesOutstanding,2011,Q3,Annual,2009-09-27,2010-06-26,2011-07-20,10-Q,923341000,shares,0001193125-11-192493,
AAPL,Per Share,Diluted Shares,WeightedAverageNumberOfDilutedSharesOutstanding,2010,Q3,Quarter,2010-03-28,2010-06-26,2010-07-21,10-Q,927361000,shares,0001193125-10-162840,
AAPL,Per Share,Diluted Shares,WeightedAverageNumberOfDilutedSharesOutstanding,2011,Q3,Quarter,2010-03-28,2010-06-26,2011-07-20,10-Q,927361000,shares,0001193125-11-192493,CY2010Q2
AAPL,Per Share,Diluted Shares,WeightedAverageNumberOfDilutedSharesOutstanding,2011,Q3,Annual,2010-09-26,2011-06-25,2011-07-20,10-Q,935688000,shares,0001193125-11-192493,
AAPL,Per Share,Diluted Shares,WeightedAverageNumberOfDilutedSharesOutstanding,2012,Q3,Annual,2010-09-26,2011-06-25,2012-07-25,10-Q,935688000,shares,0001193125-12-314552,
AAPL,Per Share,Diluted Shares,WeightedAverageNumberOfDilutedSharesOutstanding,2011,Q3,Quarter,2011-03-27,2011-06-25,2011-07-20,10-Q,937810000,shares,0001193125-11-192493,
AAPL,Per Share,Diluted Shares,WeightedAverageNumberOfDilutedSharesOutstanding,2012,Q3,Quarter,2011-03-27,2011-06-25,2012-07-25,10-Q,937810000,shares,0001193125-12-314552,CY2011Q2
AAPL,Per Share,Diluted Shares,WeightedAverageNumberOfDilutedSharesOutstanding,2012,Q3,Annual,2011-09-25,2012-06-30,2012-07-25,10-Q,944440000,shares,0001193125-12-314552,
AAPL,Per Share,Diluted Shares,WeightedAverageNumberOfDilutedSharesOutstanding,2013,Q3,Annual,2011-09-25,2012-06-30,2013-07-24,10-Q,944440000,shares,0001193125-13-300670,
AAPL,Per Share,Diluted Shares,WeightedAverageNumberOfDilutedSharesOutstanding,2012,Q3,Quarter,2012-04-01,2012-06-30,2012-07-25,10-Q,947059000,shares,0001193125-12-314552,
AAPL,Per Share,Diluted Shares,WeightedAverageNumberOfDilutedSharesOutstanding,2013,Q3,Quarter,2012-04-01,2012-06-30,2013-07-24,10-Q,947059000,shares,0001193125-13-300670,CY2012Q2
AAPL,Per Share,Diluted Shares,WeightedAverageNumberOfDilutedSharesOutstanding,2013,Q3,Annual,2012-09-30,2013-06-29,2013-07-24,10-Q,939172000,shares,0001193125-13-300670,
AAPL,Per Share,Diluted Shares,WeightedAverageNumberOfDilutedSharesOutstanding,2014,Q3,Annual,2012-09-30,2013-06-29,2014-07-23,10-Q,6574205000,shares,0001193125-14-277160,
AAPL,Per Share,Diluted Shares,WeightedAverageNumberOfDilutedSharesOutstanding,2013,Q3,Quarter,2013-03-31,2013-06-29,2013-07-24,10-Q,924265000,shares,0001193125-13-300670,
AAPL,Per Share,Diluted Shares,WeightedAverageNumberOfDilutedSharesOutstanding,2014,Q3,Quarter,2013-03-31,2013-06-29,2014-07-23,10-Q,6469854000,shares,0001193125-14-277160,CY2013Q2
AAPL,Per Share,Diluted Shares,WeightedAverageNumberOfDilutedSharesOutstanding,2014,Q3,Annual,2013-09-29,2014-06-28,2014-07-23,10-Q,6172857000,shares,0001193125-14-277160,
AAPL,Per Share,Diluted Shares,WeightedAverageNumberOfDilutedSharesOutstanding,2015,Q3,Annual,2013-09-29,2014-06-28,2015-07-22,10-Q,6172857000,shares,0001193125-15-259935,
AAPL,Per Share,Diluted Shares,WeightedAverageNumberOfDilutedSharesOutstanding,2014,Q3,Quarter,2014-03-30,2014-06-28,2014-07-23,10-Q,6051711000,shares,0001193125-14-277160,
AAPL,Per Share,Diluted Shares,WeightedAverageNumberOfDilutedSharesOutstanding,2015,Q3,Quarter,2014-03-30,2014-06-28,2015-07-22,10-Q,6051711000,shares,0001193125-15-259935,CY2014Q2
AAPL,Per Share,Diluted Shares,WeightedAverageNumberOfDilutedSharesOutstanding,2015,Q3,Annual,2014-09-28,2015-06-27,2015-07-22,10-Q,5829920000,shares,0001193125-15-259935,
AAPL,Per Share,Diluted Shares,WeightedAverageNumberOfDilutedSharesOutstanding,2016,Q3,Annual,2014-09-28,2015-06-27,2016-07-27,10-Q,5829920000,shares,0001628280-16-017809,
AAPL,Per Share,Diluted Shares,WeightedAverageNumberOfDilutedSharesOutstanding,2015,Q3,Quarter,2015-03-29,2015-06-27,2015-07-22,10-Q,5773099000,shares,0001193125-15-259935,
AAPL,Per Share,Diluted Shares,WeightedAverageNumberOfDilutedSharesOutstanding,2016,Q3,Quarter,2015-03-29,2015-06-27,2016-07-27,10-Q,5773099000,shares,0001628280-16-017809,CY2015Q2
AAPL,Per Share,Diluted Shares,WeightedAverageNumberOfDilutedSharesOutstanding,2016,Q3,Annual,2015-09-27,2016-06-25,2016-07-27,10-Q,5535931000,shares,0001628280-16-017809,
AAPL,Per Share,Diluted Shares,WeightedAverageNumberOfDilutedSharesOutstanding,2017,Q3,Annual,2015-09-27,2016-06-25,2017-08-02,10-Q,5535931000,shares,0000320193-17-000009,
AAPL,Per Share,Diluted Shares,WeightedAverageNumberOfDilutedSharesOutstanding,2016,Q3,Quarter,2016-03-27,2016-06-25,2016-07-27,10-Q,5472781000,shares,0001628280-16-017809,
AAPL,Per Share,Diluted Shares,WeightedAverageNumberOfDilutedSharesOutstanding,2017,Q3,Quarter,2016-03-27,2016-06-25,2017-08-02,10-Q,5472781000,shares,0000320193-17-000009,CY2016Q2
AAPL,Per Share,Diluted Shares,WeightedAverageNumberOfDilutedSharesOutstanding,2017,Q3,Annual,2016-09-25,2017-07-01,2017-08-02,10-Q,5274394000,shares,0000320193-17-000009,
AAPL,Per Share,Diluted Shares,WeightedAverageNumberOfDilutedSharesOutstanding,2018,Q3,Annual,2016-09-25,2017-07-01,2018-08-01,10-Q,5274394000,shares,0000320193-18-000100,
AAPL,Per Share,Diluted Shares,WeightedAverageNumberOfDilutedSharesOutstanding,2017,Q3,Quarter,2017-04-02,2017-07-01,2017-08-02,10-Q,5233499000,shares,0000320193-17-000009,
AAPL,Per Share,Diluted Shares,WeightedAverageNumberOfDilutedSharesOutstanding,2018,Q3,Quarter,2017-04-02,2017-07-01,2018-08-01,10-Q,5233499000,shares,0000320193-18-000100,CY2017Q2
AAPL,Per Share,Diluted Shares,WeightedAverageNumberOfDilutedSharesOutstanding,2018,Q3,Annual,2017-10-01,2018-06-30,2018-08-01,10-Q,5050963000,shares,0000320193-18-000100,
AAPL,Per Share,Diluted Shares,WeightedAverageNumberOfDilutedSharesOutstanding,2019,Q3,Annual,2017-10-01,2018-06-30,2019-07-31,10-Q,5050963000,shares,0000320193-19-000076,
AAPL,Per Share,Diluted Shares,WeightedAverageNumberOfDilutedSharesOutstanding,2018,Q3,Quarter,2018-04-01,2018-06-30,2018-08-01,10-Q,4926609000,shares,0000320193-18-000100,
AAPL,Per Share,Diluted Shares,WeightedAverageNumberOfDilutedSharesOutstanding,2019,Q3,Quarter,2018-04-01,2018-06-30,2019-07-31,10-Q,4926609000,shares,0000320193-19-000076,CY2018Q2
AAPL,Per Share,Diluted Shares,WeightedAverageNumberOfDilutedSharesOutstanding,2019,Q3,Annual,2018-09-30,2019-06-29,2019-07-31,10-Q,4691759000,shares,0000320193-19-000076,
AAPL,Per Share,Diluted Shares,WeightedAverageNumberOfDilutedSharesOutstanding,2020,Q3,Annual,2018-09-30,2019-06-29,2020-07-31,10-Q,4691759000,shares,0000320193-20-000062,
AAPL,Per Share,Diluted Shares,WeightedAverageNumberOfDilutedSharesOutstanding,2019,Q3,Quarter,2019-03-31,2019-06-29,2019-07-31,10-Q,4601380000,shares,0000320193-19-000076,
AAPL,Per Share,Diluted Shares,WeightedAverageNumberOfDilutedSharesOutstanding,2020,Q3,Quarter,2019-03-31,2019-06-29,2020-07-31,10-Q,4601380000,shares,0000320193-20-000062,CY2019Q2
AAPL,Per Share,Diluted Shares,WeightedAverageNumberOfDilutedSharesOutstanding,2020,Q3,Annual,2019-09-29,2020-06-27,2020-07-31,10-Q,4404695000,shares,0000320193-20-000062,
AAPL,Per Share,Diluted Shares,WeightedAverageNumberOfDilutedSharesOutstanding,2021,Q3,Annual,2019-09-29,2020-06-27,2021-07-28,10-Q,17618778000,shares,0000320193-21-000065,
AAPL,Per Share,Diluted Shares,WeightedAverageNumberOfDilutedSharesOutstanding,2020,Q3,Quarter,2020-03-29,2020-06-27,2020-07-31,10-Q,4354788000,shares,0000320193-20-000062,
AAPL,Per Share,Diluted Shares,WeightedAverageNumberOfDilutedSharesOutstanding,2021,Q3,Quarter,2020-03-29,2020-06-27,2021-07-28,10-Q,17419154000,shares,0000320193-21-000065,CY2020Q2
AAPL,Per Share,Diluted Shares,WeightedAverageNumberOfDilutedSharesOutstanding,2021,Q3,Annual,2020-09-27,2021-06-26,2021-07-28,10-Q,16941527000,shares,0000320193-21-000065,
AAPL,Per Share,Diluted Shares,WeightedAverageNumberOfDilutedSharesOutstanding,2022,Q3,Annual,2020-09-27,2021-06-26,2022-07-29,10-Q,16941527000,shares,0000320193-22-000070,
AAPL,Per Share,Diluted Shares,WeightedAverageNumberOfDilutedSharesOutstanding,2021,Q3,Quarter,2021-03-28,2021-06-26,2021-07-28,10-Q,16781735000,shares,0000320193-21-000065,
AAPL,Per Share,Diluted Shares,WeightedAverageNumberOfDilutedSharesOutstanding,2022,Q3,Quarter,2021-03-28,2021-06-26,2022-07-29,10-Q,16781735000,shares,0000320193-22-000070,CY2021Q2
AAPL,Per Share,Diluted Shares,WeightedAverageNumberOfDilutedSharesOutstanding,2022,Q3,Annual,2021-09-26,2022-06-25,2022-07-29,10-Q,16394937000,shares,0000320193-22-000070,
AAPL,Per Share,Diluted Shares,WeightedAverageNumberOfDilutedSharesOutstanding,2023,Q3,Annual,2021-09-26,2022-06-25,2023-08-04,10-Q,16394937000,shares,0000320193-23-000077,
AAPL,Per Share,Diluted Shares,WeightedAverageNumberOfDilutedSharesOutstanding,2022,Q3,Quarter,2022-03-27,2022-06-25,2022-07-29,10-Q,16262203000,shares,0000320193-22-000070,
AAPL,Per Share,Diluted Shares,WeightedAverageNumberOfDilutedSharesOutstanding,2023,Q3,Quarter,2022-03-27,2022-06-25,2023-08-04,10-Q,16262203000,shares,0000320193-23-000077,CY2022Q2
AAPL,Per Share,Diluted Shares,WeightedAverageNumberOfDilutedSharesOutstanding,2023,Q3,Annual,2022-09-25,2023-07-01,2023-08-04,10-Q,15859263000,shares,0000320193-23-000077,
AAPL,Per Share,Diluted Shares,WeightedAverageNumberOfDilutedSharesOutstanding,2024,Q3,Annual,2022-09-25,2023-07-01,2024-08-02,10-Q,15859263000,shares,0000320193-24-000081,
AAPL,Per Share,Diluted Shares,WeightedAverageNumberOfDilutedSharesOutstanding,2023,Q3,Quarter,2023-04-02,2023-07-01,2023-08-04,10-Q,15775021000,shares,0000320193-23-000077,
AAPL,Per Share,Diluted Shares,WeightedAverageNumberOfDilutedSharesOutstanding,2024,Q3,Quarter,2023-04-02,2023-07-01,2024-08-02,10-Q,15775021000,shares,0000320193-24-000081,CY2023Q2
AAPL,Per Share,Diluted Shares,WeightedAverageNumberOfDilutedSharesOutstanding,2024,Q3,Annual,2023-10-01,2024-06-29,2024-08-02,10-Q,15463175000,shares,0000320193-24-000081,
AAPL,Per Share,Diluted Shares,WeightedAverageNumberOfDilutedSharesOutstanding,2025,Q3,Annual,2023-10-01,2024-06-29,2025-08-01,10-Q,15463175000,shares,0000320193-25-000073,
AAPL,Per Share,Diluted Shares,WeightedAverageNumberOfDilutedSharesOutstanding,2024,Q3,Quarter,2024-03-31,2024-06-29,2024-08-02,10-Q,15348175000,shares,0000320193-24-000081,
AAPL,Per Share,Diluted Shares,WeightedAverageNumberOfDilutedSharesOutstanding,2025,Q3,Quarter,2024-03-31,2024-06-29,2025-08-01,10-Q,15348175000,shares,0000320193-25-000073,CY2024Q2
AAPL,Per Share,Diluted Shares,WeightedAverageNumberOfDilutedSharesOutstanding,2025,Q3,Annual,2024-09-29,2025-06-28,2025-08-01,10-Q,15051726000,shares,0000320193-25-000073,
AAPL,Per Share,Diluted Shares,WeightedAverageNumberOfDilutedSharesOutstanding,2026,Q3,Annual,2024-09-29,2025-06-28,2026-07-31,10-Q,15051726000,shares,0000320193-26-000020,
AAPL,Per Share,Diluted Shares,WeightedAverageNumberOfDilutedSharesOutstanding,2025,Q3,Quarter,2025-03-30,2025-06-28,2025-08-01,10-Q,14948179000,shares,0000320193-25-000073,
AAPL,Per Share,Diluted Shares,WeightedAverageNumberOfDilutedSharesOutstanding,2026,Q3,Quarter,2025-03-30,2025-06-28,2026-07-31,10-Q,14948179000,shares,0000320193-26-000020,CY2025Q2
AAPL,Per Share,Diluted Shares,WeightedAverageNumberOfDilutedSharesOutstanding,2026,Q3,Annual,2025-09-28,2026-06-27,2026-07-31,10-Q,14750302000,shares,0000320193-26-000020,
AAPL,Per Share,Diluted Shares,WeightedAverageNumberOfDilutedSharesOutstanding,2026,Q3,Quarter,2026-03-29,2026-06-27,2026-07-31,10-Q,14714676000,shares,0000320193-26-000020,CY2026Q2
AAPL,Per Share,Dividends,CommonStockDividendsPerShareDeclared,2012,FY,Annual,2009-09-27,2010-09-25,2012-10-31,10-K,0,USD/shares,0001193125-12-444068,
AAPL,Per Share,Dividends,CommonStockDividendsPerShareDeclared,2012,FY,Annual,2010-09-26,2011-09-24,2012-10-31,10-K,0,USD/shares,0001193125-12-444068,
AAPL,Per Share,Dividends,CommonStockDividendsPerShareDeclared,2013,FY,Annual,2010-09-26,2011-09-24,2013-10-30,10-K,0,USD/shares,0001193125-13-416534,CY2011
AAPL,Per Share,Dividends,CommonStockDividendsPerShareDeclared,2012,FY,Annual,2011-09-25,2012-09-29,2012-10-31,10-K,2.65,USD/shares,0001193125-12-444068,
AAPL,Per Share,Dividends,CommonStockDividendsPerShareDeclared,2013,FY,Annual,2011-09-25,2012-09-29,2013-10-30,10-K,2.65,USD/shares,0001193125-13-416534,
AAPL,Per Share,Dividends,CommonStockDividendsPerShareDeclared,2014,FY,Annual,2011-09-25,2012-09-29,2014-10-27,10-K,0.38,USD/shares,0001193125-14-383437,
AAPL,Per Share,Dividends,CommonStockDividendsPerShareDeclared,2013,FY,Quarter,2012-07-01,2012-09-29,2013-10-30,10-K,2.65,USD/shares,0001193125-13-416534,
AAPL,Per Share,Dividends,CommonStockDividendsPerShareDeclared,2014,FY,Quarter,2012-07-01,2012-09-29,2014-10-27,10-K,0.38,USD/shares,0001193125-14-383437,
AAPL,Per Share,Dividends,CommonStockDividendsPerShareDeclared,2013,FY,Quarter,2012-09-30,2012-12-29,2013-10-30,10-K,2.65,USD/shares,0001193125-13-416534,
AAPL,Per Share,Dividends,CommonStockDividendsPerShareDeclared,2014,FY,Quarter,2012-09-30,2012-12-29,2014-10-27,10-K,0.38,USD/shares,0001193125-14-383437,
AAPL,Per Share,Dividends,CommonStockDividendsPerShareDeclared,2013,FY,Quarter,2012-12-30,2013-03-30,2013-10-30,10-K,2.65,USD/shares,0001193125-13-416534,
AAPL,Per Share,Dividends,CommonStockDividendsPerShareDeclared,2014,FY,Quarter,2012-12-30,2013-03-30,2014-10-27,10-K,0.38,USD/shares,0001193125-14-383437,
AAPL,Per Share,Dividends,CommonStockDividendsPerShareDeclared,2013,FY,Quarter,2013-03-31,2013-06-29,2013-10-30,10-K,3.05,USD/shares,0001193125-13-416534,
AAPL,Per Share,Dividends,CommonStockDividendsPerShareDeclared,2014,FY,Quarter,2013-03-31,2013-06-29,2014-10-27,10-K,0.44,USD/shares,0001193125-14-383437,
AAPL,Per Share,Dividends,CommonStockDividendsPerShareDeclared,2013,FY,Annual,2012-09-30,2013-09-28,2013-10-30,10-K,11.4,USD/shares,0001193125-13-416534,
AAPL,Per Share,Dividends,CommonStockDividendsPerShareDeclared,2014,FY,Annual,2012-09-30,2013-09-28,2014-10-27,10-K,1.64,USD/shares,0001193125-14-383437,
AAPL,Per Share,Dividends,CommonStockDividendsPerShareDeclared,2015,FY,Annual,2012-09-30,2013-09-28,2015-10-28,10-K,1.64,USD/shares,0001193125-15-356351,CY2013
AAPL,Per Share,Dividends,CommonStockDividendsPerShareDeclared,2013,FY,Quarter,2013-06-30,2013-09-28,2013-10-30,10-K,3.05,USD/shares,0001193125-13-416534,
AAPL,Per Share,Dividends,CommonStockDividendsPerShareDeclared,2014,FY,Quarter,2013-06-30,2013-09-28,2014-10-27,10-K,0.44,USD/shares,0001193125-14-383437,
AAPL,Per Share,Dividends,CommonStockDividendsPerShareDeclared,2014,FY,Quarter,2013-09-29,2013-12-28,2014-10-27,10-K,0.44,USD/shares,0001193125-14-383437,
AAPL,Per Share,Dividends,CommonStockDividendsPerShareDeclared,2015,FY,Quarter,2013-09-29,2013-12-28,2015-10-28,10-K,0.44,USD/shares,0001193125-15-356351,CY2013Q4
AAPL,Per Share,Dividends,CommonStockDividendsPerShareDeclared,2014,FY,Quarter,2013-12-29,2014-03-29,2014-10-27,10-K,0.44,USD/shares,0001193125-14-383437,
AAPL,Per Share,Dividends,CommonStockDividendsPerShareDeclared,2015,FY,Quarter,2013-12-29,2014-03-29,2015-10-28,10-K,0.44,USD/shares,0001193125-15-356351,CY2014Q1
AAPL,Per Share,Dividends,CommonStockDividendsPerShareDeclared,2014,FY,Quarter,2014-03-30,2014-06-28,2014-10-27,10-K,0.47,USD/shares,0001193125-14-383437,
AAPL,Per Share,Dividends,CommonStockDividendsPerShareDeclared,2015,FY,Quarter,2014-03-30,2014-06-28,2015-10-28,10-K,0.47,USD/shares,0001193125-15-356351,CY2014Q2
AAPL,Per Share,Dividends,CommonStockDividendsPerShareDeclared,2014,FY,Annual,2013-09-29,2014-09-27,2014-10-27,10-K,1.82,USD/shares,0001193125-14-383437,
AAPL,Per Share,Dividends,CommonStockDividendsPerShareDeclared,2015,FY,Annual,2013-09-29,2014-09-27,2015-10-28,10-K,1.82,USD/shares,0001193125-15-356351,
AAPL,Per Share,Dividends,CommonStockDividendsPerShareDeclared,2016,FY,Annual,2013-09-29,2014-09-27,2016-10-26,10-K,1.82,USD/shares,0001628280-16-020309,CY2014
AAPL,Per Share,Dividends,CommonStockDividendsPerShareDeclared,2014,FY,Quarter,2014-06-29,2014-09-27,2014-10-27,10-K,0.47,USD/shares,0001193125-14-383437,
AAPL,Per Share,Dividends,CommonStockDividendsPerShareDeclared,2015,FY,Quarter,2014-06-29,2014-09-27,2015-10-28,10-K,0.47,USD/shares,0001193125-15-356351,CY2014Q3
AAPL,Per Share,Dividends,CommonStockDividendsPerShareDeclared,2015,FY,Quarter,2014-09-28,2014-12-27,2015-10-28,10-K,0.47,USD/shares,0001193125-15-356351,
AAPL,Per Share,Dividends,CommonStockDividendsPerShareDeclared,2016,FY,Quarter,2014-09-28,2014-12-27,2016-10-26,10-K,0.47,USD/shares,0001628280-16-020309,CY2014Q4
AAPL,Per Share,Dividends,CommonStockDividendsPerShareDeclared,2015,FY,Quarter,2014-12-28,2015-03-28,2015-10-28,10-K,0.47,USD/shares,0001193125-15-356351,
AAPL,Per Share,Dividends,CommonStockDividendsPerShareDeclared,2016,FY,Quarter,2014-12-28,2015-03-28,2016-10-26,10-K,0.47,USD/shares,0001628280-16-020309,CY2015Q1
AAPL,Per Share,Dividends,CommonStockDividendsPerShareDeclared,2015,FY,Quarter,2015-03-29,2015-06-27,2015-10-28,10-K,0.52,USD/shares,0001193125-15-356351,
AAPL,Per Share,Dividends,CommonStockDividendsPerShareDeclared,2016,FY,Quarter,2015-03-29,2015-06-27,2016-10-26,10-K,0.52,USD/shares,0001628280-16-020309,CY2015Q2
AAPL,Per Share,Dividends,CommonStockDividendsPerShareDeclared,2015,FY,Annual,2014-09-28,2015-09-26,2015-10-28,10-K,1.98,USD/shares,0001193125-15-356351,
AAPL,Per Share,Dividends,CommonStockDividendsPerShareDeclared,2016,FY,Annual,2014-09-28,2015-09-26,2016-10-26,10-K,1.98,USD/shares,0001628280-16-020309,
AAPL,Per Share,Dividends,CommonStockDividendsPerShareDeclared,2017,FY,Annual,2014-09-28,2015-09-26,2017-11-03,10-K,1.98,USD/shares,0000320193-17-000070,CY2015
AAPL,Per Share,Dividends,CommonStockDividendsPerShareDeclared,2015,FY,Quarter,2015-06-28,2015-09-26,2015-10-28,10-K,0.52,USD/shares,0001193125-15-356351,
AAPL,Per Share,Dividends,CommonStockDividendsPerShareDeclared,2016,FY,Quarter,2015-06-28,2015-09-26,2016-10-26,10-K,0.52,USD/shares,0001628280-16-020309,CY2015Q3
AAPL,Per Share,Dividends,CommonStockDividendsPerShareDeclared,2016,FY,Quarter,2015-09-27,2015-12-26,2016-10-26,10-K,0.52,USD/shares,0001628280-16-020309,
AAPL,Per Share,Dividends,CommonStockDividendsPerShareDeclared,2017,FY,Quarter,2015-09-27,2015-12-26,2017-11-03,10-K,0.52,USD/shares,0000320193-17-000070,CY2015Q4
AAPL,Per Share,Dividends,CommonStockDividendsPerShareDeclared,2016,FY,Quarter,2015-12-27,2016-03-26,2016-10-26,10-K,0.52,USD/shares,0001628280-16-020309,
AAPL,Per Share,Dividends,CommonStockDividendsPerShareDeclared,2017,FY,Quarter,2015-12-27,2016-03-26,2017-11-03,10-K,0.52,USD/shares,0000320193-17-000070,CY2016Q1
AAPL,Per Share,Dividends,CommonStockDividendsPerShareDeclared,2016,FY,Quarter,2016-03-27,2016-06-25,2016-10-26,10-K,0.57,USD/shares,0001628280-16-020309,
AAPL,Per Share,Dividends,CommonStockDividendsPerShareDeclared,2017,FY,Quarter,2016-03-27,2016-06-25,2017-11-03,10-K,0.57,USD/shares,0000320193-17-000070,CY2016Q2
AAPL,Per Share,Dividends,CommonStockDividendsPerShareDeclared,2016,FY,Annual,2015-09-27,2016-09-24,2016-10-26,10-K,2.18,USD/shares,0001628280-16-020309,
AAPL,Per Share,Dividends,CommonStockDividendsPerShareDeclared,2017,FY,Annual,2015-09-27,2016-09-24,2017-11-03,10-K,2.18,USD/shares,0000320193-17-000070,
AAPL,Per Share,Dividends,CommonStockDividendsPerShareDeclared,2018,FY,Annual,2015-09-27,2016-09-24,2018-11-05,10-K,2.18,USD/shares,0000320193-18-000145,CY2016
AAPL,Per Share,Dividends,CommonStockDividendsPerShareDeclared,2016,FY,Quarter,2016-06-26,2016-09-24,2016-10-26,10-K,0.57,USD/shares,0001628280-16-020309,
AAPL,Per Share,Dividends,CommonStockDividendsPerShareDeclared,2017,FY,Quarter,2016-06-26,2016-09-24,2017-11-03,10-K,0.57,USD/shares,0000320193-17-000070,CY2016Q3
AAPL,Per Share,Dividends,CommonStockDividendsPerShareDeclared,2017,FY,Quarter,2016-09-25,2016-12-31,2017-11-03,10-K,0.57,USD/shares,0000320193-17-000070,
AAPL,Per Share,Dividends,CommonStockDividendsPerShareDeclared,2017,FY,Quarter,2017-01-01,2017-04-01,2017-11-03,10-K,0.57,USD/shares,0000320193-17-000070,
AAPL,Per Share,Dividends,CommonStockDividendsPerShareDeclared,2017,FY,Quarter,2017-04-02,2017-07-01,2017-11-03,10-K,0.63,USD/shares,0000320193-17-000070,
AAPL,Per Share,Dividends,CommonStockDividendsPerShareDeclared,2017,FY,Annual,2016-09-25,2017-09-30,2017-11-03,10-K,2.4,USD/shares,0000320193-17-000070,
AAPL,Per Share,Dividends,CommonStockDividendsPerShareDeclared,2018,FY,Annual,2016-09-25,2017-09-30,2018-11-05,10-K,2.4,USD/shares,0000320193-18-000145,
AAPL,Per Share,Dividends,CommonStockDividendsPerShareDeclared,2019,FY,Annual,2016-09-25,2017-09-30,2019-10-31,10-K,2.4,USD/shares,0000320193-19-000119,CY2017
AAPL,Per Share,Dividends,CommonStockDividendsPerShareDeclared,2017,FY,Quarter,2017-07-02,2017-09-30,2017-11-03,10-K,0.63,USD/shares,0000320193-17-000070,
AAPL,Per Share,Dividends,CommonStockDividendsPerShareDeclared,2018,FY,Annual,2017-10-01,2018-09-29,2018-11-05,10-K,2.72,USD/shares,0000320193-18-000145,
AAPL,Per Share,Dividends,CommonStockDividendsPerShareDeclared,2019,FY,Annual,2017-10-01,2018-09-29,2019-10-31,10-K,2.72,USD/shares,0000320193-19-000119,
AAPL,Per Share,Dividends,CommonStockDividendsPerShareDeclared,2020,FY,Annual,2017-10-01,2018-09-29,2020-10-30,10-K,0.68,USD/shares,0000320193-20-000096,CY2018
AAPL,Per Share,Dividends,CommonStockDividendsPerShareDeclared,2019,FY,Annual,2018-09-30,2019-09-28,2019-10-31,10-K,3,USD/shares,0000320193-19-000119,
AAPL,Per Share,Dividends,CommonStockDividendsPerShareDeclared,2020,FY,Annual,2018-09-30,2019-09-28,2020-10-30,10-K,0.75,USD/shares,0000320193-20-000096,
AAPL,Per Share,Dividends,CommonStockDividendsPerShareDeclared,2021,FY,Annual,2018-09-30,2019-09-28,2021-10-29,10-K,0.75,USD/shares,0000320193-21-000105,CY2019
AAPL,Per Share,Dividends,CommonStockDividendsPerShareDeclared,2020,FY,Annual,2019-09-29,2020-09-26,2020-10-30,10-K,0.795,USD/shares,0000320193-20-000096,
AAPL,Per Share,Dividends,CommonStockDividendsPerShareDeclared,2021,FY,Annual,2019-09-29,2020-09-26,2021-10-29,10-K,0.795,USD/shares,0000320193-21-000105,
AAPL,Per Share,Dividends,CommonStockDividendsPerShareDeclared,2022,FY,Annual,2019-09-29,2020-09-26,2022-10-28,10-K,0.795,USD/shares,0000320193-22-000108,CY2020
AAPL,Per Share,Dividends,CommonStockDividendsPerShareDeclared,2021,FY,Annual,2020-09-27,2021-09-25,2021-10-29,10-K,0.85,USD/shares,0000320193-21-000105,
AAPL,Per Share,Dividends,CommonStockDividendsPerShareDeclared,2022,FY,Annual,2020-09-27,2021-09-25,2022-10-28,10-K,0.85,USD/shares,0000320193-22-000108,
AAPL,Per Share,Dividends,CommonStockDividendsPerShareDeclared,2023,FY,Annual,2020-09-27,2021-09-25,2023-11-03,10-K,0.85,USD/shares,0000320193-23-000106,CY2021
AAPL,Per Share,Dividends,CommonStockDividendsPerShareDeclared,2022,FY,Annual,2021-09-26,2022-09-24,2022-10-28,10-K,0.9,USD/shares,0000320193-22-000108,
AAPL,Per Share,Dividends,CommonStockDividendsPerShareDeclared,2023,FY,Annual,2021-09-26,2022-09-24,2023-11-03,10-K,0.9,USD/shares,0000320193-23-000106,
AAPL,Per Share,Dividends,CommonStockDividendsPerShareDeclared,2024,FY,Annual,2021-09-26,2022-09-24,2024-11-01,10-K,0.9,USD/shares,0000320193-24-000123,CY2022
AAPL,Per Share,Dividends,CommonStockDividendsPerShareDeclared,2023,FY,Annual,2022-09-25,2023-09-30,2023-11-03,10-K,0.94,USD/shares,0000320193-23-000106,
AAPL,Per Share,Dividends,CommonStockDividendsPerShareDeclared,2024,FY,Annual,2022-09-25,2023-09-30,2024-11-01,10-K,0.94,USD/shares,0000320193-24-000123,
AAPL,Per Share,Dividends,CommonStockDividendsPerShareDeclared,2025,FY,Annual,2022-09-25,2023-09-30,2025-10-31,10-K,0.94,USD/shares,0000320193-25-000079,CY2023
AAPL,Per Share,Dividends,CommonStockDividendsPerShareDeclared,2024,FY,Annual,2023-10-01,2024-09-28,2024-11-01,10-K,0.98,USD/shares,0000320193-24-000123,
AAPL,Per Share,Dividends,CommonStockDividendsPerShareDeclared,2025,FY,Annual,2023-10-01,2024-09-28,2025-10-31,10-K,0.98,USD/shares,0000320193-25-000079,CY2024
AAPL,Per Share,Dividends,CommonStockDividendsPerShareDeclared,2025,FY,Annual,2024-09-29,2025-09-27,2025-10-31,10-K,1.02,USD/shares,0000320193-25-000079,CY2025
AAPL,Per Share,Dividends,CommonStockDividendsPerShareDeclared,2013,Q1,Quarter,2011-09-25,2011-12-31,2013-01-24,10-Q,0,USD/shares,0001193125-13-022339,
AAPL,Per Share,Dividends,CommonStockDividendsPerShareDeclared,2013,Q1,Quarter,2012-09-30,2012-12-29,2013-01-24,10-Q,2.65,USD/shares,0001193125-13-022339,
AAPL,Per Share,Dividends,CommonStockDividendsPerShareDeclared,2014,Q1,Quarter,2012-09-30,2012-12-29,2014-01-28,10-Q,2.65,USD/shares,0001193125-14-024487,
AAPL,Per Share,Dividends,CommonStockDividendsPerShareDeclared,2014,Q1,Quarter,2012-12-30,2013-03-30,2014-01-28,10-Q,2.65,USD/shares,0001193125-14-024487,
AAPL,Per Share,Dividends,CommonStockDividendsPerShareDeclared,2014,Q1,Quarter,2013-03-31,2013-06-29,2014-01-28,10-Q,3.05,USD/shares,0001193125-14-024487,
AAPL,Per Share,Dividends,CommonStockDividendsPerShareDeclared,2014,Q1,Annual,2012-09-30,2013-09-28,2014-01-28,10-Q,11.4,USD/shares,0001193125-14-024487,
AAPL,Per Share,Dividends,CommonStockDividendsPerShareDeclared,2014,Q1,Quarter,2013-06-30,2013-09-28,2014-01-28,10-Q,3.05,USD/shares,0001193125-14-024487,
AAPL,Per Share,Dividends,CommonStockDividendsPerShareDeclared,2014,Q1,Quarter,2013-09-29,2013-12-28,2014-01-28,10-Q,3.05,USD/shares,0001193125-14-024487,
AAPL,Per Share,Dividends,CommonStockDividendsPerShareDeclared,2015,Q1,Quarter,2013-09-29,2013-12-28,2015-01-28,10-Q,0.44,USD/shares,0001193125-15-023697,
AAPL,Per Share,Dividends,CommonStockDividendsPerShareDeclared,2015,Q1,Quarter,2013-12-29,2014-03-29,2015-01-28,10-Q,0.44,USD/shares,0001193125-15-023697,
AAPL,Per Share,Dividends,CommonStockDividendsPerShareDeclared,2015,Q1,Quarter,2014-03-30,2014-06-28,2015-01-28,10-Q,0.47,USD/shares,0001193125-15-023697,
AAPL,Per Share,Dividends,CommonStockDividendsPerShareDeclared,2015,Q1,Annual,2013-09-29,2014-09-27,2015-01-28,10-Q,1.82,USD/shares,0001193125-15-023697,
AAPL,Per Share,Dividends,CommonStockDividendsPerShareDeclared,2015,Q1,Quarter,2014-06-29,2014-09-27,2015-01-28,10-Q,0.47,USD/shares,0001193125-15-023697,
AAPL,Per Share,Dividends,CommonStockDividendsPerShareDeclared,2015,Q1,Quarter,2014-09-28,2014-12-27,2015-01-28,10-Q,0.47,USD/shares,0001193125-15-023697,
AAPL,Per Share,Dividends,CommonStockDividendsPerShareDeclared,2016,Q1,Quarter,2014-09-28,2014-12-27,2016-01-27,10-Q,0.47,USD/shares,0001193125-16-439878,
AAPL,Per Share,Dividends,CommonStockDividendsPerShareDeclared,2016,Q1,Quarter,2014-12-28,2015-03-28,2016-01-27,10-Q,0.47,USD/shares,0001193125-16-439878,
AAPL,Per Share,Dividends,CommonStockDividendsPerShareDeclared,2016,Q1,Quarter,2015-03-29,2015-06-27,2016-01-27,10-Q,0.52,USD/shares,0001193125-16-439878,
AAPL,Per Share,Dividends,CommonStockDividendsPerShareDeclared,2016,Q1,Annual,2014-09-28,2015-09-26,2016-01-27,10-Q,1.98,USD/shares,0001193125-16-439878,
AAPL,Per Share,Dividends,CommonStockDividendsPerShareDeclared,2016,Q1,Quarter,2015-06-28,2015-09-26,2016-01-27,10-Q,0.52,USD/shares,0001193125-16-439878,
AAPL,Per Share,Dividends,CommonStockDividendsPerShareDeclared,2016,Q1,Quarter,2015-09-27,2015-12-26,2016-01-27,10-Q,0.52,USD/shares,0001193125-16-439878,
AAPL,Per Share,Dividends,CommonStockDividendsPerShareDeclared,2017,Q1,Quarter,2015-09-27,2015-12-26,2017-02-01,10-Q,0.52,USD/shares,0001628280-17-000717,
AAPL,Per Share,Dividends,CommonStockDividendsPerShareDeclared,2017,Q1,Quarter,2015-12-27,2016-03-26,2017-02-01,10-Q,0.52,USD/shares,0001628280-17-000717,
AAPL,Per Share,Dividends,CommonStockDividendsPerShareDeclared,2017,Q1,Quarter,2016-03-27,2016-06-25,2017-02-01,10-Q,0.57,USD/shares,0001628280-17-000717,
AAPL,Per Share,Dividends,CommonStockDividendsPerShareDeclared,2017,Q1,Annual,2015-09-27,2016-09-24,2017-02-01,10-Q,2.18,USD/shares,0001628280-17-000717,
AAPL,Per Share,Dividends,CommonStockDividendsPerShareDeclared,2017,Q1,Quarter,2016-06-26,2016-09-24,2017-02-01,10-Q,0.57,USD/shares,0001628280-17-000717,
AAPL,Per Share,Dividends,CommonStockDividendsPerShareDeclared,2017,Q1,Quarter,2016-09-25,2016-12-31,2017-02-01,10-Q,0.57,USD/shares,0001628280-17-000717,
AAPL,Per Share,Dividends,CommonStockDividendsPerShareDeclared,2018,Q1,Quarter,2016-09-25,2016-12-31,2018-02-02,10-Q,0.57,USD/shares,0000320193-18-000007,CY2016Q4
AAPL,Per Share,Dividends,CommonStockDividendsPerShareDeclared,2018,Q1,Quarter,2017-01-01,2017-04-01,2018-02-02,10-Q,0.57,USD/shares,0000320193-18-000007,
AAPL,Per Share,Dividends,CommonStockDividendsPerShareDeclared,2018,Q1,Quarter,2017-04-02,2017-07-01,2018-02-02,10-Q,0.63,USD/shares,0000320193-18-000007,
AAPL,Per Share,Dividends,CommonStockDividendsPerShareDeclared,2018,Q1,Annual,2016-09-25,2017-09-30,2018-02-02,10-Q,2.4,USD/shares,0000320193-18-000007,
AAPL,Per Share,Dividends,CommonStockDividendsPerShareDeclared,2018,Q1,Quarter,2017-07-02,2017-09-30,2018-02-02,10-Q,0.63,USD/shares,0000320193-18-000007,CY2017Q3
AAPL,Per Share,Dividends,CommonStockDividendsPerShareDeclared,2018,Q1,Quarter,2017-10-01,2017-12-30,2018-02-02,10-Q,0.63,USD/shares,0000320193-18-000007,
AAPL,Per Share,Dividends,CommonStockDividendsPerShareDeclared,2019,Q1,Quarter,2017-10-01,2017-12-30,2019-01-30,10-Q,0.63,USD/shares,0000320193-19-000010,CY2017Q4
AAPL,Per Share,Dividends,CommonStockDividendsPerShareDeclared,2019,Q1,Quarter,2018-09-30,2018-12-29,2019-01-30,10-Q,0.73,USD/shares,0000320193-19-000010,
AAPL,Per Share,Dividends,CommonStockDividendsPerShareDeclared,2020,Q1,Quarter,2018-09-30,2018-12-29,2020-01-29,10-Q,0.73,USD/shares,0000320193-20-000010,CY2018Q4
AAPL,Per Share,Dividends,CommonStockDividendsPerShareDeclared,2020,Q1,Quarter,2019-09-29,2019-12-28,2020-01-29,10-Q,0.77,USD/shares,0000320193-20-000010,
AAPL,Per Share,Dividends,CommonStockDividendsPerShareDeclared,2021,Q1,Quarter,2019-09-29,2019-12-28,2021-01-28,10-Q,0.1925,USD/shares,0000320193-21-000010,CY2019Q4
AAPL,Per Share,Dividends,CommonStockDividendsPerShareDeclared,2021,Q1,Quarter,2020-09-27,2020-12-26,2021-01-28,10-Q,0.205,USD/shares,0000320193-21-000010,
AAPL,Per Share,Dividends,CommonStockDividendsPerShareDeclared,2022,Q1,Quarter,2020-09-27,2020-12-26,2022-01-28,10-Q,0.205,USD/shares,0000320193-22-000007,CY2020Q4
AAPL,Per Share,Dividends,CommonStockDividendsPerShareDeclared,2022,Q1,Quarter,2021-09-26,2021-12-25,2022-01-28,10-Q,0.22,USD/shares,0000320193-22-000007,
AAPL,Per Share,Dividends,CommonStockDividendsPerShareDeclared,2023,Q1,Quarter,2021-09-26,2021-12-25,2023-02-03,10-Q,0.22,USD/shares,0000320193-23-000006,CY2021Q4
AAPL,Per Share,Dividends,CommonStockDividendsPerShareDeclared,2023,Q1,Quarter,2022-09-25,2022-12-31,2023-02-03,10-Q,0.23,USD/shares,0000320193-23-000006,
AAPL,Per Share,Dividends,CommonStockDividendsPerShareDeclared,2024,Q1,Quarter,2022-09-25,2022-12-31,2024-02-02,10-Q,0.23,USD/shares,0000320193-24-000006,CY2022Q4
AAPL,Per Share,Dividends,CommonStockDividendsPerShareDeclared,2024,Q1,Quarter,2023-10-01,2023-12-30,2024-02-02,10-Q,0.24,USD/shares,0000320193-24-000006,
AAPL,Per Share,Dividends,CommonStockDividendsPerShareDeclared,2025,Q1,Quarter,2023-10-01,2023-12-30,2025-01-31,10-Q,0.24,USD/shares,0000320193-25-000008,CY2023Q4
AAPL,Per Share,Dividends,CommonStockDividendsPerShareDeclared,2025,Q1,Quarter,2024-09-29,2024-12-28,2025-01-31,10-Q,0.25,USD/shares,0000320193-25-000008,
AAPL,Per Share,Dividends,CommonStockDividendsPerShareDeclared,2026,Q1,Quarter,2024-09-29,2024-12-28,2026-01-30,10-Q,0.25,USD/shares,0000320193-26-000006,CY2024Q4
AAPL,Per Share,Dividends,CommonStockDividendsPerShareDeclared,2026,Q1,Quarter,2025-09-28,2025-12-27,2026-01-30,10-Q,0.26,USD/shares,0000320193-26-000006,CY2025Q4
AAPL,Per Share,Dividends,CommonStockDividendsPerShareDeclared,2012,Q2,YTD,2011-09-25,2012-03-31,2012-04-25,10-Q,2.65,USD/shares,0001193125-12-182321,
AAPL,Per Share,Dividends,CommonStockDividendsPerShareDeclared,2013,Q2,YTD,2011-09-25,2012-03-31,2013-04-24,10-Q,0,USD/shares,0001193125-13-168288,
AAPL,Per Share,Dividends,CommonStockDividendsPerShareDeclared,2013,Q2,Quarter,2012-01-01,2012-03-31,2013-04-24,10-Q,0,USD/shares,0001193125-13-168288,
AAPL,Per Share,Dividends,CommonStockDividendsPerShareDeclared,2014,Q2,Quarter,2012-09-30,2012-12-29,2014-04-24,10-Q,2.65,USD/shares,0001193125-14-157311,
AAPL,Per Share,Dividends,CommonStockDividendsPerShareDeclared,2013,Q2,YTD,2012-09-30,2013-03-30,2013-04-24,10-Q,5.3,USD/shares,0001193125-13-168288,
AAPL,Per Share,Dividends,CommonStockDividendsPerShareDeclared,2014,Q2,YTD,2012-09-30,2013-03-30,2014-04-24,10-Q,5.3,USD/shares,0001193125-14-157311,
AAPL,Per Share,Dividends,CommonStockDividendsPerShareDeclared,2013,Q2,Quarter,2012-12-30,2013-03-30,2013-04-24,10-Q,2.65,USD/shares,0001193125-13-168288,
AAPL,Per Share,Dividends,CommonStockDividendsPerShareDeclared,2014,Q2,Quarter,2012-12-30,2013-03-30,2014-04-24,10-Q,2.65,USD/shares,0001193125-14-157311,
AAPL,Per Share,Dividends,CommonStockDividendsPerShareDeclared,2014,Q2,Quarter,2013-03-31,2013-06-29,2014-04-24,10-Q,3.05,USD/shares,0001193125-14-157311,
AAPL,Per Share,Dividends,CommonStockDividendsPerShareDeclared,2014,Q2,Annual,2012-09-30,2013-09-28,2014-04-24,10-Q,11.4,USD/shares,0001193125-14-157311,
AAPL,Per Share,Dividends,CommonStockDividendsPerShareDeclared,2014,Q2,Quarter,2013-06-30,2013-09-28,2014-04-24,10-Q,3.05,USD/shares,0001193125-14-157311,
AAPL,Per Share,Dividends,CommonStockDividendsPerShareDeclared,2014,Q2,Quarter,2013-09-29,2013-12-28,2014-04-24,10-Q,3.05,USD/shares,0001193125-14-157311,
AAPL,Per Share,Dividends,CommonStockDividendsPerShareDeclared,2015,Q2,Quarter,2013-09-29,2013-12-28,2015-04-28,10-Q,0.44,USD/shares,0001193125-15-153166,
AAPL,Per Share,Dividends,CommonStockDividendsPerShareDeclared,2014,Q2,YTD,2013-09-29,2014-03-29,2014-04-24,10-Q,6.1,USD/shares,0001193125-14-157311,
AAPL,Per Share,Dividends,CommonStockDividendsPerShareDeclared,2015,Q2,YTD,2013-09-29,2014-03-29,2015-04-28,10-Q,0.88,USD/shares,0001193125-15-153166,
AAPL,Per Share,Dividends,CommonStockDividendsPerShareDeclared,2014,Q2,Quarter,2013-12-29,2014-03-29,2014-04-24,10-Q,3.05,USD/shares,0001193125-14-157311,
AAPL,Per Share,Dividends,CommonStockDividendsPerShareDeclared,2015,Q2,Quarter,2013-12-29,2014-03-29,2015-04-28,10-Q,0.44,USD/shares,0001193125-15-153166,
AAPL,Per Share,Dividends,CommonStockDividendsPerShareDeclared,2015,Q2,Quarter,2014-03-30,2014-06-28,2015-04-28,10-Q,0.47,USD/shares,0001193125-15-153166,
AAPL,Per Share,Dividends,CommonStockDividendsPerShareDeclared,2015,Q2,Annual,2013-09-29,2014-09-27,2015-04-28,10-Q,1.82,USD/shares,0001193125-15-153166,
AAPL,Per Share,Dividends,CommonStockDividendsPerShareDeclared,2015,Q2,Quarter,2014-06-29,2014-09-27,2015-04-28,10-Q,0.47,USD/shares,0001193125-15-153166,
AAPL,Per Share,Dividends,CommonStockDividendsPerShareDeclared,2015,Q2,Quarter,2014-09-28,2014-12-27,2015-04-28,10-Q,0.47,USD/shares,0001193125-15-153166,
AAPL,Per Share,Dividends,CommonStockDividendsPerShareDeclared,2016,Q2,Quarter,2014-09-28,2014-12-27,2016-04-27,10-Q,0.47,USD/shares,0001193125-16-559625,
AAPL,Per Share,Dividends,CommonStockDividendsPerShareDeclared,2015,Q2,YTD,2014-09-28,2015-03-28,2015-04-28,10-Q,0.94,USD/shares,0001193125-15-153166,
AAPL,Per Share,Dividends,CommonStockDividendsPerShareDeclared,2016,Q2,YTD,2014-09-28,2015-03-28,2016-04-27,10-Q,0.94,USD/shares,0001193125-16-559625,
AAPL,Per Share,Dividends,CommonStockDividendsPerShareDeclared,2015,Q2,Quarter,2014-12-28,2015-03-28,2015-04-28,10-Q,0.47,USD/shares,0001193125-15-153166,
AAPL,Per Share,Dividends,CommonStockDividendsPerShareDeclared,2016,Q2,Quarter,2014-12-28,2015-03-28,2016-04-27,10-Q,0.47,USD/shares,0001193125-16-559625,
AAPL,Per Share,Dividends,CommonStockDividendsPerShareDeclared,2016,Q2,Quarter,2015-03-29,2015-06-27,2016-04-27,10-Q,0.52,USD/shares,0001193125-16-559625,
AAPL,Per Share,Dividends,CommonStockDividendsPerShareDeclared,2016,Q2,Annual,2014-09-28,2015-09-26,2016-04-27,10-Q,1.98,USD/shares,0001193125-16-559625,
AAPL,Per Share,Dividends,CommonStockDividendsPerShareDeclared,2016,Q2,Quarter,2015-06-28,2015-09-26,2016-04-27,10-Q,0.52,USD/shares,0001193125-16-559625,
AAPL,Per Share,Dividends,CommonStockDividendsPerShareDeclared,2016,Q2,Quarter,2015-09-27,2015-12-26,2016-04-27,10-Q,0.52,USD/shares,0001193125-16-559625,
AAPL,Per Share,Dividends,CommonStockDividendsPerShareDeclared,2017,Q2,Quarter,2015-09-27,2015-12-26,2017-05-03,10-Q,0.52,USD/shares,0001628280-17-004790,
AAPL,Per Share,Dividends,CommonStockDividendsPerShareDeclared,2016,Q2,YTD,2015-09-27,2016-03-26,2016-04-27,10-Q,1.04,USD/shares,0001193125-16-559625,
AAPL,Per Share,Dividends,CommonStockDividendsPerShareDeclared,2017,Q2,YTD,2015-09-27,2016-03-26,2017-05-03,10-Q,1.04,USD/shares,0001628280-17-004790,
AAPL,Per Share,Dividends,CommonStockDividendsPerShareDeclared,2016,Q2,Quarter,2015-12-27,2016-03-26,2016-04-27,10-Q,0.52,USD/shares,0001193125-16-559625,
AAPL,Per Share,Dividends,CommonStockDividendsPerShareDeclared,2017,Q2,Quarter,2015-12-27,2016-03-26,2017-05-03,10-Q,0.52,USD/shares,0001628280-17-004790,
AAPL,Per Share,Dividends,CommonStockDividendsPerShareDeclared,2017,Q2,Quarter,2016-03-27,2016-06-25,2017-05-03,10-Q,0.57,USD/shares,0001628280-17-004790,
AAPL,Per Share,Dividends,CommonStockDividendsPerShareDeclared,2017,Q2,Annual,2015-09-27,2016-09-24,2017-05-03,10-Q,2.18,USD/shares,0001628280-17-004790,
AAPL,Per Share,Dividends,CommonStockDividendsPerShareDeclared,2017,Q2,Quarter,2016-06-26,2016-09-24,2017-05-03,10-Q,0.57,USD/shares,0001628280-17-004790,
AAPL,Per Share,Dividends,CommonStockDividendsPerShareDeclared,2017,Q2,Quarter,2016-09-25,2016-12-31,2017-05-03,10-Q,0.57,USD/shares,0001628280-17-004790,
AAPL,Per Share,Dividends,CommonStockDividendsPerShareDeclared,2017,Q2,YTD,2016-09-25,2017-04-01,2017-05-03,10-Q,1.14,USD/shares,0001628280-17-004790,
AAPL,Per Share,Dividends,CommonStockDividendsPerShareDeclared,2018,Q2,YTD,2016-09-25,2017-04-01,2018-05-02,10-Q,1.14,USD/shares,0000320193-18-000070,
AAPL,Per Share,Dividends,CommonStockDividendsPerShareDeclared,2017,Q2,Quarter,2017-01-01,2017-04-01,2017-05-03,10-Q,0.57,USD/shares,0001628280-17-004790,
AAPL,Per Share,Dividends,CommonStockDividendsPerShareDeclared,2018,Q2,Quarter,2017-01-01,2017-04-01,2018-05-02,10-Q,0.57,USD/shares,0000320193-18-000070,CY2017Q1
AAPL,Per Share,Dividends,CommonStockDividendsPerShareDeclared,2018,Q2,YTD,2017-10-01,2018-03-31,2018-05-02,10-Q,1.26,USD/shares,0000320193-18-000070,
AAPL,Per Share,Dividends,CommonStockDividendsPerShareDeclared,2019,Q2,YTD,2017-10-01,2018-03-31,2019-05-01,10-Q,1.26,USD/shares,0000320193-19-000066,
AAPL,Per Share,Dividends,CommonStockDividendsPerShareDeclared,2018,Q2,Quarter,2017-12-31,2018-03-31,2018-05-02,10-Q,0.63,USD/shares,0000320193-18-000070,
AAPL,Per Share,Dividends,CommonStockDividendsPerShareDeclared,2019,Q2,Quarter,2017-12-31,2018-03-31,2019-05-01,10-Q,0.63,USD/shares,0000320193-19-000066,CY2018Q1
AAPL,Per Share,Dividends,CommonStockDividendsPerShareDeclared,2019,Q2,YTD,2018-09-30,2019-03-30,2019-05-01,10-Q,1.46,USD/shares,0000320193-19-000066,
AAPL,Per Share,Dividends,CommonStockDividendsPerShareDeclared,2020,Q2,YTD,2018-09-30,2019-03-30,2020-05-01,10-Q,1.46,USD/shares,0000320193-20-000052,
AAPL,Per Share,Dividends,CommonStockDividendsPerShareDeclared,2019,Q2,Quarter,2018-12-30,2019-03-30,2019-05-01,10-Q,0.73,USD/shares,0000320193-19-000066,
AAPL,Per Share,Dividends,CommonStockDividendsPerShareDeclared,2020,Q2,Quarter,2018-12-30,2019-03-30,2020-05-01,10-Q,0.73,USD/shares,0000320193-20-000052,CY2019Q1
AAPL,Per Share,Dividends,CommonStockDividendsPerShareDeclared,2020,Q2,YTD,2019-09-29,2020-03-28,2020-05-01,10-Q,1.54,USD/shares,0000320193-20-000052,
AAPL,Per Share,Dividends,CommonStockDividendsPerShareDeclared,2021,Q2,YTD,2019-09-29,2020-03-28,2021-04-29,10-Q,0.385,USD/shares,0000320193-21-000056,
AAPL,Per Share,Dividends,CommonStockDividendsPerShareDeclared,2020,Q2,Quarter,2019-12-29,2020-03-28,2020-05-01,10-Q,0.77,USD/shares,0000320193-20-000052,
AAPL,Per Share,Dividends,CommonStockDividendsPerShareDeclared,2021,Q2,Quarter,2019-12-29,2020-03-28,2021-04-29,10-Q,0.1925,USD/shares,0000320193-21-000056,CY2020Q1
AAPL,Per Share,Dividends,CommonStockDividendsPerShareDeclared,2021,Q2,YTD,2020-09-27,2021-03-27,2021-04-29,10-Q,0.41,USD/shares,0000320193-21-000056,
AAPL,Per Share,Dividends,CommonStockDividendsPerShareDeclared,2022,Q2,YTD,2020-09-27,2021-03-27,2022-04-29,10-Q,0.41,USD/shares,0000320193-22-000059,
AAPL,Per Share,Dividends,CommonStockDividendsPerShareDeclared,2021,Q2,Quarter,2020-12-27,2021-03-27,2021-04-29,10-Q,0.205,USD/shares,0000320193-21-000056,
AAPL,Per Share,Dividends,CommonStockDividendsPerShareDeclared,2022,Q2,Quarter,2020-12-27,2021-03-27,2022-04-29,10-Q,0.205,USD/shares,0000320193-22-000059,CY2021Q1
AAPL,Per Share,Dividends,CommonStockDividendsPerShareDeclared,2022,Q2,YTD,2021-09-26,2022-03-26,2022-04-29,10-Q,0.44,USD/shares,0000320193-22-000059,
AAPL,Per Share,Dividends,CommonStockDividendsPerShareDeclared,2023,Q2,YTD,2021-09-26,2022-03-26,2023-05-05,10-Q,0.44,USD/shares,0000320193-23-000064,
AAPL,Per Share,Dividends,CommonStockDividendsPerShareDeclared,2022,Q2,Quarter,2021-12-26,2022-03-26,2022-04-29,10-Q,0.22,USD/shares,0000320193-22-000059,
AAPL,Per Share,Dividends,CommonStockDividendsPerShareDeclared,2023,Q2,Quarter,2021-12-26,2022-03-26,2023-05-05,10-Q,0.22,USD/shares,0000320193-23-000064,CY2022Q1
AAPL,Per Share,Dividends,CommonStockDividendsPerShareDeclared,2023,Q2,YTD,2022-09-25,2023-04-01,2023-05-05,10-Q,0.46,USD/shares,0000320193-23-000064,
AAPL,Per Share,Dividends,CommonStockDividendsPerShareDeclared,2024,Q2,YTD,2022-09-25,2023-04-01,2024-05-03,10-Q,0.46,USD/shares,0000320193-24-000069,
AAPL,Per Share,Dividends,CommonStockDividendsPerShareDeclared,2023,Q2,Quarter,2023-01-01,2023-04-01,2023-05-05,10-Q,0.23,USD/shares,0000320193-23-000064,
AAPL,Per Share,Dividends,CommonStockDividendsPerShareDeclared,2024,Q2,Quarter,2023-01-01,2023-04-01,2024-05-03,10-Q,0.23,USD/shares,0000320193-24-000069,CY2023Q1
AAPL,Per Share,Dividends,CommonStockDividendsPerShareDeclared,2024,Q2,YTD,2023-10-01,2024-03-30,2024-05-03,10-Q,0.48,USD/shares,0000320193-24-000069,
AAPL,Per Share,Dividends,CommonStockDividendsPerShareDeclared,2025,Q2,YTD,2023-10-01,2024-03-30,2025-05-02,10-Q,0.48,USD/shares,0000320193-25-000057,
AAPL,Per Share,Dividends,CommonStockDividendsPerShareDeclared,2024,Q2,Quarter,2023-12-31,2024-03-30,2024-05-03,10-Q,0.24,USD/shares,0000320193-24-000069,
AAPL,Per Share,Dividends,CommonStockDividendsPerShareDeclared,2025,Q2,Quarter,2023-12-31,2024-03-30,2025-05-02,10-Q,0.24,USD/shares,0000320193-25-000057,CY2024Q1
AAPL,Per Share,Dividends,CommonStockDividendsPerShareDeclared,2025,Q2,YTD,2024-09-29,2025-03-29,2025-05-02,10-Q,0.5,USD/shares,0000320193-25-000057,
AAPL,Per Share,Dividends,CommonStockDividendsPerShareDeclared,2026,Q2,YTD,2024-09-29,2025-03-29,2026-05-01,10-Q,0.5,USD/shares,0000320193-26-000013,
AAPL,Per Share,Dividends,CommonStockDividendsPerShareDeclared,2025,Q2,Quarter,2024-12-29,2025-03-29,2025-05-02,10-Q,0.25,USD/shares,0000320193-25-000057,
AAPL,Per Share,Dividends,CommonStockDividendsPerShareDeclared,2026,Q2,Quarter,2024-12-29,2025-03-29,2026-05-01,10-Q,0.25,USD/shares,0000320193-26-000013,CY2025Q1
AAPL,Per Share,Dividends,CommonStockDividendsPerShareDeclared,2026,Q2,YTD,2025-09-28,2026-03-28,2026-05-01,10-Q,0.52,USD/shares,0000320193-26-000013,
AAPL,Per Share,Dividends,CommonStockDividendsPerShareDeclared,2026,Q2,Quarter,2025-12-28,2026-03-28,2026-05-01,10-Q,0.26,USD/shares,0000320193-26-000013,CY2026Q1
AAPL,Per Share,Dividends,CommonStockDividendsPerShareDeclared,2012,Q3,Annual,2011-09-25,2012-06-30,2012-07-25,10-Q,2.65,USD/shares,0001193125-12-314552,
AAPL,Per Share,Dividends,CommonStockDividendsPerShareDeclared,2013,Q3,Annual,2011-09-25,2012-06-30,2013-07-24,10-Q,0,USD/shares,0001193125-13-300670,
AAPL,Per Share,Dividends,CommonStockDividendsPerShareDeclared,2013,Q3,Quarter,2012-04-01,2012-06-30,2013-07-24,10-Q,0,USD/shares,0001193125-13-300670,CY2012Q2
AAPL,Per Share,Dividends,CommonStockDividendsPerShareDeclared,2013,Q3,Quarter,2012-09-30,2012-12-29,2013-07-24,10-Q,2.65,USD/shares,0001193125-13-300670,
AAPL,Per Share,Dividends,CommonStockDividendsPerShareDeclared,2014,Q3,Quarter,2012-09-30,2012-12-29,2014-07-23,10-Q,0.38,USD/shares,0001193125-14-277160,
AAPL,Per Share,Dividends,CommonStockDividendsPerShareDeclared,2013,Q3,Quarter,2012-12-30,2013-03-30,2013-07-24,10-Q,2.65,USD/shares,0001193125-13-300670,
AAPL,Per Share,Dividends,CommonStockDividendsPerShareDeclared,2014,Q3,Quarter,2012-12-30,2013-03-30,2014-07-23,10-Q,0.38,USD/shares,0001193125-14-277160,
AAPL,Per Share,Dividends,CommonStockDividendsPerShareDeclared,2013,Q3,Annual,2012-09-30,2013-06-29,2013-07-24,10-Q,8.35,USD/shares,0001193125-13-300670,
AAPL,Per Share,Dividends,CommonStockDividendsPerShareDeclared,2014,Q3,Annual,2012-09-30,2013-06-29,2014-07-23,10-Q,1.2,USD/shares,0001193125-14-277160,
AAPL,Per Share,Dividends,CommonStockDividendsPerShareDeclared,2013,Q3,Quarter,2013-03-31,2013-06-29,2013-07-24,10-Q,3.05,USD/shares,0001193125-13-300670,
AAPL,Per Share,Dividends,CommonStockDividendsPerShareDeclared,2014,Q3,Quarter,2013-03-31,2013-06-29,2014-07-23,10-Q,0.44,USD/shares,0001193125-14-277160,
AAPL,Per Share,Dividends,CommonStockDividendsPerShareDeclared,2014,Q3,Annual,2012-09-30,2013-09-28,2014-07-23,10-Q,1.64,USD/shares,0001193125-14-277160,
AAPL,Per Share,Dividends,CommonStockDividendsPerShareDeclared,2014,Q3,Quarter,2013-06-30,2013-09-28,2014-07-23,10-Q,0.44,USD/shares,0001193125-14-277160,
AAPL,Per Share,Dividends,CommonStockDividendsPerShareDeclared,2014,Q3,Quarter,2013-09-29,2013-12-28,2014-07-23,10-Q,0.44,USD/shares,0001193125-14-277160,
AAPL,Per Share,Dividends,CommonStockDividendsPerShareDeclared,2015,Q3,Quarter,2013-09-29,2013-12-28,2015-07-22,10-Q,0.44,USD/shares,0001193125-15-259935,
AAPL,Per Share,Dividends,CommonStockDividendsPerShareDeclared,2014,Q3,Quarter,2013-12-29,2014-03-29,2014-07-23,10-Q,0.44,USD/shares,0001193125-14-277160,
AAPL,Per Share,Dividends,CommonStockDividendsPerShareDeclared,2015,Q3,Quarter,2013-12-29,2014-03-29,2015-07-22,10-Q,0.44,USD/shares,0001193125-15-259935,
AAPL,Per Share,Dividends,CommonStockDividendsPerShareDeclared,2014,Q3,Annual,2013-09-29,2014-06-28,2014-07-23,10-Q,1.35,USD/shares,0001193125-14-277160,
AAPL,Per Share,Dividends,CommonStockDividendsPerShareDeclared,2015,Q3,Annual,2013-09-29,2014-06-28,2015-07-22,10-Q,1.35,USD/shares,0001193125-15-259935,
AAPL,Per Share,Dividends,CommonStockDividendsPerShareDeclared,2014,Q3,Quarter,2014-03-30,2014-06-28,2014-07-23,10-Q,0.47,USD/shares,0001193125-14-277160,
AAPL,Per Share,Dividends,CommonStockDividendsPerShareDeclared,2015,Q3,Quarter,2014-03-30,2014-06-28,2015-07-22,10-Q,0.47,USD/shares,0001193125-15-259935,
AAPL,Per Share,Dividends,CommonStockDividendsPerShareDeclared,2015,Q3,Annual,2013-09-29,2014-09-27,2015-07-22,10-Q,1.82,USD/shares,0001193125-15-259935,
AAPL,Per Share,Dividends,CommonStockDividendsPerShareDeclared,2015,Q3,Quarter,2014-06-29,2014-09-27,2015-07-22,10-Q,0.47,USD/shares,0001193125-15-259935,
AAPL,Per Share,Dividends,CommonStockDividendsPerShareDeclared,2015,Q3,Quarter,2014-09-28,2014-12-27,2015-07-22,10-Q,0.47,USD/shares,0001193125-15-259935,
AAPL,Per Share,Dividends,CommonStockDividendsPerShareDeclared,2016,Q3,Quarter,2014-09-28,2014-12-27,2016-07-27,10-Q,0.47,USD/shares,0001628280-16-017809,
AAPL,Per Share,Dividends,CommonStockDividendsPerShareDeclared,2015,Q3,Quarter,2014-12-28,2015-03-28,2015-07-22,10-Q,0.47,USD/shares,0001193125-15-259935,
AAPL,Per Share,Dividends,CommonStockDividendsPerShareDeclared,2016,Q3,Quarter,2014-12-28,2015-03-28,2016-07-27,10-Q,0.47,USD/shares,0001628280-16-017809,
AAPL,Per Share,Dividends,CommonStockDividendsPerShareDeclared,2015,Q3,Annual,2014-09-28,2015-06-27,2015-07-22,10-Q,1.46,USD/shares,0001193125-15-259935,
AAPL,Per Share,Dividends,CommonStockDividendsPerShareDeclared,2016,Q3,Annual,2014-09-28,2015-06-27,2016-07-27,10-Q,1.46,USD/shares,0001628280-16-017809,
AAPL,Per Share,Dividends,CommonStockDividendsPerShareDeclared,2015,Q3,Quarter,2015-03-29,2015-06-27,2015-07-22,10-Q,0.52,USD/shares,0001193125-15-259935,
AAPL,Per Share,Dividends,CommonStockDividendsPerShareDeclared,2016,Q3,Quarter,2015-03-29,2015-06-27,2016-07-27,10-Q,0.52,USD/shares,0001628280-16-017809,
AAPL,Per Share,Dividends,CommonStockDividendsPerShareDeclared,2016,Q3,Annual,2014-09-28,2015-09-26,2016-07-27,10-Q,1.98,USD/shares,0001628280-16-017809,
AAPL,Per Share,Dividends,CommonStockDividendsPerShareDeclared,2016,Q3,Quarter,2015-06-28,2015-09-26,2016-07-27,10-Q,0.52,USD/shares,0001628280-16-017809,
AAPL,Per Share,Dividends,CommonStockDividendsPerShareDeclared,2016,Q3,Quarter,2015-09-27,2015-12-26,2016-07-27,10-Q,0.52,USD/shares,0001628280-16-017809,
AAPL,Per Share,Dividends,CommonStockDividendsPerShareDeclared,2017,Q3,Quarter,2015-09-27,2015-12-26,2017-08-02,10-Q,0.52,USD/shares,0000320193-17-000009,
AAPL,Per Share,Dividends,CommonStockDividendsPerShareDeclared,2016,Q3,Quarter,2015-12-27,2016-03-26,2016-07-27,10-Q,0.52,USD/shares,0001628280-16-017809,
AAPL,Per Share,Dividends,CommonStockDividendsPerShareDeclared,2017,Q3,Quarter,2015-12-27,2016-03-26,2017-08-02,10-Q,0.52,USD/shares,0000320193-17-000009,
AAPL,Per Share,Dividends,CommonStockDividendsPerShareDeclared,2016,Q3,Annual,2015-09-27,2016-06-25,2016-07-27,10-Q,1.61,USD/shares,0001628280-16-017809,
AAPL,Per Share,Dividends,CommonStockDividendsPerShareDeclared,2017,Q3,Annual,2015-09-27,2016-06-25,2017-08-02,10-Q,1.61,USD/shares,0000320193-17-000009,
AAPL,Per Share,Dividends,CommonStockDividendsPerShareDeclared,2016,Q3,Quarter,2016-03-27,2016-06-25,2016-07-27,10-Q,0.57,USD/shares,0001628280-16-017809,
AAPL,Per Share,Dividends,CommonStockDividendsPerShareDeclared,2017,Q3,Quarter,2016-03-27,2016-06-25,2017-08-02,10-Q,0.57,USD/shares,0000320193-17-000009,
AAPL,Per Share,Dividends,CommonStockDividendsPerShareDeclared,2017,Q3,Annual,2015-09-27,2016-09-24,2017-08-02,10-Q,2.18,USD/shares,0000320193-17-000009,
AAPL,Per Share,Dividends,CommonStockDividendsPerShareDeclared,2017,Q3,Quarter,2016-06-26,2016-09-24,2017-08-02,10-Q,0.57,USD/shares,0000320193-17-000009,
AAPL,Per Share,Dividends,CommonStockDividendsPerShareDeclared,2017,Q3,Quarter,2016-09-25,2016-12-31,2017-08-02,10-Q,0.57,USD/shares,0000320193-17-000009,
AAPL,Per Share,Dividends,CommonStockDividendsPerShareDeclared,2017,Q3,Quarter,2017-01-01,2017-04-01,2017-08-02,10-Q,0.57,USD/shares,0000320193-17-000009,
AAPL,Per Share,Dividends,CommonStockDividendsPerShareDeclared,2017,Q3,Annual,2016-09-25,2017-07-01,2017-08-02,10-Q,1.77,USD/shares,0000320193-17-000009,
AAPL,Per Share,Dividends,CommonStockDividendsPerShareDeclared,2018,Q3,Annual,2016-09-25,2017-07-01,2018-08-01,10-Q,1.77,USD/shares,0000320193-18-000100,
AAPL,Per Share,Dividends,CommonStockDividendsPerShareDeclared,2017,Q3,Quarter,2017-04-02,2017-07-01,2017-08-02,10-Q,0.63,USD/shares,0000320193-17-000009,
AAPL,Per Share,Dividends,CommonStockDividendsPerShareDeclared,2018,Q3,Quarter,2017-04-02,2017-07-01,2018-08-01,10-Q,0.63,USD/shares,0000320193-18-000100,CY2017Q2
AAPL,Per Share,Dividends,CommonStockDividendsPerShareDeclared,2018,Q3,Annual,2017-10-01,2018-06-30,2018-08-01,10-Q,1.99,USD/shares,0000320193-18-000100,
AAPL,Per Share,Dividends,CommonStockDividendsPerShareDeclared,2019,Q3,Annual,2017-10-01,2018-06-30,2019-07-31,10-Q,1.99,USD/shares,0000320193-19-000076,
AAPL,Per Share,Dividends,CommonStockDividendsPerShareDeclared,2018,Q3,Quarter,2018-04-01,2018-06-30,2018-08-01,10-Q,0.73,USD/shares,0000320193-18-000100,
AAPL,Per Share,Dividends,CommonStockDividendsPerShareDeclared,2019,Q3,Quarter,2018-04-01,2018-06-30,2019-07-31,10-Q,0.73,USD/shares,0000320193-19-000076,CY2018Q2
AAPL,Per Share,Dividends,CommonStockDividendsPerShareDeclared,2019,Q3,Annual,2018-09-30,2019-06-29,2019-07-31,10-Q,2.23,USD/shares,0000320193-19-000076,
AAPL,Per Share,Dividends,CommonStockDividendsPerShareDeclared,2020,Q3,Annual,2018-09-30,2019-06-29,2020-07-31,10-Q,2.23,USD/shares,0000320193-20-000062,
AAPL,Per Share,Dividends,CommonStockDividendsPerShareDeclared,2019,Q3,Quarter,2019-03-31,2019-06-29,2019-07-31,10-Q,0.77,USD/shares,0000320193-19-000076,
AAPL,Per Share,Dividends,CommonStockDividendsPerShareDeclared,2020,Q3,Quarter,2019-03-31,2019-06-29,2020-07-31,10-Q,0.77,USD/shares,0000320193-20-000062,CY2019Q2
AAPL,Per Share,Dividends,CommonStockDividendsPerShareDeclared,2020,Q3,Annual,2019-09-29,2020-06-27,2020-07-31,10-Q,2.36,USD/shares,0000320193-20-000062,
AAPL,Per Share,Dividends,CommonStockDividendsPerShareDeclared,2021,Q3,Annual,2019-09-29,2020-06-27,2021-07-28,10-Q,0.59,USD/shares,0000320193-21-000065,
AAPL,Per Share,Dividends,CommonStockDividendsPerShareDeclared,2020,Q3,Quarter,2020-03-29,2020-06-27,2020-07-31,10-Q,0.82,USD/shares,0000320193-20-000062,
AAPL,Per Share,Dividends,CommonStockDividendsPerShareDeclared,2021,Q3,Quarter,2020-03-29,2020-06-27,2021-07-28,10-Q,0.205,USD/shares,0000320193-21-000065,CY2020Q2
AAPL,Per Share,Dividends,CommonStockDividendsPerShareDeclared,2021,Q3,Annual,2020-09-27,2021-06-26,2021-07-28,10-Q,0.63,USD/shares,0000320193-21-000065,
AAPL,Per Share,Dividends,CommonStockDividendsPerShareDeclared,2022,Q3,Annual,2020-09-27,2021-06-26,2022-07-29,10-Q,0.63,USD/shares,0000320193-22-000070,
AAPL,Per Share,Dividends,CommonStockDividendsPerShareDeclared,2021,Q3,Quarter,2021-03-28,2021-06-26,2021-07-28,10-Q,0.22,USD/shares,0000320193-21-000065,
AAPL,Per Share,Dividends,CommonStockDividendsPerShareDeclared,2022,Q3,Quarter,2021-03-28,2021-06-26,2022-07-29,10-Q,0.22,USD/shares,0000320193-22-000070,CY2021Q2
AAPL,Per Share,Dividends,CommonStockDividendsPerShareDeclared,2022,Q3,Annual,2021-09-26,2022-06-25,2022-07-29,10-Q,0.67,USD/shares,0000320193-22-000070,
AAPL,Per Share,Dividends,CommonStockDividendsPerShareDeclared,2023,Q3,Annual,2021-09-26,2022-06-25,2023-08-04,10-Q,0.67,USD/shares,0000320193-23-000077,
AAPL,Per Share,Dividends,CommonStockDividendsPerShareDeclared,2022,Q3,Quarter,2022-03-27,2022-06-25,2022-07-29,10-Q,0.23,USD/shares,0000320193-22-000070,
AAPL,Per Share,Dividends,CommonStockDividendsPerShareDeclared,2023,Q3,Quarter,2022-03-27,2022-06-25,2023-08-04,10-Q,0.23,USD/shares,0000320193-23-000077,CY2022Q2
AAPL,Per Share,Dividends,CommonStockDividendsPerShareDeclared,2023,Q3,Annual,2022-09-25,2023-07-01,2023-08-04,10-Q,0.7,USD/shares,0000320193-23-000077,
AAPL,Per Share,Dividends,CommonStockDividendsPerShareDeclared,2024,Q3,Annual,2022-09-25,2023-07-01,2024-08-02,10-Q,0.7,USD/shares,0000320193-24-000081,
AAPL,Per Share,Dividends,CommonStockDividendsPerShareDeclared,2023,Q3,Quarter,2023-04-02,2023-07-01,2023-08-04,10-Q,0.24,USD/shares,0000320193-23-000077,
AAPL,Per Share,Dividends,CommonStockDividendsPerShareDeclared,2024,Q3,Quarter,2023-04-02,2023-07-01,2024-08-02,10-Q,0.24,USD/shares,0000320193-24-000081,CY2023Q2
AAPL,Per Share,Dividends,CommonStockDividendsPerShareDeclared,2024,Q3,Annual,2023-10-01,2024-06-29,2024-08-02,10-Q,0.73,USD/shares,0000320193-24-000081,
AAPL,Per Share,Dividends,CommonStockDividendsPerShareDeclared,2025,Q3,Annual,2023-10-01,2024-06-29,2025-08-01,10-Q,0.73,USD/shares,0000320193-25-000073,
AAPL,Per Share,Dividends,CommonStockDividendsPerShareDeclared,2024,Q3,Quarter,2024-03-31,2024-06-29,2024-08-02,10-Q,0.25,USD/shares,0000320193-24-000081,
AAPL,Per Share,Dividends,CommonStockDividendsPerShareDeclared,2025,Q3,Quarter,2024-03-31,2024-06-29,2025-08-01,10-Q,0.25,USD/shares,0000320193-25-000073,CY2024Q2
AAPL,Per Share,Dividends,CommonStockDividendsPerShareDeclared,2025,Q3,Annual,2024-09-29,2025-06-28,2025-08-01,10-Q,0.76,USD/shares,0000320193-25-000073,
AAPL,Per Share,Dividends,CommonStockDividendsPerShareDeclared,2026,Q3,Annual,2024-09-29,2025-06-28,2026-07-31,10-Q,0.76,USD/shares,0000320193-26-000020,
AAPL,Per Share,Dividends,CommonStockDividendsPerShareDeclared,2025,Q3,Quarter,2025-03-30,2025-06-28,2025-08-01,10-Q,0.26,USD/shares,0000320193-25-000073,
AAPL,Per Share,Dividends,CommonStockDividendsPerShareDeclared,2026,Q3,Quarter,2025-03-30,2025-06-28,2026-07-31,10-Q,0.26,USD/shares,0000320193-26-000020,CY2025Q2
AAPL,Per Share,Dividends,CommonStockDividendsPerShareDeclared,2026,Q3,Annual,2025-09-28,2026-06-27,2026-07-31,10-Q,0.79,USD/shares,0000320193-26-000020,
AAPL,Per Share,Dividends,CommonStockDividendsPerShareDeclared,2026,Q3,Quarter,2026-03-29,2026-06-27,2026-07-31,10-Q,0.27,USD/shares,0000320193-26-000020,CY2026Q2
